date,id,value
1947-03-01,l_bls_nfb,115.996
1947-06-01,l_bls_nfb,114.395
1947-09-01,l_bls_nfb,116.239
1947-12-01,l_bls_nfb,114.62
1948-03-01,l_bls_nfb,114.793
1948-06-01,l_bls_nfb,114.747
1948-09-01,l_bls_nfb,114.742
1948-12-01,l_bls_nfb,113.804
1949-03-01,l_bls_nfb,114.109
1949-06-01,l_bls_nfb,114.314
1949-09-01,l_bls_nfb,112.159
1949-12-01,l_bls_nfb,112.792
1950-03-01,l_bls_nfb,111.495
1950-06-01,l_bls_nfb,112.161
1950-09-01,l_bls_nfb,110.734
1950-12-01,l_bls_nfb,111.037
1951-03-01,l_bls_nfb,110.475
1951-06-01,l_bls_nfb,111.77
1951-09-01,l_bls_nfb,109.834
1951-12-01,l_bls_nfb,110.905
1952-03-01,l_bls_nfb,111.412
1952-06-01,l_bls_nfb,112.321
1952-09-01,l_bls_nfb,113.002
1952-12-01,l_bls_nfb,112.693
1953-03-01,l_bls_nfb,112.904
1953-06-01,l_bls_nfb,113.209
1953-09-01,l_bls_nfb,113.504
1953-12-01,l_bls_nfb,114.886
1954-03-01,l_bls_nfb,115.233
1954-06-01,l_bls_nfb,114.401
1954-09-01,l_bls_nfb,113.412
1954-12-01,l_bls_nfb,112.749
1955-03-01,l_bls_nfb,110.848
1955-06-01,l_bls_nfb,111.038
1955-09-01,l_bls_nfb,111.466
1955-12-01,l_bls_nfb,111.784
1956-03-01,l_bls_nfb,113.848
1956-06-01,l_bls_nfb,114.78
1956-09-01,l_bls_nfb,115.087
1956-12-01,l_bls_nfb,115.106
1957-03-01,l_bls_nfb,114.107
1957-06-01,l_bls_nfb,114.999
1957-09-01,l_bls_nfb,114.313
1957-12-01,l_bls_nfb,115.181
1958-03-01,l_bls_nfb,116.379
1958-06-01,l_bls_nfb,115.039
1958-09-01,l_bls_nfb,114.94
1958-12-01,l_bls_nfb,112.982
1959-03-01,l_bls_nfb,113.424
1959-06-01,l_bls_nfb,113.039
1959-09-01,l_bls_nfb,113.081
1959-12-01,l_bls_nfb,113.952
1960-03-01,l_bls_nfb,113.619
1960-06-01,l_bls_nfb,115.916
1960-09-01,l_bls_nfb,115.455
1960-12-01,l_bls_nfb,117.123
1961-03-01,l_bls_nfb,116.542
1961-06-01,l_bls_nfb,114.929
1961-09-01,l_bls_nfb,113.77
1961-12-01,l_bls_nfb,113.586
1962-03-01,l_bls_nfb,113.026
1962-06-01,l_bls_nfb,113.834
1962-09-01,l_bls_nfb,112.626
1962-12-01,l_bls_nfb,112.89
1963-03-01,l_bls_nfb,113.071
1963-06-01,l_bls_nfb,112.738
1963-09-01,l_bls_nfb,111.191
1963-12-01,l_bls_nfb,111.846
1964-03-01,l_bls_nfb,110.518
1964-06-01,l_bls_nfb,110.812
1964-09-01,l_bls_nfb,110.589
1964-12-01,l_bls_nfb,112.116
1965-03-01,l_bls_nfb,110.624
1965-06-01,l_bls_nfb,110.69
1965-09-01,l_bls_nfb,109.183
1965-12-01,l_bls_nfb,108.519
1966-03-01,l_bls_nfb,108.609
1966-06-01,l_bls_nfb,109.958
1966-09-01,l_bls_nfb,110.34
1966-12-01,l_bls_nfb,109.866
1967-03-01,l_bls_nfb,109.937
1967-06-01,l_bls_nfb,110.685
1967-09-01,l_bls_nfb,110.659
1967-12-01,l_bls_nfb,110.784
1968-03-01,l_bls_nfb,110.125
1968-06-01,l_bls_nfb,109.682
1968-09-01,l_bls_nfb,110.716
1968-12-01,l_bls_nfb,111.648
1969-03-01,l_bls_nfb,110.962
1969-06-01,l_bls_nfb,112.424
1969-09-01,l_bls_nfb,113.187
1969-12-01,l_bls_nfb,114.771
1970-03-01,l_bls_nfb,115.245
1970-06-01,l_bls_nfb,113.7
1970-09-01,l_bls_nfb,113.18
1970-12-01,l_bls_nfb,113.699
1971-03-01,l_bls_nfb,111.541
1971-06-01,l_bls_nfb,111.502
1971-09-01,l_bls_nfb,110.939
1971-12-01,l_bls_nfb,112.253
1972-03-01,l_bls_nfb,112.234
1972-06-01,l_bls_nfb,110.916
1972-09-01,l_bls_nfb,111.069
1972-12-01,l_bls_nfb,111.527
1973-03-01,l_bls_nfb,111.289
1973-06-01,l_bls_nfb,111.56
1973-09-01,l_bls_nfb,113.108
1973-12-01,l_bls_nfb,113.45
1974-03-01,l_bls_nfb,113.742
1974-06-01,l_bls_nfb,112.917
1974-09-01,l_bls_nfb,113.927
1974-12-01,l_bls_nfb,112.602
1975-03-01,l_bls_nfb,111.474
1975-06-01,l_bls_nfb,110.375
1975-09-01,l_bls_nfb,109.301
1975-12-01,l_bls_nfb,109.402
1976-03-01,l_bls_nfb,108.64
1976-06-01,l_bls_nfb,108.462
1976-09-01,l_bls_nfb,108.961
1976-12-01,l_bls_nfb,108.957
1977-03-01,l_bls_nfb,108.784
1977-06-01,l_bls_nfb,108.779
1977-09-01,l_bls_nfb,108.324
1977-12-01,l_bls_nfb,109.712
1978-03-01,l_bls_nfb,111.254
1978-06-01,l_bls_nfb,108.998
1978-09-01,l_bls_nfb,108.946
1978-12-01,l_bls_nfb,108.758
1979-03-01,l_bls_nfb,110.772
1979-06-01,l_bls_nfb,110.435
1979-09-01,l_bls_nfb,110.708
1979-12-01,l_bls_nfb,111.472
1980-03-01,l_bls_nfb,111.222
1980-06-01,l_bls_nfb,112.24
1980-09-01,l_bls_nfb,112.849
1980-12-01,l_bls_nfb,112.24
1981-03-01,l_bls_nfb,109.901
1981-06-01,l_bls_nfb,111.008
1981-09-01,l_bls_nfb,110.118
1981-12-01,l_bls_nfb,111.09
1982-03-01,l_bls_nfb,113.136
1982-06-01,l_bls_nfb,112.536
1982-09-01,l_bls_nfb,112.698
1982-12-01,l_bls_nfb,112.145
1983-03-01,l_bls_nfb,111.36
1983-06-01,l_bls_nfb,109.523
1983-09-01,l_bls_nfb,108.027
1983-12-01,l_bls_nfb,108.1
1984-03-01,l_bls_nfb,108.616
1984-06-01,l_bls_nfb,108.167
1984-09-01,l_bls_nfb,108.352
1984-12-01,l_bls_nfb,108.545
1985-03-01,l_bls_nfb,108.367
1985-06-01,l_bls_nfb,108.403
1985-09-01,l_bls_nfb,107.834
1985-12-01,l_bls_nfb,109.192
1986-03-01,l_bls_nfb,108.895
1986-06-01,l_bls_nfb,109.212
1986-09-01,l_bls_nfb,109.951
1986-12-01,l_bls_nfb,111.226
1987-03-01,l_bls_nfb,111.588
1987-06-01,l_bls_nfb,111.035
1987-09-01,l_bls_nfb,111.278
1987-12-01,l_bls_nfb,111.148
1988-03-01,l_bls_nfb,111.922
1988-06-01,l_bls_nfb,111.969
1988-09-01,l_bls_nfb,111.745
1988-12-01,l_bls_nfb,111.038
1989-03-01,l_bls_nfb,110.723
1989-06-01,l_bls_nfb,109.476
1989-09-01,l_bls_nfb,109.166
1989-12-01,l_bls_nfb,110.149
1990-03-01,l_bls_nfb,110.182
1990-06-01,l_bls_nfb,110.469
1990-09-01,l_bls_nfb,110.63
1990-12-01,l_bls_nfb,111.612
1991-03-01,l_bls_nfb,110.903
1991-06-01,l_bls_nfb,110.64
1991-09-01,l_bls_nfb,110.287
1991-12-01,l_bls_nfb,110.855
1992-03-01,l_bls_nfb,111.299
1992-06-01,l_bls_nfb,110.934
1992-09-01,l_bls_nfb,110.669
1992-12-01,l_bls_nfb,109.764
1993-03-01,l_bls_nfb,109.14
1993-06-01,l_bls_nfb,109.978
1993-09-01,l_bls_nfb,109.225
1993-12-01,l_bls_nfb,108.995
1994-03-01,l_bls_nfb,107.681
1994-06-01,l_bls_nfb,107.989
1994-09-01,l_bls_nfb,107.897
1994-12-01,l_bls_nfb,107.053
1995-03-01,l_bls_nfb,107.167
1995-06-01,l_bls_nfb,107.095
1995-09-01,l_bls_nfb,107.337
1995-12-01,l_bls_nfb,107.354
1996-03-01,l_bls_nfb,107.51
1996-06-01,l_bls_nfb,107.042
1996-09-01,l_bls_nfb,107.093
1996-12-01,l_bls_nfb,107.067
1997-03-01,l_bls_nfb,107.891
1997-06-01,l_bls_nfb,106.938
1997-09-01,l_bls_nfb,106.75
1997-12-01,l_bls_nfb,107.901
1998-03-01,l_bls_nfb,109.022
1998-06-01,l_bls_nfb,109.741
1998-09-01,l_bls_nfb,109.706
1998-12-01,l_bls_nfb,109.539
1999-03-01,l_bls_nfb,109.9
1999-06-01,l_bls_nfb,109.622
1999-09-01,l_bls_nfb,109.221
1999-12-01,l_bls_nfb,109.266
2000-03-01,l_bls_nfb,112.828
2000-06-01,l_bls_nfb,110.473
2000-09-01,l_bls_nfb,112.021
2000-12-01,l_bls_nfb,111.152
2001-03-01,l_bls_nfb,113.626
2001-06-01,l_bls_nfb,111.694
2001-09-01,l_bls_nfb,111.072
2001-12-01,l_bls_nfb,110.498
2002-03-01,l_bls_nfb,108.749
2002-06-01,l_bls_nfb,109.038
2002-09-01,l_bls_nfb,108.494
2002-12-01,l_bls_nfb,108.462
2003-03-01,l_bls_nfb,107.592
2003-06-01,l_bls_nfb,107.826
2003-09-01,l_bls_nfb,106.741
2003-12-01,l_bls_nfb,106.88
2004-03-01,l_bls_nfb,105.994
2004-06-01,l_bls_nfb,106.388
2004-09-01,l_bls_nfb,107.154
2004-12-01,l_bls_nfb,106.095
2005-03-01,l_bls_nfb,104.707
2005-06-01,l_bls_nfb,104.688
2005-09-01,l_bls_nfb,104.315
2005-12-01,l_bls_nfb,103.982
2006-03-01,l_bls_nfb,104.602
2006-06-01,l_bls_nfb,103.952
2006-09-01,l_bls_nfb,103.934
2006-12-01,l_bls_nfb,104.823
2007-03-01,l_bls_nfb,106.073
2007-06-01,l_bls_nfb,104.952
2007-09-01,l_bls_nfb,104.096
2007-12-01,l_bls_nfb,104.334
2008-03-01,l_bls_nfb,105.77
2008-06-01,l_bls_nfb,104.3
2008-09-01,l_bls_nfb,104.231
2008-12-01,l_bls_nfb,106.13
2009-03-01,l_bls_nfb,102.041
2009-06-01,l_bls_nfb,102.951
2009-09-01,l_bls_nfb,102.03
2009-12-01,l_bls_nfb,100.997
2010-03-01,l_bls_nfb,99.433
2010-06-01,l_bls_nfb,99.828
2010-09-01,l_bls_nfb,99.616
2010-12-01,l_bls_nfb,99.121
2011-03-01,l_bls_nfb,101.255
2011-06-01,l_bls_nfb,99.687
2011-09-01,l_bls_nfb,100.104
2011-12-01,l_bls_nfb,97.84
2012-03-01,l_bls_nfb,99.258
2012-06-01,l_bls_nfb,98.803
2012-09-01,l_bls_nfb,98.591
2012-12-01,l_bls_nfb,101.167
2013-03-01,l_bls_nfb,98.992
2013-06-01,l_bls_nfb,99.71
2013-09-01,l_bls_nfb,98.29
2013-12-01,l_bls_nfb,97.562
2014-03-01,l_bls_nfb,99.981
2014-06-01,l_bls_nfb,98.313
2014-09-01,l_bls_nfb,97.572
2014-12-01,l_bls_nfb,99.037
2015-03-01,l_bls_nfb,99.693
2015-06-01,l_bls_nfb,99.533
2015-09-01,l_bls_nfb,99.681
2015-12-01,l_bls_nfb,100.174
2016-03-01,l_bls_nfb,99.909
2016-06-01,l_bls_nfb,99.458
2016-09-01,l_bls_nfb,99.306
2016-12-01,l_bls_nfb,99.274
2017-03-01,l_bls_nfb,99.721
2017-06-01,l_bls_nfb,100.101
2017-09-01,l_bls_nfb,100.062
2017-12-01,l_bls_nfb,100.128
2018-03-01,l_bls_nfb,99.831
2018-06-01,l_bls_nfb,99.597
2018-09-01,l_bls_nfb,99.866
2018-12-01,l_bls_nfb,100.051
2019-03-01,l_bls_nfb,101.342
2019-06-01,l_bls_nfb,100.152
2019-09-01,l_bls_nfb,98.947
2019-12-01,l_bls_nfb,99.588
2020-03-01,l_bls_nfb,102.159
2020-06-01,l_bls_nfb,104.195
2020-09-01,l_bls_nfb,100.005
2020-12-01,l_bls_nfb,102.798
2021-03-01,l_bls_nfb,100.601
2021-06-01,l_bls_nfb,100.417
2021-09-01,l_bls_nfb,100.748
2021-12-01,l_bls_nfb,99.573
2022-03-01,l_bls_nfb,99.12
2022-06-01,l_bls_nfb,97.499
2022-09-01,l_bls_nfb,98.166
2022-12-01,l_bls_nfb,96.9
2023-03-01,l_bls_nfb,96.555
2023-06-01,l_bls_nfb,96.709
2023-09-01,l_bls_nfb,96.251
2023-12-01,l_bls_nfb,96.224
2024-03-01,l_bls_nfb,96.882
2024-06-01,l_bls_nfb,96.602
2024-09-01,l_bls_nfb,96.657
2024-12-01,l_bls_nfb,96.94
2025-03-01,l_bls_nfb,97.871
2025-06-01,l_bls_nfb,96.723
2025-09-01,l_bls_nfb,95.999
2025-12-01,l_bls_nfb,95.727
2026-03-01,l_bls_nfb,94.843
2026-06-01,l_bls_nfb,93.446
1947-03-01,l_corp_gross,65.45117939732549
1947-06-01,l_corp_gross,64.00089000492682
1947-09-01,l_corp_gross,64.28754494831429
1947-12-01,l_corp_gross,64.00678485608219
1948-03-01,l_corp_gross,62.837012615690895
1948-06-01,l_corp_gross,61.95380020554701
1948-09-01,l_corp_gross,62.71424024703229
1948-12-01,l_corp_gross,62.02168665057284
1949-03-01,l_corp_gross,62.11430909834947
1949-06-01,l_corp_gross,62.38879424569374
1949-09-01,l_corp_gross,61.41082309633699
1949-12-01,l_corp_gross,62.44502952085112
1950-03-01,l_corp_gross,61.78263181576472
1950-06-01,l_corp_gross,61.10245074237817
1950-09-01,l_corp_gross,60.33515573522341
1950-12-01,l_corp_gross,60.36053871520609
1951-03-01,l_corp_gross,61.15395601256784
1951-06-01,l_corp_gross,62.03587366231966
1951-09-01,l_corp_gross,61.857063189052376
1951-12-01,l_corp_gross,61.57539005748215
1952-03-01,l_corp_gross,62.6953543698204
1952-06-01,l_corp_gross,63.116088971074944
1952-09-01,l_corp_gross,63.43782037341949
1952-12-01,l_corp_gross,63.05261363913033
1953-03-01,l_corp_gross,63.06503701022187
1953-06-01,l_corp_gross,63.575135150421126
1953-09-01,l_corp_gross,63.811368898549354
1953-12-01,l_corp_gross,65.8190183897967
1954-03-01,l_corp_gross,64.82178437015719
1954-06-01,l_corp_gross,64.24196093420755
1954-09-01,l_corp_gross,63.629180421641486
1954-12-01,l_corp_gross,63.00569114435492
1955-03-01,l_corp_gross,61.80578211379207
1955-06-01,l_corp_gross,61.88246403617824
1955-09-01,l_corp_gross,62.22248630203846
1955-12-01,l_corp_gross,62.295325866842994
1956-03-01,l_corp_gross,63.08009695796437
1956-06-01,l_corp_gross,63.22544755332143
1956-09-01,l_corp_gross,63.29540195030084
1956-12-01,l_corp_gross,63.41580777350056
1957-03-01,l_corp_gross,63.14449395289625
1957-06-01,l_corp_gross,63.42859102182634
1957-09-01,l_corp_gross,63.643193770917286
1957-12-01,l_corp_gross,64.3223318413431
1958-03-01,l_corp_gross,64.86252782270333
1958-06-01,l_corp_gross,64.21653518055288
1958-09-01,l_corp_gross,63.63815904118342
1958-12-01,l_corp_gross,62.762566892482845
1959-03-01,l_corp_gross,62.49557085028937
1959-06-01,l_corp_gross,62.17851428100513
1959-09-01,l_corp_gross,63.08376291795426
1959-12-01,l_corp_gross,63.120842324833006
1960-03-01,l_corp_gross,62.929188278480424
1960-06-01,l_corp_gross,63.780565766341695
1960-09-01,l_corp_gross,63.71322646894087
1960-12-01,l_corp_gross,63.93855867316889
1961-03-01,l_corp_gross,64.06042238976221
1961-06-01,l_corp_gross,63.441611936575455
1961-09-01,l_corp_gross,63.20664252795782
1961-12-01,l_corp_gross,62.7161474987427
1962-03-01,l_corp_gross,62.786421887434486
1962-06-01,l_corp_gross,63.11276604037188
1962-09-01,l_corp_gross,62.81777565164495
1962-12-01,l_corp_gross,62.51542311721569
1963-03-01,l_corp_gross,62.552781175793335
1963-06-01,l_corp_gross,62.23522052981252
1963-09-01,l_corp_gross,62.2131508961478
1963-12-01,l_corp_gross,62.241309217508984
1964-03-01,l_corp_gross,61.77318731178158
1964-06-01,l_corp_gross,61.9394047164532
1964-09-01,l_corp_gross,61.969507149243825
1964-12-01,l_corp_gross,62.17337896381072
1965-03-01,l_corp_gross,61.343189697628716
1965-06-01,l_corp_gross,61.29428816064518
1965-09-01,l_corp_gross,61.385985361060236
1965-12-01,l_corp_gross,61.26223489638794
1966-03-01,l_corp_gross,61.24545552874799
1966-06-01,l_corp_gross,61.885160664147804
1966-09-01,l_corp_gross,62.458159910741145
1966-12-01,l_corp_gross,62.52190757310211
1967-03-01,l_corp_gross,62.78946688503002
1967-06-01,l_corp_gross,62.84575593941334
1967-09-01,l_corp_gross,62.92698239112164
1967-12-01,l_corp_gross,62.61261527956219
1968-03-01,l_corp_gross,62.888736242651234
1968-06-01,l_corp_gross,62.635031870876354
1968-09-01,l_corp_gross,62.72902955278846
1968-12-01,l_corp_gross,62.7567291632946
1969-03-01,l_corp_gross,63.09733761312933
1969-06-01,l_corp_gross,63.614304677289354
1969-09-01,l_corp_gross,64.11718357082984
1969-12-01,l_corp_gross,64.74927355129284
1970-03-01,l_corp_gross,65.47562726691733
1970-06-01,l_corp_gross,64.8728248508995
1970-09-01,l_corp_gross,64.81281450913936
1970-12-01,l_corp_gross,64.93145218846918
1971-03-01,l_corp_gross,63.990160506351174
1971-06-01,l_corp_gross,63.96371208614254
1971-09-01,l_corp_gross,63.70777525377262
1971-12-01,l_corp_gross,63.542444427460275
1972-03-01,l_corp_gross,63.95232230326382
1972-06-01,l_corp_gross,64.0846435703069
1972-09-01,l_corp_gross,63.86608272031165
1972-12-01,l_corp_gross,63.628590769762575
1973-03-01,l_corp_gross,63.77183385520806
1973-06-01,l_corp_gross,64.22200039040204
1973-09-01,l_corp_gross,64.32019103749619
1973-12-01,l_corp_gross,64.22257220813647
1974-03-01,l_corp_gross,64.78857707987036
1974-06-01,l_corp_gross,64.80772128508323
1974-09-01,l_corp_gross,65.06543196184984
1974-12-01,l_corp_gross,64.92457817698812
1975-03-01,l_corp_gross,64.19033500301501
1975-06-01,l_corp_gross,63.16443074979947
1975-09-01,l_corp_gross,62.22580933171541
1975-12-01,l_corp_gross,62.333046695646
1976-03-01,l_corp_gross,62.22462133662786
1976-06-01,l_corp_gross,62.728384107082505
1976-09-01,l_corp_gross,62.94724003332708
1976-12-01,l_corp_gross,63.25290980714433
1977-03-01,l_corp_gross,63.2259404203695
1977-06-01,l_corp_gross,62.59230008735892
1977-09-01,l_corp_gross,62.12223255784471
1977-12-01,l_corp_gross,62.55495650745487
1978-03-01,l_corp_gross,63.35380122050281
1978-06-01,l_corp_gross,62.382642022801384
1978-09-01,l_corp_gross,62.9126475859622
1978-12-01,l_corp_gross,62.90844046590576
1979-03-01,l_corp_gross,63.75052585766808
1979-06-01,l_corp_gross,63.96720134764179
1979-09-01,l_corp_gross,64.42525739276567
1979-12-01,l_corp_gross,64.65471800836447
1980-03-01,l_corp_gross,64.87878152010047
1980-06-01,l_corp_gross,65.49159663357989
1980-09-01,l_corp_gross,64.771302321053
1980-12-01,l_corp_gross,63.86287524816011
1981-03-01,l_corp_gross,63.52170171474901
1981-06-01,l_corp_gross,63.25100039231071
1981-09-01,l_corp_gross,62.62142979803787
1981-12-01,l_corp_gross,62.932961371749236
1982-03-01,l_corp_gross,63.4277845687845
1982-06-01,l_corp_gross,62.98128929461305
1982-09-01,l_corp_gross,63.018691414291794
1982-12-01,l_corp_gross,63.25420303007089
1983-03-01,l_corp_gross,62.8861951363104
1983-06-01,l_corp_gross,62.29303879750304
1983-09-01,l_corp_gross,62.03985485510052
1983-12-01,l_corp_gross,61.942227544151535
1984-03-01,l_corp_gross,61.35587892042818
1984-06-01,l_corp_gross,61.54902119786383
1984-09-01,l_corp_gross,61.87884269841464
1984-12-01,l_corp_gross,61.806376858877634
1985-03-01,l_corp_gross,61.87470550893955
1985-06-01,l_corp_gross,61.99065122463841
1985-09-01,l_corp_gross,61.82074224170778
1985-12-01,l_corp_gross,62.760694977869335
1986-03-01,l_corp_gross,63.01473757686852
1986-06-01,l_corp_gross,63.484376406889844
1986-09-01,l_corp_gross,63.96692475159403
1986-12-01,l_corp_gross,64.19134364876521
1987-03-01,l_corp_gross,64.21922376222327
1987-06-01,l_corp_gross,63.7213756642933
1987-09-01,l_corp_gross,63.44877953268917
1987-12-01,l_corp_gross,63.90080396200402
1988-03-01,l_corp_gross,63.81935779457181
1988-06-01,l_corp_gross,63.84284776154137
1988-09-01,l_corp_gross,63.79828885331974
1988-12-01,l_corp_gross,63.41923113718742
1989-03-01,l_corp_gross,63.63227881798407
1989-06-01,l_corp_gross,63.67129614352882
1989-09-01,l_corp_gross,63.69101588560163
1989-12-01,l_corp_gross,64.32623666513473
1990-03-01,l_corp_gross,64.26228107296271
1990-06-01,l_corp_gross,64.15702077878029
1990-09-01,l_corp_gross,64.67631145370055
1990-12-01,l_corp_gross,64.7264621915396
1991-03-01,l_corp_gross,63.7843127200629
1991-06-01,l_corp_gross,63.92779067599858
1991-09-01,l_corp_gross,64.12838296547073
1991-12-01,l_corp_gross,64.46737252233319
1992-03-01,l_corp_gross,64.45978771824441
1992-06-01,l_corp_gross,64.66957638797143
1992-09-01,l_corp_gross,64.92880405169645
1992-12-01,l_corp_gross,64.65016638684791
1993-03-01,l_corp_gross,64.73658655332811
1993-06-01,l_corp_gross,64.34048650323169
1993-09-01,l_corp_gross,64.26497639905368
1993-12-01,l_corp_gross,63.481413581277366
1994-03-01,l_corp_gross,63.240823196089075
1994-06-01,l_corp_gross,63.19826557601224
1994-09-01,l_corp_gross,62.738342579027574
1994-12-01,l_corp_gross,62.5304496926053
1995-03-01,l_corp_gross,62.70381422955637
1995-06-01,l_corp_gross,62.508878791012336
1995-09-01,l_corp_gross,61.9742728317567
1995-12-01,l_corp_gross,62.07268608071574
1996-03-01,l_corp_gross,61.81977980993859
1996-06-01,l_corp_gross,61.85984674759512
1996-09-01,l_corp_gross,61.98879844970111
1996-12-01,l_corp_gross,62.00524135737548
1997-03-01,l_corp_gross,61.90577589674475
1997-06-01,l_corp_gross,61.83865860721849
1997-09-01,l_corp_gross,61.50558652611696
1997-12-01,l_corp_gross,61.809665931215655
1998-03-01,l_corp_gross,62.700190466221684
1998-06-01,l_corp_gross,62.916096406782806
1998-09-01,l_corp_gross,62.908086397831305
1998-12-01,l_corp_gross,63.35802615895095
1999-03-01,l_corp_gross,63.31244246325939
1999-06-01,l_corp_gross,63.368520179964996
1999-09-01,l_corp_gross,63.52553632646886
1999-12-01,l_corp_gross,63.78227805929075
2000-03-01,l_corp_gross,64.2279790823135
2000-06-01,l_corp_gross,64.12773561285245
2000-09-01,l_corp_gross,64.58081184247277
2000-12-01,l_corp_gross,65.02075849718636
2001-03-01,l_corp_gross,64.922917171659
2001-06-01,l_corp_gross,64.5651073049409
2001-09-01,l_corp_gross,64.58608526277949
2001-12-01,l_corp_gross,64.7725433638007
2002-03-01,l_corp_gross,63.47519780763639
2002-06-01,l_corp_gross,63.35059172775079
2002-09-01,l_corp_gross,63.09874367204996
2002-12-01,l_corp_gross,62.388140486397745
2003-03-01,l_corp_gross,61.91430355165285
2003-06-01,l_corp_gross,62.03936428474448
2003-09-01,l_corp_gross,61.78511026459522
2003-12-01,l_corp_gross,61.98040735865593
2004-03-01,l_corp_gross,60.925261521632066
2004-06-01,l_corp_gross,60.96989448290448
2004-09-01,l_corp_gross,61.03626969459436
2004-12-01,l_corp_gross,60.76119582721345
2005-03-01,l_corp_gross,59.745529519694806
2005-06-01,l_corp_gross,59.43428930779869
2005-09-01,l_corp_gross,59.55049299200304
2005-12-01,l_corp_gross,58.722607317409995
2006-03-01,l_corp_gross,58.491286495333824
2006-06-01,l_corp_gross,58.29844142580996
2006-09-01,l_corp_gross,57.77315476964417
2006-12-01,l_corp_gross,58.64657113853045
2007-03-01,l_corp_gross,59.46966299394436
2007-06-01,l_corp_gross,59.12763227096844
2007-09-01,l_corp_gross,59.78120121501095
2007-12-01,l_corp_gross,60.3897921765762
2008-03-01,l_corp_gross,60.58570731111925
2008-06-01,l_corp_gross,60.434420196356726
2008-09-01,l_corp_gross,60.40413421085873
2008-12-01,l_corp_gross,62.3322719501918
2009-03-01,l_corp_gross,59.5798497981101
2009-06-01,l_corp_gross,59.40641965219316
2009-09-01,l_corp_gross,58.76286034853657
2009-12-01,l_corp_gross,58.03659849840414
2010-03-01,l_corp_gross,57.1919710476459
2010-06-01,l_corp_gross,57.649638729870745
2010-09-01,l_corp_gross,56.678583559225004
2010-12-01,l_corp_gross,56.78043631412305
2011-03-01,l_corp_gross,58.0169078256198
2011-06-01,l_corp_gross,57.19058119882622
2011-09-01,l_corp_gross,57.33614921840061
2011-12-01,l_corp_gross,56.095130513884804
2012-03-01,l_corp_gross,56.07161145411653
2012-06-01,l_corp_gross,56.311396801817544
2012-09-01,l_corp_gross,56.43914617933119
2012-12-01,l_corp_gross,57.133297010343476
2013-03-01,l_corp_gross,56.62260401650678
2013-06-01,l_corp_gross,56.826518234282545
2013-09-01,l_corp_gross,56.68491798330231
2013-12-01,l_corp_gross,56.44346482691249
2014-03-01,l_corp_gross,57.221188336200164
2014-06-01,l_corp_gross,56.06021821103355
2014-09-01,l_corp_gross,55.63712507936309
2014-12-01,l_corp_gross,56.01029009950303
2015-03-01,l_corp_gross,56.36817575154937
2015-06-01,l_corp_gross,56.49027672542031
2015-09-01,l_corp_gross,56.86946331868017
2015-12-01,l_corp_gross,57.15286440285893
2016-03-01,l_corp_gross,56.91908656137984
2016-06-01,l_corp_gross,57.17631371883849
2016-09-01,l_corp_gross,57.23472398611345
2016-12-01,l_corp_gross,57.399032542044914
2017-03-01,l_corp_gross,57.603144974252906
2017-06-01,l_corp_gross,57.66260966290059
2017-09-01,l_corp_gross,57.948016862030826
2017-12-01,l_corp_gross,57.886087860005496
2018-03-01,l_corp_gross,57.70925251094019
2018-06-01,l_corp_gross,57.408488492393396
2018-09-01,l_corp_gross,57.38982060887051
2018-12-01,l_corp_gross,57.42194812049998
2019-03-01,l_corp_gross,57.89742357076304
2019-06-01,l_corp_gross,57.77189012020651
2019-09-01,l_corp_gross,57.37031212046038
2019-12-01,l_corp_gross,57.51857454768437
2020-03-01,l_corp_gross,58.83929865236922
2020-06-01,l_corp_gross,61.14372874502956
2020-09-01,l_corp_gross,58.702874457391786
2020-12-01,l_corp_gross,58.5652654175938
2021-03-01,l_corp_gross,57.670093310862534
2021-06-01,l_corp_gross,57.006417190187285
2021-09-01,l_corp_gross,56.912283413712686
2021-12-01,l_corp_gross,56.66273287769125
2022-03-01,l_corp_gross,56.05301732904286
2022-06-01,l_corp_gross,55.149899925198596
2022-09-01,l_corp_gross,55.320477242607396
2022-12-01,l_corp_gross,55.49459488663606
2023-03-01,l_corp_gross,55.546866259235216
2023-06-01,l_corp_gross,55.85182227763282
2023-09-01,l_corp_gross,55.69091762975013
2023-12-01,l_corp_gross,55.18694642596668
2024-03-01,l_corp_gross,55.8764622717063
2024-06-01,l_corp_gross,55.663460258492826
2024-09-01,l_corp_gross,55.61707371576529
2024-12-01,l_corp_gross,55.553687812332505
2025-03-01,l_corp_gross,55.919577826255285
2025-06-01,l_corp_gross,55.497069695619366
2025-09-01,l_corp_gross,55.12846975128353
2025-12-01,l_corp_gross,54.713284565314
2026-03-01,l_corp_gross,54.38849723551746
2026-06-01,l_corp_gross,53.40619712693423
1947-03-01,l_corp_net_extax,78.58064260056759
1947-06-01,l_corp_net_extax,76.70110947097757
1947-09-01,l_corp_net_extax,77.21641791044776
1947-12-01,l_corp_net_extax,76.993843069874
1948-03-01,l_corp_net_extax,75.15282515451383
1948-06-01,l_corp_net_extax,74.30509596293845
1948-09-01,l_corp_net_extax,75.25943262065547
1948-12-01,l_corp_net_extax,74.4425056429795
1949-03-01,l_corp_net_extax,75.03357363542739
1949-06-01,l_corp_net_extax,76.06348880740532
1949-09-01,l_corp_net_extax,75.04366272779164
1949-12-01,l_corp_net_extax,76.88855911243022
1950-03-01,l_corp_net_extax,75.48477377223962
1950-06-01,l_corp_net_extax,74.15908068793325
1950-09-01,l_corp_net_extax,72.99993536015168
1950-12-01,l_corp_net_extax,72.2168834508615
1951-03-01,l_corp_net_extax,73.57339695085282
1951-06-01,l_corp_net_extax,74.27330199384016
1951-09-01,l_corp_net_extax,74.19823760210973
1951-12-01,l_corp_net_extax,73.94745492704882
1952-03-01,l_corp_net_extax,75.49407861185789
1952-06-01,l_corp_net_extax,76.4391510154222
1952-09-01,l_corp_net_extax,76.84684571672291
1952-12-01,l_corp_net_extax,75.77804047332015
1953-03-01,l_corp_net_extax,75.75540844409606
1953-06-01,l_corp_net_extax,76.44501873041241
1953-09-01,l_corp_net_extax,76.91746881585692
1953-12-01,l_corp_net_extax,80.06807776206342
1954-03-01,l_corp_net_extax,78.74636927600675
1954-06-01,l_corp_net_extax,78.06446618591939
1954-09-01,l_corp_net_extax,77.17771571365574
1954-12-01,l_corp_net_extax,76.11031397227464
1955-03-01,l_corp_net_extax,74.37748066559821
1955-06-01,l_corp_net_extax,74.43377498970973
1955-09-01,l_corp_net_extax,74.9234708218135
1955-12-01,l_corp_net_extax,74.93748415353792
1956-03-01,l_corp_net_extax,76.16953416733526
1956-06-01,l_corp_net_extax,76.45295416546836
1956-09-01,l_corp_net_extax,76.82986482755949
1956-12-01,l_corp_net_extax,76.99737562487927
1957-03-01,l_corp_net_extax,76.72933253669405
1957-06-01,l_corp_net_extax,77.37366038647792
1957-09-01,l_corp_net_extax,77.78684723124015
1957-12-01,l_corp_net_extax,78.93563944786297
1958-03-01,l_corp_net_extax,80.60574703494389
1958-06-01,l_corp_net_extax,79.94889403497565
1958-09-01,l_corp_net_extax,78.78988373486756
1958-12-01,l_corp_net_extax,77.24720510493115
1959-03-01,l_corp_net_extax,76.66962317669685
1959-06-01,l_corp_net_extax,75.82470039444924
1959-09-01,l_corp_net_extax,77.56715748081979
1959-12-01,l_corp_net_extax,77.77247037837061
1960-03-01,l_corp_net_extax,77.02055599218922
1960-06-01,l_corp_net_extax,78.37165534735291
1960-09-01,l_corp_net_extax,78.58508682832952
1960-12-01,l_corp_net_extax,79.23988438100879
1961-03-01,l_corp_net_extax,79.59076710203568
1961-06-01,l_corp_net_extax,78.38375973754749
1961-09-01,l_corp_net_extax,77.85111887973771
1961-12-01,l_corp_net_extax,76.86775868957251
1962-03-01,l_corp_net_extax,76.93543505957341
1962-06-01,l_corp_net_extax,77.38273783267167
1962-09-01,l_corp_net_extax,77.10134211890238
1962-12-01,l_corp_net_extax,76.74566486378349
1963-03-01,l_corp_net_extax,76.79239015978686
1963-06-01,l_corp_net_extax,76.22551134147983
1963-09-01,l_corp_net_extax,76.13934103528325
1963-12-01,l_corp_net_extax,76.12017992285207
1964-03-01,l_corp_net_extax,75.41715834950604
1964-06-01,l_corp_net_extax,75.64439533346321
1964-09-01,l_corp_net_extax,75.6738154457428
1964-12-01,l_corp_net_extax,76.02564023316046
1965-03-01,l_corp_net_extax,74.67944151588546
1965-06-01,l_corp_net_extax,74.56003817027083
1965-09-01,l_corp_net_extax,74.61119219191826
1965-12-01,l_corp_net_extax,74.16108950485797
1966-03-01,l_corp_net_extax,73.95198089470766
1966-06-01,l_corp_net_extax,74.69119661963582
1966-09-01,l_corp_net_extax,75.38830751483191
1966-12-01,l_corp_net_extax,75.44695373235143
1967-03-01,l_corp_net_extax,75.96695598248475
1967-06-01,l_corp_net_extax,76.23308276326765
1967-09-01,l_corp_net_extax,76.46576778546942
1967-12-01,l_corp_net_extax,76.17597837126605
1968-03-01,l_corp_net_extax,76.600791807087
1968-06-01,l_corp_net_extax,76.35447386477755
1968-09-01,l_corp_net_extax,76.61826368306549
1968-12-01,l_corp_net_extax,76.70329049200856
1969-03-01,l_corp_net_extax,77.10984569935427
1969-06-01,l_corp_net_extax,77.86786085258868
1969-09-01,l_corp_net_extax,78.5972634944904
1969-12-01,l_corp_net_extax,79.57854202954121
1970-03-01,l_corp_net_extax,80.90675626335847
1970-06-01,l_corp_net_extax,80.28917712098661
1970-09-01,l_corp_net_extax,80.4220765540447
1970-12-01,l_corp_net_extax,81.0816558842712
1971-03-01,l_corp_net_extax,79.59231857441164
1971-06-01,l_corp_net_extax,79.66654488438294
1971-09-01,l_corp_net_extax,79.46875374565504
1971-12-01,l_corp_net_extax,79.21319080791683
1972-03-01,l_corp_net_extax,79.22178811318874
1972-06-01,l_corp_net_extax,79.3381416328217
1972-09-01,l_corp_net_extax,79.08305848586319
1972-12-01,l_corp_net_extax,78.62479815940796
1973-03-01,l_corp_net_extax,78.55468792356439
1973-06-01,l_corp_net_extax,79.28905904424887
1973-09-01,l_corp_net_extax,79.56409508204081
1973-12-01,l_corp_net_extax,79.42181302085228
1974-03-01,l_corp_net_extax,80.32937647878323
1974-06-01,l_corp_net_extax,80.45123779573628
1974-09-01,l_corp_net_extax,80.96018745058102
1974-12-01,l_corp_net_extax,81.24903995962345
1975-03-01,l_corp_net_extax,80.91323937787436
1975-06-01,l_corp_net_extax,79.68655800641909
1975-09-01,l_corp_net_extax,78.16235656354024
1975-12-01,l_corp_net_extax,78.1789914646409
1976-03-01,l_corp_net_extax,77.54148162708496
1976-06-01,l_corp_net_extax,78.304708085233
1976-09-01,l_corp_net_extax,78.61478771098548
1976-12-01,l_corp_net_extax,79.10721048521606
1977-03-01,l_corp_net_extax,78.86775499587819
1977-06-01,l_corp_net_extax,77.68805029906893
1977-09-01,l_corp_net_extax,76.9887772406486
1977-12-01,l_corp_net_extax,77.70073811143952
1978-03-01,l_corp_net_extax,78.85510000819778
1978-06-01,l_corp_net_extax,77.18949723851178
1978-09-01,l_corp_net_extax,77.37888554820951
1978-12-01,l_corp_net_extax,77.39221985485052
1979-03-01,l_corp_net_extax,78.51437699680511
1979-06-01,l_corp_net_extax,78.93631419013815
1979-09-01,l_corp_net_extax,79.69347279574976
1979-12-01,l_corp_net_extax,80.1608505056781
1980-03-01,l_corp_net_extax,80.5681256674091
1980-06-01,l_corp_net_extax,81.98171361000074
1980-09-01,l_corp_net_extax,81.2798676384758
1980-12-01,l_corp_net_extax,79.9543346832544
1981-03-01,l_corp_net_extax,79.64917181234371
1981-06-01,l_corp_net_extax,79.69599286084782
1981-09-01,l_corp_net_extax,78.88656393920076
1981-12-01,l_corp_net_extax,79.67134331857122
1982-03-01,l_corp_net_extax,80.70109670118129
1982-06-01,l_corp_net_extax,80.08529120674766
1982-09-01,l_corp_net_extax,80.22981819091675
1982-12-01,l_corp_net_extax,80.83521076379519
1983-03-01,l_corp_net_extax,80.2909722572494
1983-06-01,l_corp_net_extax,79.27017608936794
1983-09-01,l_corp_net_extax,78.79084699469323
1983-12-01,l_corp_net_extax,78.39462354276729
1984-03-01,l_corp_net_extax,77.19227925169832
1984-06-01,l_corp_net_extax,77.36855928126585
1984-09-01,l_corp_net_extax,77.8342783020391
1984-12-01,l_corp_net_extax,77.72711091266729
1985-03-01,l_corp_net_extax,77.84996105468082
1985-06-01,l_corp_net_extax,78.08318350525931
1985-09-01,l_corp_net_extax,77.80992986202389
1985-12-01,l_corp_net_extax,79.16170029524632
1986-03-01,l_corp_net_extax,79.53005621348417
1986-06-01,l_corp_net_extax,80.39515117133222
1986-09-01,l_corp_net_extax,81.15583081137838
1986-12-01,l_corp_net_extax,81.43261870172361
1987-03-01,l_corp_net_extax,81.39733600723841
1987-06-01,l_corp_net_extax,80.57179169783345
1987-09-01,l_corp_net_extax,80.08022432156547
1987-12-01,l_corp_net_extax,80.65057418141708
1988-03-01,l_corp_net_extax,80.65652805104804
1988-06-01,l_corp_net_extax,80.62631929334589
1988-09-01,l_corp_net_extax,80.47995969694715
1988-12-01,l_corp_net_extax,79.83881461240688
1989-03-01,l_corp_net_extax,80.28075546388702
1989-06-01,l_corp_net_extax,80.47722541937064
1989-09-01,l_corp_net_extax,80.57673898475362
1989-12-01,l_corp_net_extax,81.54124774421541
1990-03-01,l_corp_net_extax,81.42585333493032
1990-06-01,l_corp_net_extax,81.26995755253866
1990-09-01,l_corp_net_extax,82.25224023254238
1990-12-01,l_corp_net_extax,82.7300947782986
1991-03-01,l_corp_net_extax,81.77514218054482
1991-06-01,l_corp_net_extax,82.08256601923368
1991-09-01,l_corp_net_extax,82.43705054749768
1991-12-01,l_corp_net_extax,82.96012554691572
1992-03-01,l_corp_net_extax,82.61527502063213
1992-06-01,l_corp_net_extax,82.7946764466144
1992-09-01,l_corp_net_extax,83.23830782378407
1992-12-01,l_corp_net_extax,82.68362184984738
1993-03-01,l_corp_net_extax,83.1638812698475
1993-06-01,l_corp_net_extax,82.41822929622771
1993-09-01,l_corp_net_extax,82.40184415687722
1993-12-01,l_corp_net_extax,81.16411778709389
1994-03-01,l_corp_net_extax,81.14773912882201
1994-06-01,l_corp_net_extax,80.98337250335229
1994-09-01,l_corp_net_extax,80.34179896985488
1994-12-01,l_corp_net_extax,79.99120969225947
1995-03-01,l_corp_net_extax,80.27017309839749
1995-06-01,l_corp_net_extax,79.98639243523405
1995-09-01,l_corp_net_extax,79.14752169669174
1995-12-01,l_corp_net_extax,79.33030276003232
1996-03-01,l_corp_net_extax,78.79768135880612
1996-06-01,l_corp_net_extax,78.75697155511507
1996-09-01,l_corp_net_extax,78.9037516641503
1996-12-01,l_corp_net_extax,78.97966801621547
1997-03-01,l_corp_net_extax,78.58278592626667
1997-06-01,l_corp_net_extax,78.54809659844206
1997-09-01,l_corp_net_extax,77.92922866509726
1997-12-01,l_corp_net_extax,78.21842084535683
1998-03-01,l_corp_net_extax,79.32835926784279
1998-06-01,l_corp_net_extax,79.57677622584913
1998-09-01,l_corp_net_extax,79.49418786517921
1998-12-01,l_corp_net_extax,80.15508328546812
1999-03-01,l_corp_net_extax,79.98987427296149
1999-06-01,l_corp_net_extax,80.247597779933
1999-09-01,l_corp_net_extax,80.63989663879669
1999-12-01,l_corp_net_extax,80.97982850533715
2000-03-01,l_corp_net_extax,81.33460998550883
2000-06-01,l_corp_net_extax,81.43260410908827
2000-09-01,l_corp_net_extax,81.93361841968208
2000-12-01,l_corp_net_extax,82.6873239654004
2001-03-01,l_corp_net_extax,82.68975061292703
2001-06-01,l_corp_net_extax,82.42344568916013
2001-09-01,l_corp_net_extax,82.64184909056944
2001-12-01,l_corp_net_extax,83.67039871991008
2002-03-01,l_corp_net_extax,81.84839762759171
2002-06-01,l_corp_net_extax,81.57327908699543
2002-09-01,l_corp_net_extax,81.41527131315382
2002-12-01,l_corp_net_extax,80.39168968156493
2003-03-01,l_corp_net_extax,79.97115662423094
2003-06-01,l_corp_net_extax,79.87201146144598
2003-09-01,l_corp_net_extax,79.51500368499897
2003-12-01,l_corp_net_extax,79.57974260060294
2004-03-01,l_corp_net_extax,78.44734825814051
2004-06-01,l_corp_net_extax,78.33975981079298
2004-09-01,l_corp_net_extax,78.2151458690606
2004-12-01,l_corp_net_extax,78.07698099938247
2005-03-01,l_corp_net_extax,76.77485245705859
2005-06-01,l_corp_net_extax,76.43176235502315
2005-09-01,l_corp_net_extax,76.54444449377011
2005-12-01,l_corp_net_extax,75.28764122025764
2006-03-01,l_corp_net_extax,74.94569634401346
2006-06-01,l_corp_net_extax,74.8163969765865
2006-09-01,l_corp_net_extax,74.14098549769281
2006-12-01,l_corp_net_extax,75.43276018219554
2007-03-01,l_corp_net_extax,76.71679417570596
2007-06-01,l_corp_net_extax,76.29675092206395
2007-09-01,l_corp_net_extax,77.5149724089233
2007-12-01,l_corp_net_extax,78.56504960387235
2008-03-01,l_corp_net_extax,79.02086023723831
2008-06-01,l_corp_net_extax,79.16047557803589
2008-09-01,l_corp_net_extax,79.42097318190565
2008-12-01,l_corp_net_extax,82.98747256791387
2009-03-01,l_corp_net_extax,79.4098998357533
2009-06-01,l_corp_net_extax,78.85815478891877
2009-09-01,l_corp_net_extax,77.70457559777064
2009-12-01,l_corp_net_extax,76.56124265647259
2010-03-01,l_corp_net_extax,75.4289259110442
2010-06-01,l_corp_net_extax,75.86333145764935
2010-09-01,l_corp_net_extax,73.99094297935956
2010-12-01,l_corp_net_extax,74.14082816717999
2011-03-01,l_corp_net_extax,76.21062178097479
2011-06-01,l_corp_net_extax,74.9943841601225
2011-09-01,l_corp_net_extax,75.09442305907318
2011-12-01,l_corp_net_extax,73.35245249554482
2012-03-01,l_corp_net_extax,73.07317951352657
2012-06-01,l_corp_net_extax,73.34879104600351
2012-09-01,l_corp_net_extax,73.68879386400803
2012-12-01,l_corp_net_extax,74.38944942019803
2013-03-01,l_corp_net_extax,73.97472846637326
2013-06-01,l_corp_net_extax,74.27973870879164
2013-09-01,l_corp_net_extax,74.22107937538448
2013-12-01,l_corp_net_extax,73.78465442655333
2014-03-01,l_corp_net_extax,74.92645641781628
2014-06-01,l_corp_net_extax,73.09479996597022
2014-09-01,l_corp_net_extax,72.34685325539344
2014-12-01,l_corp_net_extax,72.78403002793885
2015-03-01,l_corp_net_extax,73.25262370493789
2015-06-01,l_corp_net_extax,73.39229590128036
2015-09-01,l_corp_net_extax,73.95463797795219
2015-12-01,l_corp_net_extax,74.39724120405579
2016-03-01,l_corp_net_extax,74.00809130476124
2016-06-01,l_corp_net_extax,74.49664619053605
2016-09-01,l_corp_net_extax,74.60604322038468
2016-12-01,l_corp_net_extax,74.81687377252621
2017-03-01,l_corp_net_extax,75.05290573474097
2017-06-01,l_corp_net_extax,75.1801881866562
2017-09-01,l_corp_net_extax,75.64641086115284
2017-12-01,l_corp_net_extax,75.42527278485463
2018-03-01,l_corp_net_extax,75.18009822002954
2018-06-01,l_corp_net_extax,74.75365564718231
2018-09-01,l_corp_net_extax,74.69338666404384
2018-12-01,l_corp_net_extax,74.92406192039196
2019-03-01,l_corp_net_extax,75.47638107487407
2019-06-01,l_corp_net_extax,75.45302017532994
2019-09-01,l_corp_net_extax,74.98629182997288
2019-12-01,l_corp_net_extax,75.05198164339065
2020-03-01,l_corp_net_extax,77.21726289869636
2020-06-01,l_corp_net_extax,76.56223290893044
2020-09-01,l_corp_net_extax,72.16642083616314
2020-12-01,l_corp_net_extax,74.59135533904099
2021-03-01,l_corp_net_extax,72.84390420328432
2021-06-01,l_corp_net_extax,71.02920592068362
2021-09-01,l_corp_net_extax,71.50907592821392
2021-12-01,l_corp_net_extax,71.78127339778713
2022-03-01,l_corp_net_extax,72.31735195440847
2022-06-01,l_corp_net_extax,71.29433877599108
2022-09-01,l_corp_net_extax,71.45425186483556
2022-12-01,l_corp_net_extax,71.8916296932875
2023-03-01,l_corp_net_extax,71.81477954333688
2023-06-01,l_corp_net_extax,72.22373014632966
2023-09-01,l_corp_net_extax,71.89229905157201
2023-12-01,l_corp_net_extax,71.19604429341015
2024-03-01,l_corp_net_extax,72.04062571522518
2024-06-01,l_corp_net_extax,71.8607489285633
2024-09-01,l_corp_net_extax,72.00035389037254
2024-12-01,l_corp_net_extax,71.85346240730163
2025-03-01,l_corp_net_extax,72.3137849942265
2025-06-01,l_corp_net_extax,72.26587633115064
2025-09-01,l_corp_net_extax,71.97480815067138
2025-12-01,l_corp_net_extax,71.64599653919423
2026-03-01,l_corp_net_extax,71.1021553020585
2026-06-01,l_corp_net_extax,69.61165260789389
1947-03-01,l_corp_net_std,70.73366798263635
1947-06-01,l_corp_net_std,69.26325023004618
1947-09-01,l_corp_net_std,69.73546756529065
1947-12-01,l_corp_net_std,69.44659692625598
1948-03-01,l_corp_net_std,68.113502096789
1948-06-01,l_corp_net_std,67.21846374902712
1948-09-01,l_corp_net_std,68.10056399961763
1948-12-01,l_corp_net_std,67.38931961452069
1949-03-01,l_corp_net_std,67.72612682288374
1949-06-01,l_corp_net_std,68.29515367790952
1949-09-01,l_corp_net_std,67.27615730663184
1949-12-01,l_corp_net_std,68.68135336447418
1950-03-01,l_corp_net_std,67.68440235413617
1950-06-01,l_corp_net_std,66.6564447108348
1950-09-01,l_corp_net_std,65.55516140475346
1950-12-01,l_corp_net_std,65.51330378301388
1951-03-01,l_corp_net_std,66.45218668115103
1951-06-01,l_corp_net_std,67.52377078654335
1951-09-01,l_corp_net_std,67.41785793601628
1951-12-01,l_corp_net_std,67.09955716678522
1952-03-01,l_corp_net_std,68.33338082347913
1952-06-01,l_corp_net_std,68.89622901183594
1952-09-01,l_corp_net_std,69.25085630956015
1952-12-01,l_corp_net_std,68.56223062341816
1953-03-01,l_corp_net_std,68.56657534814109
1953-06-01,l_corp_net_std,69.17085027716954
1953-09-01,l_corp_net_std,69.54936395941701
1953-12-01,l_corp_net_std,72.1191838497247
1954-03-01,l_corp_net_std,71.11322200753446
1954-06-01,l_corp_net_std,70.54202248158371
1954-09-01,l_corp_net_std,69.883456585049
1954-12-01,l_corp_net_std,69.04022546758904
1955-03-01,l_corp_net_std,67.51217988147194
1955-06-01,l_corp_net_std,67.51513490266875
1955-09-01,l_corp_net_std,67.91022998355606
1955-12-01,l_corp_net_std,68.01030513858245
1956-03-01,l_corp_net_std,69.04353603462053
1956-06-01,l_corp_net_std,69.30462947006554
1956-09-01,l_corp_net_std,69.51956492206023
1956-12-01,l_corp_net_std,69.65869710700295
1957-03-01,l_corp_net_std,69.42266511894934
1957-06-01,l_corp_net_std,69.90418447637362
1957-09-01,l_corp_net_std,70.27149321266968
1957-12-01,l_corp_net_std,71.32509842815496
1958-03-01,l_corp_net_std,72.33730980784341
1958-06-01,l_corp_net_std,71.76160696686796
1958-09-01,l_corp_net_std,70.94732570338167
1958-12-01,l_corp_net_std,69.72395479528191
1959-03-01,l_corp_net_std,69.24705938340247
1959-06-01,l_corp_net_std,68.66529649544583
1959-09-01,l_corp_net_std,69.82014042512263
1959-12-01,l_corp_net_std,69.82129506996019
1960-03-01,l_corp_net_std,69.39806534039059
1960-06-01,l_corp_net_std,70.43328626897282
1960-09-01,l_corp_net_std,70.4263450192185
1960-12-01,l_corp_net_std,70.80958788208589
1961-03-01,l_corp_net_std,71.03430468185748
1961-06-01,l_corp_net_std,70.20911049039442
1961-09-01,l_corp_net_std,69.85153129397088
1961-12-01,l_corp_net_std,69.15106642979637
1962-03-01,l_corp_net_std,69.17843884904171
1962-06-01,l_corp_net_std,69.49884450313635
1962-09-01,l_corp_net_std,69.1494790904806
1962-12-01,l_corp_net_std,68.79823735500771
1963-03-01,l_corp_net_std,68.84880280306918
1963-06-01,l_corp_net_std,68.44171497801588
1963-09-01,l_corp_net_std,68.40134643998341
1963-12-01,l_corp_net_std,68.41739046979221
1964-03-01,l_corp_net_std,67.83726961978309
1964-06-01,l_corp_net_std,68.00400800452479
1964-09-01,l_corp_net_std,68.01202329302137
1964-12-01,l_corp_net_std,68.26328029171962
1965-03-01,l_corp_net_std,67.23784072688402
1965-06-01,l_corp_net_std,67.19119917990452
1965-09-01,l_corp_net_std,67.30678241550267
1965-12-01,l_corp_net_std,67.11321923276863
1966-03-01,l_corp_net_std,67.07344195716288
1966-06-01,l_corp_net_std,67.81281751797093
1966-09-01,l_corp_net_std,68.5013430167807
1966-12-01,l_corp_net_std,68.61791835297853
1967-03-01,l_corp_net_std,69.03560276831512
1967-06-01,l_corp_net_std,69.20671737672113
1967-09-01,l_corp_net_std,69.3355945062424
1967-12-01,l_corp_net_std,68.98591187911919
1968-03-01,l_corp_net_std,69.27211243791609
1968-06-01,l_corp_net_std,68.97229713366254
1968-09-01,l_corp_net_std,69.10787919201576
1968-12-01,l_corp_net_std,69.15503724029793
1969-03-01,l_corp_net_std,69.5450488246346
1969-06-01,l_corp_net_std,70.18469012140969
1969-09-01,l_corp_net_std,70.81813434853294
1969-12-01,l_corp_net_std,71.6414073717725
1970-03-01,l_corp_net_std,72.6552167490044
1970-06-01,l_corp_net_std,72.07377527481218
1970-09-01,l_corp_net_std,72.10863303787153
1970-12-01,l_corp_net_std,72.4599511267988
1971-03-01,l_corp_net_std,71.25309466513514
1971-06-01,l_corp_net_std,71.25036589267602
1971-09-01,l_corp_net_std,70.99107268334795
1971-12-01,l_corp_net_std,70.79426473526146
1972-03-01,l_corp_net_std,71.08296793781918
1972-06-01,l_corp_net_std,71.23887606929048
1972-09-01,l_corp_net_std,71.00681336269062
1972-12-01,l_corp_net_std,70.66287432637974
1973-03-01,l_corp_net_std,70.71077491546694
1973-06-01,l_corp_net_std,71.30627182766672
1973-09-01,l_corp_net_std,71.51557622132881
1973-12-01,l_corp_net_std,71.48399167255153
1974-03-01,l_corp_net_std,72.32783375837117
1974-06-01,l_corp_net_std,72.50435386600486
1974-09-01,l_corp_net_std,72.99825434764486
1974-12-01,l_corp_net_std,73.1565636607919
1975-03-01,l_corp_net_std,72.71954918740289
1975-06-01,l_corp_net_std,71.67789915410653
1975-09-01,l_corp_net_std,70.5005149756766
1975-12-01,l_corp_net_std,70.58324316296438
1976-03-01,l_corp_net_std,70.22589348436249
1976-06-01,l_corp_net_std,70.85824690493244
1976-09-01,l_corp_net_std,71.13945098168497
1976-12-01,l_corp_net_std,71.55813852433256
1977-03-01,l_corp_net_std,71.48128557387237
1977-06-01,l_corp_net_std,70.61512815092549
1977-09-01,l_corp_net_std,70.03291574551707
1977-12-01,l_corp_net_std,70.5948038933636
1978-03-01,l_corp_net_std,71.56129775933766
1978-06-01,l_corp_net_std,70.23195202490457
1978-09-01,l_corp_net_std,70.94249658887432
1978-12-01,l_corp_net_std,70.94530878062476
1979-03-01,l_corp_net_std,72.0038011922735
1979-06-01,l_corp_net_std,72.38957792407375
1979-09-01,l_corp_net_std,73.04646137688209
1979-12-01,l_corp_net_std,73.44182964186801
1980-03-01,l_corp_net_std,73.83065343024384
1980-06-01,l_corp_net_std,74.900650220389693
1980-09-01,l_corp_net_std,74.1586448872698
1980-12-01,l_corp_net_std,72.96921094085637
1981-03-01,l_corp_net_std,72.56033257237095
1981-06-01,l_corp_net_std,72.37261932763906
1981-09-01,l_corp_net_std,71.66225612813653
1981-12-01,l_corp_net_std,72.27640378271795
1982-03-01,l_corp_net_std,73.17713629596744
1982-06-01,l_corp_net_std,72.74632007265373
1982-09-01,l_corp_net_std,72.89049984002256
1982-12-01,l_corp_net_std,73.30242505016383
1983-03-01,l_corp_net_std,72.7438293793434
1983-06-01,l_corp_net_std,71.82026272277308
1983-09-01,l_corp_net_std,71.35435234195232
1983-12-01,l_corp_net_std,71.03703587855465
1984-03-01,l_corp_net_std,70.10674318147693
1984-06-01,l_corp_net_std,70.2797135073057
1984-09-01,l_corp_net_std,70.67930666182662
1984-12-01,l_corp_net_std,70.59610905603508
1985-03-01,l_corp_net_std,70.71015890680889
1985-06-01,l_corp_net_std,70.88888209325589
1985-09-01,l_corp_net_std,70.68016665935552
1985-12-01,l_corp_net_std,71.86804917485377
1986-03-01,l_corp_net_std,72.21853049506703
1986-06-01,l_corp_net_std,72.9071406565731
1986-09-01,l_corp_net_std,73.54538579743019
1986-12-01,l_corp_net_std,73.78912257658345
1987-03-01,l_corp_net_std,73.78185879324882
1987-06-01,l_corp_net_std,73.10687553830574
1987-09-01,l_corp_net_std,72.72749666186392
1987-12-01,l_corp_net_std,73.23867854135456
1988-03-01,l_corp_net_std,73.18565539398523
1988-06-01,l_corp_net_std,73.16564725436486
1988-09-01,l_corp_net_std,73.10711095639701
1988-12-01,l_corp_net_std,72.58586161587569
1989-03-01,l_corp_net_std,72.92266137941753
1989-06-01,l_corp_net_std,73.04058165088168
1989-09-01,l_corp_net_std,73.1154420335513
1989-12-01,l_corp_net_std,73.93837031185238
1990-03-01,l_corp_net_std,73.86598841541297
1990-06-01,l_corp_net_std,73.71783905109224
1990-09-01,l_corp_net_std,74.45411115166098
1990-12-01,l_corp_net_std,74.69690662104244
1991-03-01,l_corp_net_std,73.69466134262277
1991-06-01,l_corp_net_std,73.9025737706952
1991-09-01,l_corp_net_std,74.14904634252653
1991-12-01,l_corp_net_std,74.53830347922425
1992-03-01,l_corp_net_std,74.33165510217393
1992-06-01,l_corp_net_std,74.50748605114862
1992-09-01,l_corp_net_std,74.83881211614697
1992-12-01,l_corp_net_std,74.40863174516947
1993-03-01,l_corp_net_std,74.7148846781875
1993-06-01,l_corp_net_std,74.12426512845492
1993-09-01,l_corp_net_std,74.06411463429143
1993-12-01,l_corp_net_std,72.98008717785953
1994-03-01,l_corp_net_std,72.75742554862799
1994-06-01,l_corp_net_std,72.62367236716244
1994-09-01,l_corp_net_std,72.09609279655496
1994-12-01,l_corp_net_std,71.86651140622861
1995-03-01,l_corp_net_std,72.19691866586122
1995-06-01,l_corp_net_std,72.04106421611561
1995-09-01,l_corp_net_std,71.37656201873023
1995-12-01,l_corp_net_std,71.53729846715657
1996-03-01,l_corp_net_std,71.18475219421231
1996-06-01,l_corp_net_std,71.1856786335078
1996-09-01,l_corp_net_std,71.35090694774998
1996-12-01,l_corp_net_std,71.38753438558716
1997-03-01,l_corp_net_std,71.22254141761935
1997-06-01,l_corp_net_std,71.14986862295649
1997-09-01,l_corp_net_std,70.69133929751378
1997-12-01,l_corp_net_std,71.00910775703201
1998-03-01,l_corp_net_std,72.1041496095776
1998-06-01,l_corp_net_std,72.36141546067307
1998-09-01,l_corp_net_std,72.33320477408745
1998-12-01,l_corp_net_std,72.92192917585578
1999-03-01,l_corp_net_std,72.83113727255206
1999-06-01,l_corp_net_std,73.01766571137152
1999-09-01,l_corp_net_std,73.32079474887576
1999-12-01,l_corp_net_std,73.65821202977159
2000-03-01,l_corp_net_std,74.1092753019982
2000-06-01,l_corp_net_std,74.14470789940013
2000-09-01,l_corp_net_std,74.66184597906809
2000-12-01,l_corp_net_std,75.26800163120978
2001-03-01,l_corp_net_std,75.43904464124036
2001-06-01,l_corp_net_std,75.26077640112969
2001-09-01,l_corp_net_std,75.51587963209163
2001-12-01,l_corp_net_std,75.92335692383385
2002-03-01,l_corp_net_std,74.34608729475008
2002-06-01,l_corp_net_std,74.09704294493378
2002-09-01,l_corp_net_std,73.82934493450976
2002-12-01,l_corp_net_std,72.90520905179072
2003-03-01,l_corp_net_std,72.4084958687389
2003-06-01,l_corp_net_std,72.46153979684868
2003-09-01,l_corp_net_std,72.01520714573627
2003-12-01,l_corp_net_std,72.15180062870002
2004-03-01,l_corp_net_std,70.93467106374034
2004-06-01,l_corp_net_std,70.89062071787791
2004-09-01,l_corp_net_std,70.85550351095269
2004-12-01,l_corp_net_std,70.6221156294977
2005-03-01,l_corp_net_std,69.43238752823747
2005-06-01,l_corp_net_std,69.07642501696449
2005-09-01,l_corp_net_std,69.19199612910097
2005-12-01,l_corp_net_std,68.15880032328054
2006-03-01,l_corp_net_std,67.85855921224638
2006-06-01,l_corp_net_std,67.72127543847405
2006-09-01,l_corp_net_std,67.12604028340012
2006-12-01,l_corp_net_std,68.2766451994924
2007-03-01,l_corp_net_std,69.38803366281022
2007-06-01,l_corp_net_std,69.02379947068266
2007-09-01,l_corp_net_std,70.0164457365856
2007-12-01,l_corp_net_std,70.84141755015054
2008-03-01,l_corp_net_std,71.27660674330906
2008-06-01,l_corp_net_std,71.30492886629372
2008-09-01,l_corp_net_std,71.48941602836948
2008-12-01,l_corp_net_std,74.44763986232815
2009-03-01,l_corp_net_std,71.38242074851911
2009-06-01,l_corp_net_std,70.94794523582745
2009-09-01,l_corp_net_std,70.01330090301317
2009-12-01,l_corp_net_std,68.92785464261921
2010-03-01,l_corp_net_std,67.89052011991699
2010-06-01,l_corp_net_std,68.29678997904576
2010-09-01,l_corp_net_std,66.82055897236103
2010-12-01,l_corp_net_std,66.96050256134482
2011-03-01,l_corp_net_std,68.60635290998574
2011-06-01,l_corp_net_std,67.56392113801316
2011-09-01,l_corp_net_std,67.74346477709621
2011-12-01,l_corp_net_std,66.223126442122
2012-03-01,l_corp_net_std,66.04807565588963
2012-06-01,l_corp_net_std,66.35309292780124
2012-09-01,l_corp_net_std,66.64560120513195
2012-12-01,l_corp_net_std,67.32770562048617
2013-03-01,l_corp_net_std,66.79026829313536
2013-06-01,l_corp_net_std,67.08415882196364
2013-09-01,l_corp_net_std,66.98825039884449
2013-12-01,l_corp_net_std,66.66822282997225
2014-03-01,l_corp_net_std,67.64247094770245
2014-06-01,l_corp_net_std,66.09037760805302
2014-09-01,l_corp_net_std,65.50568377568344
2014-12-01,l_corp_net_std,65.93682434912334
2015-03-01,l_corp_net_std,66.39708928985407
2015-06-01,l_corp_net_std,66.52725349235558
2015-09-01,l_corp_net_std,67.02884378608945
2015-12-01,l_corp_net_std,67.37913272226616
2016-03-01,l_corp_net_std,67.08556712931814
2016-06-01,l_corp_net_std,67.50151633075991
2016-09-01,l_corp_net_std,67.5469415280459
2016-12-01,l_corp_net_std,67.76868497255404
2017-03-01,l_corp_net_std,68.02801612189434
2017-06-01,l_corp_net_std,68.12757362847319
2017-09-01,l_corp_net_std,68.51488932942956
2017-12-01,l_corp_net_std,68.34921854629783
2018-03-01,l_corp_net_std,68.07054510578511
2018-06-01,l_corp_net_std,67.6991326148033
2018-09-01,l_corp_net_std,67.64232088585678
2018-12-01,l_corp_net_std,67.74570740148822
2019-03-01,l_corp_net_std,68.32192597515754
2019-06-01,l_corp_net_std,68.26704526017559
2019-09-01,l_corp_net_std,67.79984051158448
2019-12-01,l_corp_net_std,67.94469136734969
2020-03-01,l_corp_net_std,69.8482722154754
2020-06-01,l_corp_net_std,74.24109059107934
2020-09-01,l_corp_net_std,70.05520317342983
2020-12-01,l_corp_net_std,69.42116251570124
2021-03-01,l_corp_net_std,68.11460959292604
2021-06-01,l_corp_net_std,67.04414841618095
2021-09-01,l_corp_net_std,66.8707072824362
2021-12-01,l_corp_net_std,66.47396332269466
2022-03-01,l_corp_net_std,65.80765075564771
2022-06-01,l_corp_net_std,64.77846654440377
2022-09-01,l_corp_net_std,64.99724566829705
2022-12-01,l_corp_net_std,65.39976379986773
2023-03-01,l_corp_net_std,65.48229728164522
2023-06-01,l_corp_net_std,65.9005472383693
2023-09-01,l_corp_net_std,65.64923697319753
2023-12-01,l_corp_net_std,65.01611275930468
2024-03-01,l_corp_net_std,65.80906218056356
2024-06-01,l_corp_net_std,65.62399710979128
2024-09-01,l_corp_net_std,65.69597942547234
2024-12-01,l_corp_net_std,65.59404709852546
2025-03-01,l_corp_net_std,66.01785342270495
2025-06-01,l_corp_net_std,65.48921922931673
2025-09-01,l_corp_net_std,65.11427554983175
2025-12-01,l_corp_net_std,64.70888729336862
2026-03-01,l_corp_net_std,64.33727977667336
2026-06-01,l_corp_net_std,63.12246321478097
1947-03-01,l_gross_econ,53.69608316811889
1947-06-01,l_gross_econ,53.74718863199964
1947-09-01,l_gross_econ,53.60390016923891
1947-12-01,l_gross_econ,53.41516933336457
1948-03-01,l_gross_econ,52.93658278945184
1948-06-01,l_gross_econ,51.88449648095771
1948-09-01,l_gross_econ,52.61363514148153
1948-12-01,l_gross_econ,52.571446858898454
1949-03-01,l_gross_econ,53.32591728061857
1949-06-01,l_gross_econ,53.43289206793738
1949-09-01,l_gross_econ,52.99727168347098
1949-12-01,l_gross_econ,53.40752604478506
1950-03-01,l_gross_econ,52.94516154605666
1950-06-01,l_gross_econ,52.95655533021536
1950-09-01,l_gross_econ,52.75198033324229
1950-12-01,l_gross_econ,53.264515482450506
1951-03-01,l_gross_econ,53.69435907305719
1951-06-01,l_gross_econ,54.27492815185132
1951-09-01,l_gross_econ,54.16019122145878
1951-12-01,l_gross_econ,54.11039616131302
1952-03-01,l_gross_econ,55.074665850308804
1952-06-01,l_gross_econ,55.05348518142575
1952-09-01,l_gross_econ,55.05506845647119
1952-12-01,l_gross_econ,55.33704672047289
1953-03-01,l_gross_econ,55.347947012644354
1953-06-01,l_gross_econ,55.65190533184047
1953-09-01,l_gross_econ,55.864581344588984
1953-12-01,l_gross_econ,56.536775604166884
1954-03-01,l_gross_econ,55.722008166082006
1954-06-01,l_gross_econ,55.45907194994786
1954-09-01,l_gross_econ,55.03301500963744
1954-12-01,l_gross_econ,54.830589195808955
1955-03-01,l_gross_econ,54.184853189598776
1955-06-01,l_gross_econ,54.35618017949335
1955-09-01,l_gross_econ,54.639117479473555
1955-12-01,l_gross_econ,54.72200804097593
1956-03-01,l_gross_econ,55.140023562366494
1956-06-01,l_gross_econ,55.301578366593844
1956-09-01,l_gross_econ,55.20437576580309
1956-12-01,l_gross_econ,55.321494367430766
1957-03-01,l_gross_econ,55.25635936375582
1957-06-01,l_gross_econ,55.306943143361096
1957-09-01,l_gross_econ,55.30118871596956
1957-12-01,l_gross_econ,55.60049736224902
1958-03-01,l_gross_econ,55.503601425190325
1958-06-01,l_gross_econ,55.10576353393118
1958-09-01,l_gross_econ,55.13397783502709
1958-12-01,l_gross_econ,54.6369208237619
1959-03-01,l_gross_econ,54.852443913005125
1959-06-01,l_gross_econ,54.59112714857816
1959-09-01,l_gross_econ,54.92200117878493
1959-12-01,l_gross_econ,54.953143636053845
1960-03-01,l_gross_econ,55.1330412727692
1960-06-01,l_gross_econ,55.552672452502414
1960-09-01,l_gross_econ,55.516779114271095
1960-12-01,l_gross_econ,55.568649368126515
1961-03-01,l_gross_econ,55.518818355906575
1961-06-01,l_gross_econ,55.226406045397965
1961-09-01,l_gross_econ,55.09390846833631
1961-12-01,l_gross_econ,54.78694452504863
1962-03-01,l_gross_econ,54.94924093467566
1962-06-01,l_gross_econ,55.24694495503047
1962-09-01,l_gross_econ,55.041346532175886
1962-12-01,l_gross_econ,54.847662073198855
1963-03-01,l_gross_econ,54.93580187545083
1963-06-01,l_gross_econ,54.82640767266573
1963-09-01,l_gross_econ,54.814981739062866
1963-12-01,l_gross_econ,54.842131164327554
1964-03-01,l_gross_econ,54.73243628418445
1964-06-01,l_gross_econ,54.90808528318455
1964-09-01,l_gross_econ,54.994212125596874
1964-12-01,l_gross_econ,55.09247303850582
1965-03-01,l_gross_econ,54.5613981492796
1965-06-01,l_gross_econ,54.58309960269203
1965-09-01,l_gross_econ,54.74371332465481
1965-12-01,l_gross_econ,54.785656581450496
1966-03-01,l_gross_econ,54.86748871509852
1966-06-01,l_gross_econ,55.473195137600705
1966-09-01,l_gross_econ,55.94882587831964
1966-12-01,l_gross_econ,55.978071292439495
1967-03-01,l_gross_econ,56.163800778444475
1967-06-01,l_gross_econ,56.24094664536628
1967-09-01,l_gross_econ,56.24279205297399
1967-12-01,l_gross_econ,56.31377355599816
1968-03-01,l_gross_econ,56.5029990189453
1968-06-01,l_gross_econ,56.49605429003637
1968-09-01,l_gross_econ,56.65465049153249
1968-12-01,l_gross_econ,56.78018128633852
1969-03-01,l_gross_econ,56.91549614861803
1969-06-01,l_gross_econ,57.24619266665211
1969-09-01,l_gross_econ,57.699237402754996
1969-12-01,l_gross_econ,58.18877406234879
1970-03-01,l_gross_econ,58.72903540665652
1970-06-01,l_gross_econ,58.407998056237275
1970-09-01,l_gross_econ,58.192107666853794
1970-12-01,l_gross_econ,58.14551700522677
1971-03-01,l_gross_econ,57.75119067038553
1971-06-01,l_gross_econ,57.67276751451494
1971-09-01,l_gross_econ,57.496025143914245
1971-12-01,l_gross_econ,57.32217959975967
1972-03-01,l_gross_econ,57.79499882509595
1972-06-01,l_gross_econ,57.840734688845245
1972-09-01,l_gross_econ,57.40470117712781
1972-12-01,l_gross_econ,56.988972725483805
1973-03-01,l_gross_econ,57.29585211771057
1973-06-01,l_gross_econ,57.393403838912306
1973-09-01,l_gross_econ,57.31759629666373
1973-12-01,l_gross_econ,57.05603314457232
1974-03-01,l_gross_econ,57.563511554200595
1974-06-01,l_gross_econ,57.78290081658023
1974-09-01,l_gross_econ,57.837677390173575
1974-12-01,l_gross_econ,57.72401168806067
1975-03-01,l_gross_econ,57.375475097518375
1975-06-01,l_gross_econ,56.851922286780415
1975-09-01,l_gross_econ,56.21025437201908
1975-12-01,l_gross_econ,56.301550633907844
1976-03-01,l_gross_econ,56.31872980493972
1976-06-01,l_gross_econ,56.54368242874304
1976-09-01,l_gross_econ,56.62400832872796
1976-12-01,l_gross_econ,56.83793530363783
1977-03-01,l_gross_econ,56.77686742760744
1977-06-01,l_gross_econ,56.52262569722603
1977-09-01,l_gross_econ,56.3510668926739
1977-12-01,l_gross_econ,56.49105975595838
1978-03-01,l_gross_econ,56.86486633908644
1978-06-01,l_gross_econ,56.253607246663584
1978-09-01,l_gross_econ,56.510516062467005
1978-12-01,l_gross_econ,56.62165399617014
1979-03-01,l_gross_econ,56.86181166441232
1979-06-01,l_gross_econ,57.0466864322274
1979-09-01,l_gross_econ,57.36732671939168
1979-12-01,l_gross_econ,57.53145563379199
1980-03-01,l_gross_econ,57.81275141896732
1980-06-01,l_gross_econ,58.33155219087817
1980-09-01,l_gross_econ,57.67851261620186
1980-12-01,l_gross_econ,56.92805556651802
1981-03-01,l_gross_econ,56.764266370844076
1981-06-01,l_gross_econ,56.75855964409379
1981-09-01,l_gross_econ,56.167259052016355
1981-12-01,l_gross_econ,56.57961022080029
1982-03-01,l_gross_econ,56.99254430144542
1982-06-01,l_gross_econ,56.64901267822698
1982-09-01,l_gross_econ,56.6807395666491
1982-12-01,l_gross_econ,56.740572692827584
1983-03-01,l_gross_econ,56.56382285947649
1983-06-01,l_gross_econ,56.32759689891707
1983-09-01,l_gross_econ,56.1714561815016
1983-12-01,l_gross_econ,56.01577157519815
1984-03-01,l_gross_econ,55.45777489462347
1984-06-01,l_gross_econ,55.39888368135333
1984-09-01,l_gross_econ,55.485094897899835
1984-12-01,l_gross_econ,55.476305665096866
1985-03-01,l_gross_econ,55.445571722396934
1985-06-01,l_gross_econ,55.6419106909321
1985-09-01,l_gross_econ,55.634264018591665
1985-12-01,l_gross_econ,56.14262926093956
1986-03-01,l_gross_econ,56.15459431650732
1986-06-01,l_gross_econ,56.3692034755818
1986-09-01,l_gross_econ,56.62816813381003
1986-12-01,l_gross_econ,56.964657646218036
1987-03-01,l_gross_econ,56.94528151510123
1987-06-01,l_gross_econ,56.59477092872367
1987-09-01,l_gross_econ,56.34856965385041
1987-12-01,l_gross_econ,56.559220450144004
1988-03-01,l_gross_econ,56.4000616391313
1988-06-01,l_gross_econ,56.48781699676206
1988-09-01,l_gross_econ,56.315126990832916
1988-12-01,l_gross_econ,56.18380933313152
1989-03-01,l_gross_econ,56.06443068535599
1989-06-01,l_gross_econ,56.21567455763932
1989-09-01,l_gross_econ,56.30045636932649
1989-12-01,l_gross_econ,56.813904844365034
1990-03-01,l_gross_econ,56.77905376247891
1990-06-01,l_gross_econ,56.89634211944656
1990-09-01,l_gross_econ,57.0942624143375
1990-12-01,l_gross_econ,57.09131472404417
1991-03-01,l_gross_econ,56.752514744927694
1991-06-01,l_gross_econ,56.84444636672753
1991-09-01,l_gross_econ,56.94691125310236
1991-12-01,l_gross_econ,57.18385833211906
1992-03-01,l_gross_econ,57.26074434738333
1992-06-01,l_gross_econ,57.32874314389077
1992-09-01,l_gross_econ,57.43572428815933
1992-12-01,l_gross_econ,57.25288523303228
1993-03-01,l_gross_econ,57.266622924974854
1993-06-01,l_gross_econ,57.07347428013056
1993-09-01,l_gross_econ,57.12854619246839
1993-12-01,l_gross_econ,56.53971675189866
1994-03-01,l_gross_econ,56.31363093815081
1994-06-01,l_gross_econ,56.2904036323488
1994-09-01,l_gross_econ,56.00693159800062
1994-12-01,l_gross_econ,55.81458280736111
1995-03-01,l_gross_econ,55.910753679338974
1995-06-01,l_gross_econ,55.834251219094874
1995-09-01,l_gross_econ,55.49962538509387
1995-12-01,l_gross_econ,55.46974562117504
1996-03-01,l_gross_econ,55.22077271088173
1996-06-01,l_gross_econ,55.12040249848285
1996-09-01,l_gross_econ,55.23066557659731
1996-12-01,l_gross_econ,55.04139833398152
1997-03-01,l_gross_econ,55.04903622177378
1997-06-01,l_gross_econ,55.03733586538109
1997-09-01,l_gross_econ,54.84279856421629
1997-12-01,l_gross_econ,55.12686382368062
1998-03-01,l_gross_econ,55.612474176094445
1998-06-01,l_gross_econ,55.63207138588717
1998-09-01,l_gross_econ,55.58102078914841
1998-12-01,l_gross_econ,55.808249489365274
1999-03-01,l_gross_econ,55.81870710671532
1999-06-01,l_gross_econ,55.93202783736966
1999-09-01,l_gross_econ,56.00791305907432
1999-12-01,l_gross_econ,56.234238809693885
2000-03-01,l_gross_econ,56.678941436263244
2000-06-01,l_gross_econ,56.373007797144375
2000-09-01,l_gross_econ,56.61040315538139
2000-12-01,l_gross_econ,56.674346193501414
2001-03-01,l_gross_econ,56.72503219041557
2001-06-01,l_gross_econ,56.36163116540221
2001-09-01,l_gross_econ,56.282172242776696
2001-12-01,l_gross_econ,56.69299253639323
2002-03-01,l_gross_econ,56.05308766084665
2002-06-01,l_gross_econ,55.95950958742309
2002-09-01,l_gross_econ,55.78569423716189
2002-12-01,l_gross_econ,55.39002714232538
2003-03-01,l_gross_econ,55.326324194954644
2003-06-01,l_gross_econ,55.51331837863033
2003-09-01,l_gross_econ,55.35796041277953
2003-12-01,l_gross_econ,55.470998538735444
2004-03-01,l_gross_econ,54.97516617147829
2004-06-01,l_gross_econ,54.97372842654051
2004-09-01,l_gross_econ,55.052990948019385
2004-12-01,l_gross_econ,54.81775967694078
2005-03-01,l_gross_econ,54.41320772134587
2005-06-01,l_gross_econ,54.124606828524364
2005-09-01,l_gross_econ,54.12672405212033
2005-12-01,l_gross_econ,53.537112717904556
2006-03-01,l_gross_econ,53.5767420057549
2006-06-01,l_gross_econ,53.242283521662074
2006-09-01,l_gross_econ,53.08636713659582
2006-12-01,l_gross_econ,53.74330449853658
2007-03-01,l_gross_econ,54.50411944457886
2007-06-01,l_gross_econ,54.138381953133035
2007-09-01,l_gross_econ,54.58219934175487
2007-12-01,l_gross_econ,54.9849506935703
2008-03-01,l_gross_econ,55.35726905961719
2008-06-01,l_gross_econ,55.18095009282457
2008-09-01,l_gross_econ,54.96055877627387
2008-12-01,l_gross_econ,55.89471221292867
2009-03-01,l_gross_econ,54.646828809301375
2009-06-01,l_gross_econ,54.765091144469615
2009-09-01,l_gross_econ,54.365319486097555
2009-12-01,l_gross_econ,53.71086229627039
2010-03-01,l_gross_econ,53.060022215991964
2010-06-01,l_gross_econ,53.264622217683815
2010-09-01,l_gross_econ,52.78897776868697
2010-12-01,l_gross_econ,52.73196704680363
2011-03-01,l_gross_econ,53.24374776473934
2011-06-01,l_gross_econ,52.745525901680864
2011-09-01,l_gross_econ,52.8355635372942
2011-12-01,l_gross_econ,51.998578900402755
2012-03-01,l_gross_econ,52.008679172198725
2012-06-01,l_gross_econ,51.9675556226306
2012-09-01,l_gross_econ,52.38602535688937
2012-12-01,l_gross_econ,52.68784868781168
2013-03-01,l_gross_econ,52.305079177678316
2013-06-01,l_gross_econ,52.39618649952649
2013-09-01,l_gross_econ,52.24649949595763
2013-12-01,l_gross_econ,52.24080009519885
2014-03-01,l_gross_econ,52.6954083007963
2014-06-01,l_gross_econ,52.01412630480445
2014-09-01,l_gross_econ,51.817026446897934
2014-12-01,l_gross_econ,52.168210118238385
2015-03-01,l_gross_econ,52.56481817221462
2015-06-01,l_gross_econ,52.64134843974773
2015-09-01,l_gross_econ,52.879695076706966
2015-12-01,l_gross_econ,53.1242953317368
2016-03-01,l_gross_econ,53.046372530041445
2016-06-01,l_gross_econ,53.22566386477852
2016-09-01,l_gross_econ,53.24008237912268
2016-12-01,l_gross_econ,53.30727614974957
2017-03-01,l_gross_econ,53.20267203617609
2017-06-01,l_gross_econ,53.31667691267566
2017-09-01,l_gross_econ,53.51181817713397
2017-12-01,l_gross_econ,53.529005712306436
2018-03-01,l_gross_econ,53.41837649048201
2018-06-01,l_gross_econ,53.25369561606628
2018-09-01,l_gross_econ,53.237441883361534
2018-12-01,l_gross_econ,53.13217025690387
2019-03-01,l_gross_econ,53.46431126338664
2019-06-01,l_gross_econ,53.35000359158507
2019-09-01,l_gross_econ,53.182896387980676
2019-12-01,l_gross_econ,53.35487897633708
2020-03-01,l_gross_econ,54.19301661904184
2020-06-01,l_gross_econ,55.893605363137844
2020-09-01,l_gross_econ,54.40769950370503
2020-12-01,l_gross_econ,54.04254278380601
2021-03-01,l_gross_econ,53.38305806198856
2021-06-01,l_gross_econ,53.18563573929389
2021-09-01,l_gross_econ,53.0684866812232
2021-12-01,l_gross_econ,52.650925995793
2022-03-01,l_gross_econ,52.04949309298821
2022-06-01,l_gross_econ,51.37703100717393
2022-09-01,l_gross_econ,51.57488161064389
2022-12-01,l_gross_econ,51.68202198078613
2023-03-01,l_gross_econ,51.5513308979734
2023-06-01,l_gross_econ,51.83312254136739
2023-09-01,l_gross_econ,51.98342242842594
2023-12-01,l_gross_econ,51.695573239411026
2024-03-01,l_gross_econ,51.84959399070627
2024-06-01,l_gross_econ,51.853767282766576
2024-09-01,l_gross_econ,51.99090340980979
2024-12-01,l_gross_econ,51.86668807846488
2025-03-01,l_gross_econ,51.95948239961332
2025-06-01,l_gross_econ,51.68922486643854
2025-09-01,l_gross_econ,51.510401262978725
2025-12-01,l_gross_econ,51.19193498449035
2026-03-01,l_gross_econ,51.003274126596054
2026-06-01,l_gross_econ,50.38219710739683
1947-03-01,l_net_econ_std,60.80529758844643
1947-06-01,l_net_econ_std,60.93994023393612
1947-09-01,l_net_econ_std,60.85919729987527
1947-12-01,l_net_econ_std,60.55300069490242
1948-03-01,l_net_econ_std,59.849011537395235
1948-06-01,l_net_econ_std,58.533689522113384
1948-09-01,l_net_econ_std,59.34748939508514
1948-12-01,l_net_econ_std,59.311813980358174
1949-03-01,l_net_econ_std,60.43417338001331
1949-06-01,l_net_econ_std,60.66231832386066
1949-09-01,l_net_econ_std,60.16143633071817
1949-12-01,l_net_econ_std,60.77155631253992
1950-03-01,l_net_econ_std,59.94508386338693
1950-06-01,l_net_econ_std,59.70454536616854
1950-09-01,l_net_econ_std,59.216578086672115
1950-12-01,l_net_econ_std,59.78472549336671
1951-03-01,l_net_econ_std,60.264411150225634
1951-06-01,l_net_econ_std,60.95584429285919
1951-09-01,l_net_econ_std,60.877117929970574
1951-12-01,l_net_econ_std,60.82121552857769
1952-03-01,l_net_econ_std,61.9528438691659
1952-06-01,l_net_econ_std,61.99957290188049
1952-09-01,l_net_econ_std,62.00107078240963
1952-12-01,l_net_econ_std,62.194781347864584
1953-03-01,l_net_econ_std,62.21375048529236
1953-06-01,l_net_econ_std,62.62610463752248
1953-09-01,l_net_econ_std,62.98486536486892
1953-12-01,l_net_econ_std,64.00133276611442
1954-03-01,l_net_econ_std,63.139109881582144
1954-06-01,l_net_econ_std,62.95807451118496
1954-09-01,l_net_econ_std,62.49974359049497
1954-12-01,l_net_econ_std,62.19519515227737
1955-03-01,l_net_econ_std,61.28531709108379
1955-06-01,l_net_econ_std,61.40424535538098
1955-09-01,l_net_econ_std,61.75032263342773
1955-12-01,l_net_econ_std,61.91138862565394
1956-03-01,l_net_econ_std,62.54296594393765
1956-06-01,l_net_econ_std,62.80820857846682
1956-09-01,l_net_econ_std,62.78985243875845
1956-12-01,l_net_econ_std,62.92789100956513
1957-03-01,l_net_econ_std,62.91025802148084
1957-06-01,l_net_econ_std,63.082369135398416
1957-09-01,l_net_econ_std,63.146122075221534
1957-12-01,l_net_econ_std,63.73342109274993
1958-03-01,l_net_econ_std,63.83372312409104
1958-06-01,l_net_econ_std,63.461529055577564
1958-09-01,l_net_econ_std,63.35984981368933
1958-12-01,l_net_econ_std,62.654286194132006
1959-03-01,l_net_econ_std,62.78638757317454
1959-06-01,l_net_econ_std,62.32360361927962
1959-09-01,l_net_econ_std,62.83224200550371
1959-12-01,l_net_econ_std,62.854012338327415
1960-03-01,l_net_econ_std,62.905669907816645
1960-06-01,l_net_econ_std,63.443868114869865
1960-09-01,l_net_econ_std,63.45341625322006
1960-12-01,l_net_econ_std,63.61833921614437
1961-03-01,l_net_econ_std,63.61222169548126
1961-06-01,l_net_econ_std,63.1930627949422
1961-09-01,l_net_econ_std,62.97303234466038
1961-12-01,l_net_econ_std,62.4879805573888
1962-03-01,l_net_econ_std,62.634690450035876
1962-06-01,l_net_econ_std,62.961879728949526
1962-09-01,l_net_econ_std,62.74156561164094
1962-12-01,l_net_econ_std,62.52438938603539
1963-03-01,l_net_econ_std,62.615925982767315
1963-06-01,l_net_econ_std,62.46403973283835
1963-09-01,l_net_econ_std,62.431874140406094
1963-12-01,l_net_econ_std,62.42977809093835
1964-03-01,l_net_econ_std,62.25331610651085
1964-06-01,l_net_econ_std,62.42771855296396
1964-09-01,l_net_econ_std,62.49475873749291
1964-12-01,l_net_econ_std,62.61829704151991
1965-03-01,l_net_econ_std,61.92310298690226
1965-06-01,l_net_econ_std,61.9517144693936
1965-09-01,l_net_econ_std,62.13915054859769
1965-12-01,l_net_econ_std,62.10880836669276
1966-03-01,l_net_econ_std,62.133887311536704
1966-06-01,l_net_econ_std,62.877857454142074
1966-09-01,l_net_econ_std,63.45076228088254
1966-12-01,l_net_econ_std,63.51384478015018
1967-03-01,l_net_econ_std,63.80970742496222
1967-06-01,l_net_econ_std,63.98481968329049
1967-09-01,l_net_econ_std,64.00393592773932
1967-12-01,l_net_econ_std,64.09605249560815
1968-03-01,l_net_econ_std,64.28879747002705
1968-06-01,l_net_econ_std,64.25126637458202
1968-09-01,l_net_econ_std,64.4281706203833
1968-12-01,l_net_econ_std,64.60988452981267
1969-03-01,l_net_econ_std,64.81202297439394
1969-06-01,l_net_econ_std,65.2451883261756
1969-09-01,l_net_econ_std,65.7788089130883
1969-12-01,l_net_econ_std,66.45372150508102
1970-03-01,l_net_econ_std,67.21839392057926
1970-06-01,l_net_econ_std,66.93496340328906
1970-09-01,l_net_econ_std,66.74497503588691
1970-12-01,l_net_econ_std,66.88083231594034
1971-03-01,l_net_econ_std,66.29956375402809
1971-06-01,l_net_econ_std,66.21587580050924
1971-09-01,l_net_econ_std,66.01266882739462
1971-12-01,l_net_econ_std,65.78554510596604
1972-03-01,l_net_econ_std,66.22049378791986
1972-06-01,l_net_econ_std,66.27456952026427
1972-09-01,l_net_econ_std,65.75166179017565
1972-12-01,l_net_econ_std,65.1305760039554
1973-03-01,l_net_econ_std,65.4339223380237
1973-06-01,l_net_econ_std,65.61679511288945
1973-09-01,l_net_econ_std,65.62740477298944
1973-12-01,l_net_econ_std,65.36913669031225
1974-03-01,l_net_econ_std,66.18842614761917
1974-06-01,l_net_econ_std,66.6427711515135
1974-09-01,l_net_econ_std,66.91702440021557
1974-12-01,l_net_econ_std,67.03799964348514
1975-03-01,l_net_econ_std,66.94142771760521
1975-06-01,l_net_econ_std,66.41154249094097
1975-09-01,l_net_econ_std,65.54078882060817
1975-12-01,l_net_econ_std,65.59146382945801
1976-03-01,l_net_econ_std,65.47310881644725
1976-06-01,l_net_econ_std,65.7611190949901
1976-09-01,l_net_econ_std,65.88305889632188
1976-12-01,l_net_econ_std,66.18657148958238
1977-03-01,l_net_econ_std,66.13766797416372
1977-06-01,l_net_econ_std,65.75143980045132
1977-09-01,l_net_econ_std,65.5264750747182
1977-12-01,l_net_econ_std,65.7081649282041
1978-03-01,l_net_econ_std,66.24806976591476
1978-06-01,l_net_econ_std,65.36696739968242
1978-09-01,l_net_econ_std,65.73445690176938
1978-12-01,l_net_econ_std,65.89968307199584
1979-03-01,l_net_econ_std,66.25765642487633
1979-06-01,l_net_econ_std,66.64309056977501
1979-09-01,l_net_econ_std,67.15599730261702
1979-12-01,l_net_econ_std,67.47551775583605
1980-03-01,l_net_econ_std,67.96924804560965
1980-06-01,l_net_econ_std,68.91263824385385
1980-09-01,l_net_econ_std,68.1923406885065
1980-12-01,l_net_econ_std,67.13236060406695
1981-03-01,l_net_econ_std,66.93068057574216
1981-06-01,l_net_econ_std,67.06147501497156
1981-09-01,l_net_econ_std,66.31424321200352
1981-12-01,l_net_econ_std,67.059008246459
1982-03-01,l_net_econ_std,67.8084373438751
1982-06-01,l_net_econ_std,67.47795262903486
1982-09-01,l_net_econ_std,67.59716885657063
1982-12-01,l_net_econ_std,67.74777517341093
1983-03-01,l_net_econ_std,67.37177648719832
1983-06-01,l_net_econ_std,66.93958466860632
1983-09-01,l_net_econ_std,66.60734871049895
1983-12-01,l_net_econ_std,66.19518529490688
1984-03-01,l_net_econ_std,65.29064615440834
1984-06-01,l_net_econ_std,65.11843609422209
1984-09-01,l_net_econ_std,65.2218261332781
1984-12-01,l_net_econ_std,65.25430414059525
1985-03-01,l_net_econ_std,65.13858524947364
1985-06-01,l_net_econ_std,65.41232230897947
1985-09-01,l_net_econ_std,65.38616611658178
1985-12-01,l_net_econ_std,66.06811776821041
1986-03-01,l_net_econ_std,66.1036404204799
1986-06-01,l_net_econ_std,66.48472984361263
1986-09-01,l_net_econ_std,66.85946964189898
1986-12-01,l_net_econ_std,67.29046687297934
1987-03-01,l_net_econ_std,67.24491785003964
1987-06-01,l_net_econ_std,66.74477936734412
1987-09-01,l_net_econ_std,66.39363537838378
1987-12-01,l_net_econ_std,66.5981414793953
1988-03-01,l_net_econ_std,66.40805574379932
1988-06-01,l_net_econ_std,66.47461223669526
1988-09-01,l_net_econ_std,66.23156944733708
1988-12-01,l_net_econ_std,66.01945146266476
1989-03-01,l_net_econ_std,65.87834051548975
1989-06-01,l_net_econ_std,66.14033594340557
1989-09-01,l_net_econ_std,66.29088128347682
1989-12-01,l_net_econ_std,66.98179598892692
1990-03-01,l_net_econ_std,66.86497970930694
1990-06-01,l_net_econ_std,66.97039277543823
1990-09-01,l_net_econ_std,67.281748270625
1990-12-01,l_net_econ_std,67.40371459888311
1991-03-01,l_net_econ_std,67.07164480322906
1991-06-01,l_net_econ_std,67.18720528366707
1991-09-01,l_net_econ_std,67.29566134744489
1991-12-01,l_net_econ_std,67.53954205315917
1992-03-01,l_net_econ_std,67.43455626885705
1992-06-01,l_net_econ_std,67.43165093987164
1992-09-01,l_net_econ_std,67.56280785292171
1992-12-01,l_net_econ_std,67.28897622721463
1993-03-01,l_net_econ_std,67.42418260672656
1993-06-01,l_net_econ_std,67.12033822692743
1993-09-01,l_net_econ_std,67.22331047477437
1993-12-01,l_net_econ_std,66.39060429468256
1994-03-01,l_net_econ_std,66.13780786642855
1994-06-01,l_net_econ_std,66.02961340034541
1994-09-01,l_net_econ_std,65.69095308071591
1994-12-01,l_net_econ_std,65.45580648246876
1995-03-01,l_net_econ_std,65.66108569997006
1995-06-01,l_net_econ_std,65.62140084368033
1995-09-01,l_net_econ_std,65.18474563715716
1995-12-01,l_net_econ_std,65.15208161723123
1996-03-01,l_net_econ_std,64.79538042683187
1996-06-01,l_net_econ_std,64.58502796089519
1996-09-01,l_net_econ_std,64.71173661023192
1996-12-01,l_net_econ_std,64.428621268358
1997-03-01,l_net_econ_std,64.40792652236736
1997-06-01,l_net_econ_std,64.3922506520581
1997-09-01,l_net_econ_std,64.08911397166567
1997-12-01,l_net_econ_std,64.38704573030206
1998-03-01,l_net_econ_std,64.97258844015963
1998-06-01,l_net_econ_std,64.96841137758409
1998-09-01,l_net_econ_std,64.86866650295754
1998-12-01,l_net_econ_std,65.16368779677154
1999-03-01,l_net_econ_std,65.15017493391146
1999-06-01,l_net_econ_std,65.38455523449385
1999-09-01,l_net_econ_std,65.54392372436925
1999-12-01,l_net_econ_std,65.8397703013487
2000-03-01,l_net_econ_std,66.33960244519679
2000-06-01,l_net_econ_std,66.04196249201279
2000-09-01,l_net_econ_std,66.29135123424034
2000-12-01,l_net_econ_std,66.37588321611396
2001-03-01,l_net_econ_std,66.47558750559779
2001-06-01,l_net_econ_std,66.19318312390581
2001-09-01,l_net_econ_std,66.2417890932058
2001-12-01,l_net_econ_std,66.89192717668479
2002-03-01,l_net_econ_std,66.04179104217737
2002-06-01,l_net_econ_std,65.86404117755514
2002-09-01,l_net_econ_std,65.67666300322168
2002-12-01,l_net_econ_std,65.17260699590986
2003-03-01,l_net_econ_std,65.14538935507595
2003-06-01,l_net_econ_std,65.32492145148817
2003-09-01,l_net_econ_std,65.06680192843552
2003-12-01,l_net_econ_std,65.17311639549436
2004-03-01,l_net_econ_std,64.59112620300282
2004-06-01,l_net_econ_std,64.55828451612261
2004-09-01,l_net_econ_std,64.63756044295901
2004-12-01,l_net_econ_std,64.45230910412697
2005-03-01,l_net_econ_std,64.01017820250412
2005-06-01,l_net_econ_std,63.700601155032494
2005-09-01,l_net_econ_std,63.75013057483039
2005-12-01,l_net_econ_std,63.04285163580038
2006-03-01,l_net_econ_std,63.03707358300929
2006-06-01,l_net_econ_std,62.69674085348125
2006-09-01,l_net_econ_std,62.571039931895456
2006-12-01,l_net_econ_std,63.47396756761071
2007-03-01,l_net_econ_std,64.45759969628871
2007-06-01,l_net_econ_std,64.0255723427775
2007-09-01,l_net_econ_std,64.71877967072002
2007-12-01,l_net_econ_std,65.27171779439345
2008-03-01,l_net_econ_std,65.83666080722254
2008-06-01,l_net_econ_std,65.73623603156071
2008-09-01,l_net_econ_std,65.54741464993332
2008-12-01,l_net_econ_std,67.02270467186206
2009-03-01,l_net_econ_std,65.72664155777385
2009-06-01,l_net_econ_std,65.74218149485854
2009-09-01,l_net_econ_std,65.1381391824714
2009-12-01,l_net_econ_std,64.17649819771253
2010-03-01,l_net_econ_std,63.32180508532486
2010-06-01,l_net_econ_std,63.43165164249084
2010-09-01,l_net_econ_std,62.696015504849186
2010-12-01,l_net_econ_std,62.63118140082403
2011-03-01,l_net_econ_std,63.28633337651646
2011-06-01,l_net_econ_std,62.65766911692632
2011-09-01,l_net_econ_std,62.78299367419561
2011-12-01,l_net_econ_std,61.76796734336899
2012-03-01,l_net_econ_std,61.61895479754238
2012-06-01,l_net_econ_std,61.61155693819454
2012-09-01,l_net_econ_std,62.2620102478015
2012-12-01,l_net_econ_std,62.48428504329374
2013-03-01,l_net_econ_std,62.088278993139276
2013-06-01,l_net_econ_std,62.238107884432914
2013-09-01,l_net_econ_std,62.125140697438304
2013-12-01,l_net_econ_std,62.15916059532851
2014-03-01,l_net_econ_std,62.75243791984716
2014-06-01,l_net_econ_std,61.82716575765611
2014-09-01,l_net_econ_std,61.56186385419538
2014-12-01,l_net_econ_std,61.97450542169315
2015-03-01,l_net_econ_std,62.48377632256175
2015-06-01,l_net_econ_std,62.55439222291095
2015-09-01,l_net_econ_std,62.8834905345283
2015-12-01,l_net_econ_std,63.20786290310909
2016-03-01,l_net_econ_std,63.096716952757696
2016-06-01,l_net_econ_std,63.42083595184137
2016-09-01,l_net_econ_std,63.42966553627278
2016-12-01,l_net_econ_std,63.53392722133728
2017-03-01,l_net_econ_std,63.381568760099796
2017-06-01,l_net_econ_std,63.565921048137014
2017-09-01,l_net_econ_std,63.83713561933029
2017-12-01,l_net_econ_std,63.79287758712735
2018-03-01,l_net_econ_std,63.65586496970538
2018-06-01,l_net_econ_std,63.470930350021945
2018-09-01,l_net_econ_std,63.424110937900075
2018-12-01,l_net_econ_std,63.33000910959139
2019-03-01,l_net_econ_std,63.73568596669882
2019-06-01,l_net_econ_std,63.66685568443288
2019-09-01,l_net_econ_std,63.49026284625091
2019-12-01,l_net_econ_std,63.66451448577397
2020-03-01,l_net_econ_std,64.83196475774413
2020-06-01,l_net_econ_std,68.3238896132589
2020-09-01,l_net_econ_std,65.61858807575435
2020-12-01,l_net_econ_std,64.80341364049747
2021-03-01,l_net_econ_std,63.908561379349834
2021-06-01,l_net_econ_std,63.57645545854214
2021-09-01,l_net_econ_std,63.42784720314247
2021-12-01,l_net_econ_std,62.85049527885076
2022-03-01,l_net_econ_std,62.23872739639725
2022-06-01,l_net_econ_std,61.522511418500585
2022-09-01,l_net_econ_std,61.7979327337111
2022-12-01,l_net_econ_std,62.054255988086496
2023-03-01,l_net_econ_std,61.86452423332015
2023-06-01,l_net_econ_std,62.21234165765682
2023-09-01,l_net_econ_std,62.353442417367575
2023-12-01,l_net_econ_std,61.9376751702305
2024-03-01,l_net_econ_std,62.08864838035308
2024-06-01,l_net_econ_std,62.10040822854026
2024-09-01,l_net_econ_std,62.340922093753164
2024-12-01,l_net_econ_std,62.16213509592964
2025-03-01,l_net_econ_std,62.25286261274286
2025-06-01,l_net_econ_std,61.91404579986396
2025-09-01,l_net_econ_std,61.765623033892894
2025-12-01,l_net_econ_std,61.454173337377476
2026-03-01,l_net_econ_std,61.23913762033628
2026-06-01,l_net_econ_std,60.470846541400306
1947-03-01,l_net_labmax,90.04777591134187
1947-06-01,l_net_labmax,88.01979613417141
1947-09-01,l_net_labmax,87.83894216828087
1947-12-01,l_net_labmax,87.82792312372499
1948-03-01,l_net_labmax,86.67477644958282
1948-06-01,l_net_labmax,86.54403313290207
1948-09-01,l_net_labmax,86.94794678200017
1948-12-01,l_net_labmax,86.15443919765409
1949-03-01,l_net_labmax,85.95015900658741
1949-06-01,l_net_labmax,86.13512294806728
1949-09-01,l_net_labmax,85.49596295245469
1949-12-01,l_net_labmax,86.53832982730786
1950-03-01,l_net_labmax,86.89497478616869
1950-06-01,l_net_labmax,86.75940401365536
1950-09-01,l_net_labmax,87.01803833145433
1950-12-01,l_net_labmax,86.72994254450515
1951-03-01,l_net_labmax,89.10168700136016
1951-06-01,l_net_labmax,88.02405870696062
1951-09-01,l_net_labmax,87.18129616914034
1951-12-01,l_net_labmax,87.34498779957883
1952-03-01,l_net_labmax,87.51182278881647
1952-06-01,l_net_labmax,87.7529861861511
1952-09-01,l_net_labmax,87.89728433136297
1952-12-01,l_net_labmax,87.25990079303267
1953-03-01,l_net_labmax,87.31698002550516
1953-06-01,l_net_labmax,87.6048206486937
1953-09-01,l_net_labmax,87.59073485033848
1953-12-01,l_net_labmax,88.22702494620995
1954-03-01,l_net_labmax,87.32916456180112
1954-06-01,l_net_labmax,86.9235990544961
1954-09-01,l_net_labmax,86.56864571864148
1954-12-01,l_net_labmax,86.04904017953334
1955-03-01,l_net_labmax,85.39409642969659
1955-06-01,l_net_labmax,85.32470135743772
1955-09-01,l_net_labmax,85.69736862341018
1955-12-01,l_net_labmax,85.71510787880257
1956-03-01,l_net_labmax,86.16577239083048
1956-06-01,l_net_labmax,86.36958907018723
1956-09-01,l_net_labmax,86.17902225369855
1956-12-01,l_net_labmax,86.34282199364385
1957-03-01,l_net_labmax,86.16393828825923
1957-06-01,l_net_labmax,86.34591536735917
1957-09-01,l_net_labmax,86.50463959043616
1957-12-01,l_net_labmax,86.76972254686746
1958-03-01,l_net_labmax,87.35274730846587
1958-06-01,l_net_labmax,86.98226513303256
1958-09-01,l_net_labmax,86.57384426564843
1958-12-01,l_net_labmax,85.81963152932904
1959-03-01,l_net_labmax,85.96521856955243
1959-06-01,l_net_labmax,85.30979591733373
1959-09-01,l_net_labmax,85.7295690180931
1959-12-01,l_net_labmax,85.55236811657494
1960-03-01,l_net_labmax,85.50099445996287
1960-06-01,l_net_labmax,85.98043782021425
1960-09-01,l_net_labmax,85.87815274016685
1960-12-01,l_net_labmax,86.04933821129498
1961-03-01,l_net_labmax,86.25254088459168
1961-06-01,l_net_labmax,85.65291851006137
1961-09-01,l_net_labmax,85.44934672967713
1961-12-01,l_net_labmax,85.03067065745599
1962-03-01,l_net_labmax,84.81070718451012
1962-06-01,l_net_labmax,84.79333040807371
1962-09-01,l_net_labmax,84.56960592385293
1962-12-01,l_net_labmax,84.25608722090423
1963-03-01,l_net_labmax,84.30375410744267
1963-06-01,l_net_labmax,84.11883558144821
1963-09-01,l_net_labmax,84.08040907717076
1963-12-01,l_net_labmax,84.14669385165323
1964-03-01,l_net_labmax,83.55818674418053
1964-06-01,l_net_labmax,83.66171349687066
1964-09-01,l_net_labmax,83.64817473221663
1964-12-01,l_net_labmax,83.7742587108161
1965-03-01,l_net_labmax,82.99348275081921
1965-06-01,l_net_labmax,82.98768347995004
1965-09-01,l_net_labmax,82.9942468343531
1965-12-01,l_net_labmax,82.94586873193093
1966-03-01,l_net_labmax,82.89928836429411
1966-06-01,l_net_labmax,83.21694815451006
1966-09-01,l_net_labmax,83.50706479549949
1966-12-01,l_net_labmax,83.4008319339721
1967-03-01,l_net_labmax,83.66878292584087
1967-06-01,l_net_labmax,83.75422145190238
1967-09-01,l_net_labmax,83.94270170176067
1967-12-01,l_net_labmax,83.90534438478741
1968-03-01,l_net_labmax,84.62393301452089
1968-06-01,l_net_labmax,84.49398297830193
1968-09-01,l_net_labmax,84.67524068656647
1968-12-01,l_net_labmax,84.74796157841068
1969-03-01,l_net_labmax,84.76053906924251
1969-06-01,l_net_labmax,85.15020922627303
1969-09-01,l_net_labmax,85.48342738403244
1969-12-01,l_net_labmax,86.09333117954982
1970-03-01,l_net_labmax,86.4422087201575
1970-06-01,l_net_labmax,85.95026645174578
1970-09-01,l_net_labmax,85.93157373121987
1970-12-01,l_net_labmax,86.10484252972684
1971-03-01,l_net_labmax,85.49901902193375
1971-06-01,l_net_labmax,85.53637904979544
1971-09-01,l_net_labmax,85.28060062761246
1971-12-01,l_net_labmax,85.14555774374716
1972-03-01,l_net_labmax,85.11770949917742
1972-06-01,l_net_labmax,85.38281723773972
1972-09-01,l_net_labmax,84.87496630645201
1972-12-01,l_net_labmax,84.91813521590572
1973-03-01,l_net_labmax,84.96228321684333
1973-06-01,l_net_labmax,85.39429338779603
1973-09-01,l_net_labmax,85.34471496735424
1973-12-01,l_net_labmax,85.41303548405676
1974-03-01,l_net_labmax,85.63858968001941
1974-06-01,l_net_labmax,85.66821604246147
1974-09-01,l_net_labmax,86.25622898437487
1974-12-01,l_net_labmax,85.90267372167072
1975-03-01,l_net_labmax,85.02565633294606
1975-06-01,l_net_labmax,84.59630183726821
1975-09-01,l_net_labmax,84.2984051477456
1975-12-01,l_net_labmax,84.35492167264736
1976-03-01,l_net_labmax,84.22277412236193
1976-06-01,l_net_labmax,84.4994853823921
1976-09-01,l_net_labmax,84.64268913009182
1976-12-01,l_net_labmax,84.96413620726128
1977-03-01,l_net_labmax,84.9316880669341
1977-06-01,l_net_labmax,84.27776595341841
1977-09-01,l_net_labmax,83.75874397833782
1977-12-01,l_net_labmax,84.27134763142064
1978-03-01,l_net_labmax,84.54736907770312
1978-06-01,l_net_labmax,83.94449609791894
1978-09-01,l_net_labmax,83.92580764581781
1978-12-01,l_net_labmax,83.92838688698086
1979-03-01,l_net_labmax,84.37943906535463
1979-06-01,l_net_labmax,84.50511271134023
1979-09-01,l_net_labmax,84.82556775430619
1979-12-01,l_net_labmax,84.59026157593524
1980-03-01,l_net_labmax,84.80897429465801
1980-06-01,l_net_labmax,84.89298982004149
1980-09-01,l_net_labmax,84.74319787071957
1980-12-01,l_net_labmax,83.6074144083532
1981-03-01,l_net_labmax,83.56816160369229
1981-06-01,l_net_labmax,82.78794698069923
1981-09-01,l_net_labmax,81.73267658929548
1981-12-01,l_net_labmax,81.77034410356585
1982-03-01,l_net_labmax,81.86986489478441
1982-06-01,l_net_labmax,81.54541538547049
1982-09-01,l_net_labmax,81.73003737154148
1982-12-01,l_net_labmax,81.96152803271298
1983-03-01,l_net_labmax,81.56863705934914
1983-06-01,l_net_labmax,81.40319577159593
1983-09-01,l_net_labmax,81.08927876071994
1983-12-01,l_net_labmax,80.77082606353726
1984-03-01,l_net_labmax,80.56702923102803
1984-06-01,l_net_labmax,80.40729259943542
1984-09-01,l_net_labmax,80.02004557635722
1984-12-01,l_net_labmax,79.76574965861266
1985-03-01,l_net_labmax,79.98374376277621
1985-06-01,l_net_labmax,80.11735262959726
1985-09-01,l_net_labmax,80.15099711563235
1985-12-01,l_net_labmax,80.82742799397263
1986-03-01,l_net_labmax,80.86490891616212
1986-06-01,l_net_labmax,81.42609436762524
1986-09-01,l_net_labmax,82.22901380979889
1986-12-01,l_net_labmax,82.8240754231618
1987-03-01,l_net_labmax,82.9140993421696
1987-06-01,l_net_labmax,82.57768066846333
1987-09-01,l_net_labmax,82.2384622313968
1987-12-01,l_net_labmax,82.31603002588639
1988-03-01,l_net_labmax,82.4343244494772
1988-06-01,l_net_labmax,82.61081538966147
1988-09-01,l_net_labmax,82.54392017501489
1988-12-01,l_net_labmax,81.97912037848427
1989-03-01,l_net_labmax,82.24843539099271
1989-06-01,l_net_labmax,82.05894681344988
1989-09-01,l_net_labmax,82.03958357844398
1989-12-01,l_net_labmax,82.73041405406563
1990-03-01,l_net_labmax,82.59522107779317
1990-06-01,l_net_labmax,82.59890060174854
1990-09-01,l_net_labmax,83.2012965395159
1990-12-01,l_net_labmax,83.37834335054167
1991-03-01,l_net_labmax,82.84551782230892
1991-06-01,l_net_labmax,83.01922067936283
1991-09-01,l_net_labmax,83.16231477094409
1991-12-01,l_net_labmax,83.67664616458845
1992-03-01,l_net_labmax,83.76089741389313
1992-06-01,l_net_labmax,83.93422795898232
1992-09-01,l_net_labmax,84.19279071229025
1992-12-01,l_net_labmax,83.96399513991324
1993-03-01,l_net_labmax,84.12229003867812
1993-06-01,l_net_labmax,83.97527647525713
1993-09-01,l_net_labmax,83.82575743416808
1993-12-01,l_net_labmax,83.50410916188054
1994-03-01,l_net_labmax,83.0915247685013
1994-06-01,l_net_labmax,82.9810255044611
1994-09-01,l_net_labmax,82.70440789956928
1994-12-01,l_net_labmax,82.4662356736499
1995-03-01,l_net_labmax,82.6861855535367
1995-06-01,l_net_labmax,82.44152326008856
1995-09-01,l_net_labmax,82.00663124614199
1995-12-01,l_net_labmax,82.05032768862219
1996-03-01,l_net_labmax,81.91169469566574
1996-06-01,l_net_labmax,81.95382476934536
1996-09-01,l_net_labmax,81.92645915626689
1996-12-01,l_net_labmax,81.59800530664312
1997-03-01,l_net_labmax,81.58950115069561
1997-06-01,l_net_labmax,81.53789243788394
1997-09-01,l_net_labmax,81.20690240759382
1997-12-01,l_net_labmax,81.2902876188335
1998-03-01,l_net_labmax,82.07606636640664
1998-06-01,l_net_labmax,81.95550223342694
1998-09-01,l_net_labmax,81.85149747291639
1998-12-01,l_net_labmax,82.25580571193247
1999-03-01,l_net_labmax,82.2431560188839
1999-06-01,l_net_labmax,82.51742855429761
1999-09-01,l_net_labmax,82.7451086792192
1999-12-01,l_net_labmax,83.03980297115143
2000-03-01,l_net_labmax,83.40672463023084
2000-06-01,l_net_labmax,83.2900244416014
2000-09-01,l_net_labmax,83.19860642037764
2000-12-01,l_net_labmax,83.51981896360235
2001-03-01,l_net_labmax,83.25525491306111
2001-06-01,l_net_labmax,82.96271729224361
2001-09-01,l_net_labmax,83.06133898937945
2001-12-01,l_net_labmax,84.00109774839606
2002-03-01,l_net_labmax,83.11669880895198
2002-06-01,l_net_labmax,82.88558768761624
2002-09-01,l_net_labmax,82.92109200938884
2002-12-01,l_net_labmax,82.46231979220808
2003-03-01,l_net_labmax,82.5153596389225
2003-06-01,l_net_labmax,82.63159747016277
2003-09-01,l_net_labmax,82.56504671070434
2003-12-01,l_net_labmax,82.79574784334125
2004-03-01,l_net_labmax,82.52032242925232
2004-06-01,l_net_labmax,82.5581376504834
2004-09-01,l_net_labmax,82.5406489612905
2004-12-01,l_net_labmax,82.41839754046181
2005-03-01,l_net_labmax,82.18239858628567
2005-06-01,l_net_labmax,81.62137573425166
2005-09-01,l_net_labmax,81.75413994415891
2005-12-01,l_net_labmax,81.07947618457406
2006-03-01,l_net_labmax,81.31651787830246
2006-06-01,l_net_labmax,80.88825477741953
2006-09-01,l_net_labmax,80.74383887014802
2006-12-01,l_net_labmax,81.4949283487694
2007-03-01,l_net_labmax,82.22281747817499
2007-06-01,l_net_labmax,81.2770147731397
2007-09-01,l_net_labmax,81.82559916811786
2007-12-01,l_net_labmax,82.28717683414108
2008-03-01,l_net_labmax,82.27618759873182
2008-06-01,l_net_labmax,82.12907541523957
2008-09-01,l_net_labmax,81.64822844142557
2008-12-01,l_net_labmax,82.78181966240076
2009-03-01,l_net_labmax,81.18818309564598
2009-06-01,l_net_labmax,81.22897867541197
2009-09-01,l_net_labmax,80.83151412951143
2009-12-01,l_net_labmax,80.46528334198175
2010-03-01,l_net_labmax,79.93945174749422
2010-06-01,l_net_labmax,80.31685767551824
2010-09-01,l_net_labmax,79.49319115855694
2010-12-01,l_net_labmax,79.52469206019397
2011-03-01,l_net_labmax,80.51728880128437
2011-06-01,l_net_labmax,79.9006875412707
2011-09-01,l_net_labmax,80.02773810009772
2011-12-01,l_net_labmax,79.1682489195691
2012-03-01,l_net_labmax,78.98808552362274
2012-06-01,l_net_labmax,79.07437248085918
2012-09-01,l_net_labmax,79.77804308151069
2012-12-01,l_net_labmax,79.86398775919949
2013-03-01,l_net_labmax,79.91369661362306
2013-06-01,l_net_labmax,80.11526029699606
2013-09-01,l_net_labmax,79.99858439130118
2013-12-01,l_net_labmax,79.72994508335887
2014-03-01,l_net_labmax,80.63355565179731
2014-06-01,l_net_labmax,79.63695575078135
2014-09-01,l_net_labmax,78.97275820828636
2014-12-01,l_net_labmax,79.2583950759695
2015-03-01,l_net_labmax,79.72465792863802
2015-06-01,l_net_labmax,79.60702348025275
2015-09-01,l_net_labmax,79.86396502356041
2015-12-01,l_net_labmax,80.01753806541096
2016-03-01,l_net_labmax,79.8469629129454
2016-06-01,l_net_labmax,80.21794794091747
2016-09-01,l_net_labmax,80.38009830223616
2016-12-01,l_net_labmax,80.34927655270869
2017-03-01,l_net_labmax,79.77873898252874
2017-06-01,l_net_labmax,80.07065292986725
2017-09-01,l_net_labmax,80.40771898227383
2017-12-01,l_net_labmax,80.40805932274954
2018-03-01,l_net_labmax,80.10504826789156
2018-06-01,l_net_labmax,79.91001406994283
2018-09-01,l_net_labmax,79.82102400124535
2018-12-01,l_net_labmax,79.85928169580937
2019-03-01,l_net_labmax,80.04557482115169
2019-06-01,l_net_labmax,80.02921127937213
2019-09-01,l_net_labmax,79.95398981748096
2019-12-01,l_net_labmax,80.12984167664156
2020-03-01,l_net_labmax,81.33771701460697
2020-06-01,l_net_labmax,80.45963318540285
2020-09-01,l_net_labmax,78.52375954197346
2020-12-01,l_net_labmax,79.86021668230764
2021-03-01,l_net_labmax,78.83686993855757
2021-06-01,l_net_labmax,78.23928220407215
2021-09-01,l_net_labmax,78.66750917647866
2021-12-01,l_net_labmax,79.00498421784505
2022-03-01,l_net_labmax,79.23713765176937
2022-06-01,l_net_labmax,78.43229760674876
2022-09-01,l_net_labmax,78.61554633139828
2022-12-01,l_net_labmax,78.91058710970286
2023-03-01,l_net_labmax,78.53027286532684
2023-06-01,l_net_labmax,78.68840062041058
2023-09-01,l_net_labmax,78.73830873843676
2023-12-01,l_net_labmax,78.19006933650365
2024-03-01,l_net_labmax,78.48353155002759
2024-06-01,l_net_labmax,78.55267171391003
2024-09-01,l_net_labmax,78.8375849142267
2024-12-01,l_net_labmax,78.64788387272947
2025-03-01,l_net_labmax,78.65292334921742
2025-06-01,l_net_labmax,78.6660588672562
2025-09-01,l_net_labmax,78.60314102374075
2025-12-01,l_net_labmax,78.45669965982343
2026-03-01,l_net_labmax,78.18680681653314
2026-06-01,l_net_labmax,77.39324415223146
1947-03-01,l_net_prop75,85.11365867492746
1947-06-01,l_net_prop75,83.55627244375977
1947-09-01,l_net_prop75,83.37160135181446
1947-12-01,l_net_prop75,83.35778962814501
1948-03-01,l_net_prop75,82.2130878161957
1948-06-01,l_net_prop75,81.76704853096236
1948-09-01,l_net_prop75,82.23730921477
1948-12-01,l_net_prop75,81.57722648237124
1949-03-01,l_net_prop75,81.76038275157114
1949-06-01,l_net_prop75,81.9452706008769
1949-09-01,l_net_prop75,81.37980947251489
1949-12-01,l_net_prop75,82.35910669732401
1950-03-01,l_net_prop75,82.59628932100551
1950-06-01,l_net_prop75,82.56468749002967
1950-09-01,l_net_prop75,82.84927586505941
1950-12-01,l_net_prop75,82.72396002228375
1951-03-01,l_net_prop75,84.95005988753324
1951-06-01,l_net_prop75,83.90793364503344
1951-09-01,l_net_prop75,83.10284918772496
1951-12-01,l_net_prop75,83.28765139107085
1952-03-01,l_net_prop75,83.67581085009992
1952-06-01,l_net_prop75,83.83261294938816
1952-09-01,l_net_prop75,83.9043626317142
1952-12-01,l_net_prop75,83.55937014306434
1953-03-01,l_net_prop75,83.6558985794854
1953-06-01,l_net_prop75,84.01787922628385
1953-09-01,l_net_prop75,84.08894733980371
1953-12-01,l_net_prop75,84.65617331051124
1954-03-01,l_net_prop75,83.68709296451539
1954-06-01,l_net_prop75,83.33370284844992
1954-09-01,l_net_prop75,82.9904294062844
1954-12-01,l_net_prop75,82.56909016776555
1955-03-01,l_net_prop75,81.88463220024046
1955-06-01,l_net_prop75,81.85828650893579
1955-09-01,l_net_prop75,82.2651215723667
1955-12-01,l_net_prop75,82.34395209290632
1956-03-01,l_net_prop75,82.80752209739622
1956-06-01,l_net_prop75,83.03284901898323
1956-09-01,l_net_prop75,82.81150679046925
1956-12-01,l_net_prop75,83.01431557484423
1957-03-01,l_net_prop75,82.8736878121836
1957-06-01,l_net_prop75,83.0218478730371
1957-09-01,l_net_prop75,83.13907461961979
1957-12-01,l_net_prop75,83.44346477513939
1958-03-01,l_net_prop75,83.81297851843088
1958-06-01,l_net_prop75,83.4501012097442
1958-09-01,l_net_prop75,83.1562116459839
1958-12-01,l_net_prop75,82.49631156490847
1959-03-01,l_net_prop75,82.70283087698817
1959-06-01,l_net_prop75,82.12282438862566
1959-09-01,l_net_prop75,82.53049400284611
1959-12-01,l_net_prop75,82.37710163914677
1960-03-01,l_net_prop75,82.45090850232613
1960-06-01,l_net_prop75,82.88864042606633
1960-09-01,l_net_prop75,82.78940849312075
1960-12-01,l_net_prop75,82.9425605401482
1961-03-01,l_net_prop75,83.07934594355962
1961-06-01,l_net_prop75,82.52241805813235
1961-09-01,l_net_prop75,82.33512896044404
1961-12-01,l_net_prop75,81.92974769258782
1962-03-01,l_net_prop75,81.73112248646795
1962-06-01,l_net_prop75,81.7785212812637
1962-09-01,l_net_prop75,81.58812448260802
1962-12-01,l_net_prop75,81.27135773074913
1963-03-01,l_net_prop75,81.34480950346992
1963-06-01,l_net_prop75,81.21008284211207
1963-09-01,l_net_prop75,81.19012959456208
1963-12-01,l_net_prop75,81.23745910633062
1964-03-01,l_net_prop75,80.69915521994297
1964-06-01,l_net_prop75,80.81055482740167
1964-09-01,l_net_prop75,80.82626352244125
1964-12-01,l_net_prop75,80.9372532396527
1965-03-01,l_net_prop75,80.16777537749688
1965-06-01,l_net_prop75,80.15732996912358
1965-09-01,l_net_prop75,80.18413117358253
1965-12-01,l_net_prop75,80.14868264311046
1966-03-01,l_net_prop75,80.04313218732258
1966-06-01,l_net_prop75,80.48405173325266
1966-09-01,l_net_prop75,80.82518185099879
1966-12-01,l_net_prop75,80.72977668233011
1967-03-01,l_net_prop75,80.99430799256592
1967-06-01,l_net_prop75,81.11833456988138
1967-09-01,l_net_prop75,81.27968867763515
1967-12-01,l_net_prop75,81.31291837524063
1968-03-01,l_net_prop75,82.02071360918552
1968-06-01,l_net_prop75,81.90546095126248
1968-09-01,l_net_prop75,82.08593412090501
1968-12-01,l_net_prop75,82.19165699536454
1969-03-01,l_net_prop75,82.25008298479719
1969-06-01,l_net_prop75,82.63952650915763
1969-09-01,l_net_prop75,83.0016412186526
1969-12-01,l_net_prop75,83.65417135703505
1970-03-01,l_net_prop75,84.03535256378227
1970-06-01,l_net_prop75,83.58512951367777
1970-09-01,l_net_prop75,83.54562257933105
1970-12-01,l_net_prop75,83.70777816914239
1971-03-01,l_net_prop75,83.14150153633729
1971-06-01,l_net_prop75,83.15076043087244
1971-09-01,l_net_prop75,82.89075203883648
1971-12-01,l_net_prop75,82.71676642535128
1972-03-01,l_net_prop75,82.76849022053895
1972-06-01,l_net_prop75,82.98736357932596
1972-09-01,l_net_prop75,82.43639577054081
1972-12-01,l_net_prop75,82.32421126674775
1973-03-01,l_net_prop75,82.47559249446522
1973-06-01,l_net_prop75,82.8240080945915
1973-09-01,l_net_prop75,82.74593492407017
1973-12-01,l_net_prop75,82.70585316361478
1974-03-01,l_net_prop75,83.09483807554481
1974-06-01,l_net_prop75,83.3112396857741
1974-09-01,l_net_prop75,83.88917227225502
1974-12-01,l_net_prop75,83.53045229845075
1975-03-01,l_net_prop75,82.7017235877473
1975-06-01,l_net_prop75,82.28389827422848
1975-09-01,l_net_prop75,81.93583794528602
1975-12-01,l_net_prop75,81.97340948450345
1976-03-01,l_net_prop75,81.89061675455656
1976-06-01,l_net_prop75,82.16543322963558
1976-09-01,l_net_prop75,82.28544719110066
1976-12-01,l_net_prop75,82.59492701989556
1977-03-01,l_net_prop75,82.58115243272432
1977-06-01,l_net_prop75,81.98434984376611
1977-09-01,l_net_prop75,81.5080430056394
1977-12-01,l_net_prop75,81.87207518914109
1978-03-01,l_net_prop75,82.17020273484198
1978-06-01,l_net_prop75,81.56545259041697
1978-09-01,l_net_prop75,81.5793919295632
1978-12-01,l_net_prop75,81.61648655536251
1979-03-01,l_net_prop75,82.00943227348591
1979-06-01,l_net_prop75,82.1884509405196
1979-09-01,l_net_prop75,82.54083451994725
1979-12-01,l_net_prop75,82.39527134478202
1980-03-01,l_net_prop75,82.76862464706721
1980-06-01,l_net_prop75,82.95941284315144
1980-09-01,l_net_prop75,82.70466344390418
1980-12-01,l_net_prop75,81.54254257650646
1981-03-01,l_net_prop75,81.52864274952364
1981-06-01,l_net_prop75,80.91723721262154
1981-09-01,l_net_prop75,79.86803061895861
1981-12-01,l_net_prop75,80.02488063470808
1982-03-01,l_net_prop75,80.2043395306464
1982-06-01,l_net_prop75,79.86394341761272
1982-09-01,l_net_prop75,80.04969615688566
1982-12-01,l_net_prop75,80.20863857183156
1983-03-01,l_net_prop75,79.81466650230351
1983-06-01,l_net_prop75,79.68968485870168
1983-09-01,l_net_prop75,79.40598598527461
1983-12-01,l_net_prop75,79.04287663796026
1984-03-01,l_net_prop75,78.67783417566949
1984-06-01,l_net_prop75,78.48771453474447
1984-09-01,l_net_prop75,78.14124983748141
1984-12-01,l_net_prop75,77.9627923561017
1985-03-01,l_net_prop75,78.10714176549224
1985-06-01,l_net_prop75,78.28187444025986
1985-09-01,l_net_prop75,78.3288757384626
1985-12-01,l_net_prop75,78.99908014997776
1986-03-01,l_net_prop75,79.05173597424053
1986-06-01,l_net_prop75,79.5773073927674
1986-09-01,l_net_prop75,80.30236878475985
1986-12-01,l_net_prop75,80.9181270234112
1987-03-01,l_net_prop75,80.96202556764625
1987-06-01,l_net_prop75,80.6192365239552
1987-09-01,l_net_prop75,80.27474475980235
1987-12-01,l_net_prop75,80.33953851375357
1988-03-01,l_net_prop75,80.36440802180171
1988-06-01,l_net_prop75,80.55926214593262
1988-09-01,l_net_prop75,80.4642343360249
1988-12-01,l_net_prop75,79.98738686386174
1989-03-01,l_net_prop75,80.16057665132647
1989-06-01,l_net_prop75,80.04315744601014
1989-09-01,l_net_prop75,80.06016394878591
1989-12-01,l_net_prop75,80.7516439758472
1990-03-01,l_net_prop75,80.62414550889856
1990-06-01,l_net_prop75,80.63294906951597
1990-09-01,l_net_prop75,81.20170343508099
1990-12-01,l_net_prop75,81.38943326604675
1991-03-01,l_net_prop75,80.91998248802979
1991-06-01,l_net_prop75,81.08260957626116
1991-09-01,l_net_prop75,81.24090970341616
1991-12-01,l_net_prop75,81.72330060471792
1992-03-01,l_net_prop75,81.7670473702266
1992-06-01,l_net_prop75,81.88666979045799
1992-09-01,l_net_prop75,82.0985899033167
1992-12-01,l_net_prop75,81.84989172214485
1993-03-01,l_net_prop75,82.00829010084732
1993-06-01,l_net_prop75,81.84491378169668
1993-09-01,l_net_prop75,81.74308275278513
1993-12-01,l_net_prop75,81.38412737814022
1994-03-01,l_net_prop75,80.9501391950563
1994-06-01,l_net_prop75,80.86384510838147
1994-09-01,l_net_prop75,80.60221540956138
1994-12-01,l_net_prop75,80.36071162521304
1995-03-01,l_net_prop75,80.58863199098498
1995-06-01,l_net_prop75,80.34910038717604
1995-09-01,l_net_prop75,79.89708871016062
1995-12-01,l_net_prop75,79.89626346908251
1996-03-01,l_net_prop75,79.69836075779973
1996-06-01,l_net_prop75,79.68266704011897
1996-09-01,l_net_prop75,79.6850776153832
1996-12-01,l_net_prop75,79.36005597616271
1997-03-01,l_net_prop75,79.31965171048944
1997-06-01,l_net_prop75,79.3002779111811
1997-09-01,l_net_prop75,78.96596848471778
1997-12-01,l_net_prop75,79.06371346169837
1998-03-01,l_net_prop75,79.79917436604846
1998-06-01,l_net_prop75,79.675413200266
1998-09-01,l_net_prop75,79.5605421704281
1998-12-01,l_net_prop75,79.91619380061044
1999-03-01,l_net_prop75,79.89574011638979
1999-06-01,l_net_prop75,80.16067608982499
1999-09-01,l_net_prop75,80.38459690203752
1999-12-01,l_net_prop75,80.68048994704598
2000-03-01,l_net_prop75,81.08695976912101
2000-06-01,l_net_prop75,80.90360171875793
2000-09-01,l_net_prop75,80.82834760827983
2000-12-01,l_net_prop75,81.0929405255597
2001-03-01,l_net_prop75,80.80054272028086
2001-06-01,l_net_prop75,80.46607486654759
2001-09-01,l_net_prop75,80.50863417306168
2001-12-01,l_net_prop75,81.43682457980631
2002-03-01,l_net_prop75,80.53824312139899
2002-06-01,l_net_prop75,80.32731256725418
2002-09-01,l_net_prop75,80.3497729545736
2002-12-01,l_net_prop75,79.89216860585151
2003-03-01,l_net_prop75,79.96865762957681
2003-06-01,l_net_prop75,80.07407274514347
2003-09-01,l_net_prop75,80.008030388368
2003-12-01,l_net_prop75,80.24202860008552
2004-03-01,l_net_prop75,79.91572971873511
2004-06-01,l_net_prop75,79.95699995710854
2004-09-01,l_net_prop75,79.9824812289406
2004-12-01,l_net_prop75,79.85266995944399
2005-03-01,l_net_prop75,79.69160254232904
2005-06-01,l_net_prop75,79.15686121908708
2005-09-01,l_net_prop75,79.26787097745672
2005-12-01,l_net_prop75,78.5979255310659
2006-03-01,l_net_prop75,78.7888866710108
2006-06-01,l_net_prop75,78.3829082721541
2006-09-01,l_net_prop75,78.26700690249083
2006-12-01,l_net_prop75,79.02538193902201
2007-03-01,l_net_prop75,79.85591031300484
2007-06-01,l_net_prop75,78.98571224274409
2007-09-01,l_net_prop75,79.55230786861156
2007-12-01,l_net_prop75,80.04189620795663
2008-03-01,l_net_prop75,80.0788224148373
2008-06-01,l_net_prop75,79.93003852701663
2008-09-01,l_net_prop75,79.48744996460016
2008-12-01,l_net_prop75,80.59551178935608
2009-03-01,l_net_prop75,79.04474906571839
2009-06-01,l_net_prop75,79.11675616813632
2009-09-01,l_net_prop75,78.65708804847274
2009-12-01,l_net_prop75,78.17719739190018
2010-03-01,l_net_prop75,77.54734365744972
2010-06-01,l_net_prop75,77.86090621800871
2010-09-01,l_net_prop75,77.03280864513391
2010-12-01,l_net_prop75,77.04976603105716
2011-03-01,l_net_prop75,77.97671973267143
2011-06-01,l_net_prop75,77.33254161400546
2011-09-01,l_net_prop75,77.40391558839818
2011-12-01,l_net_prop75,76.5309331447579
2012-03-01,l_net_prop75,76.36307390237798
2012-06-01,l_net_prop75,76.44012586172843
2012-09-01,l_net_prop75,77.17014900109416
2012-12-01,l_net_prop75,77.27534129663756
2013-03-01,l_net_prop75,77.25870570922594
2013-06-01,l_net_prop75,77.4345882447451
2013-09-01,l_net_prop75,77.33037339576418
2013-12-01,l_net_prop75,77.13449948073811
2014-03-01,l_net_prop75,78.03609450940763
2014-06-01,l_net_prop75,77.04099349443459
2014-09-01,l_net_prop75,76.4162234505046
2014-12-01,l_net_prop75,76.74514158287946
2015-03-01,l_net_prop75,77.25166085591093
2015-06-01,l_net_prop75,77.18628499675457
2015-09-01,l_net_prop75,77.43462684190527
2015-12-01,l_net_prop75,77.61300338653739
2016-03-01,l_net_prop75,77.46565435779219
2016-06-01,l_net_prop75,77.84002046426063
2016-09-01,l_net_prop75,77.98282143740676
2016-12-01,l_net_prop75,77.9524761090142
2017-03-01,l_net_prop75,77.36465869485338
2017-06-01,l_net_prop75,77.65531170882588
2017-09-01,l_net_prop75,78.00500658380923
2017-12-01,l_net_prop75,77.98624442278316
2018-03-01,l_net_prop75,77.70127546202141
2018-06-01,l_net_prop75,77.52258216465157
2018-09-01,l_net_prop75,77.43660625509199
2018-12-01,l_net_prop75,77.4457793754651
2019-03-01,l_net_prop75,77.66122803320916
2019-06-01,l_net_prop75,77.65423738628029
2019-09-01,l_net_prop75,77.54530775688278
2019-12-01,l_net_prop75,77.72989180284873
2020-03-01,l_net_prop75,78.92989682469396
2020-06-01,l_net_prop75,78.15718435936174
2020-09-01,l_net_prop75,75.99646691846009
2020-12-01,l_net_prop75,77.41514467828628
2021-03-01,l_net_prop75,76.40920143690363
2021-06-01,l_net_prop75,75.70381466768225
2021-09-01,l_net_prop75,76.14555374543468
2021-12-01,l_net_prop75,76.54591248972135
2022-03-01,l_net_prop75,76.81787628351513
2022-06-01,l_net_prop75,76.0404495520087
2022-09-01,l_net_prop75,76.22326404442616
2022-12-01,l_net_prop75,76.50790898101302
2023-03-01,l_net_prop75,76.13386558519053
2023-06-01,l_net_prop75,76.32008890387152
2023-09-01,l_net_prop75,76.39155390969603
2023-12-01,l_net_prop75,75.86819949307133
2024-03-01,l_net_prop75,76.1599045653705
2024-06-01,l_net_prop75,76.22409785509969
2024-09-01,l_net_prop75,76.50537999018873
2024-12-01,l_net_prop75,76.31454692262552
2025-03-01,l_net_prop75,76.30800570896022
2025-06-01,l_net_prop75,76.33209715719994
2025-09-01,l_net_prop75,76.28835171413827
2025-12-01,l_net_prop75,76.16661441479918
2026-03-01,l_net_prop75,75.89583632914102
2026-06-01,l_net_prop75,75.12383663202712
1947-03-01,l_net_tf,70.31130696568424
1947-06-01,l_net_tf,70.16570137252481
1947-09-01,l_net_tf,69.96957890241524
1947-12-01,l_net_tf,69.9473891414051
1948-03-01,l_net_tf,68.82802191603432
1948-06-01,l_net_tf,67.43609472514319
1948-09-01,l_net_tf,68.10539651307943
1948-12-01,l_net_tf,67.84558833652271
1949-03-01,l_net_tf,69.1910539865223
1949-06-01,l_net_tf,69.37571355930578
1949-09-01,l_net_tf,69.03134903269552
1949-12-01,l_net_tf,69.82143730737243
1950-03-01,l_net_tf,69.70023292551602
1950-06-01,l_net_tf,69.9805379191526
1950-09-01,l_net_tf,70.3429884658746
1950-12-01,l_net_tf,70.70601245561959
1951-03-01,l_net_tf,72.4951785460525
1951-06-01,l_net_tf,71.55955845925192
1951-09-01,l_net_tf,70.86750824347878
1951-12-01,l_net_tf,71.1156421655469
1952-03-01,l_net_tf,72.16777503395026
1952-06-01,l_net_tf,72.07149323909933
1952-09-01,l_net_tf,71.92559753276792
1952-12-01,l_net_tf,72.45777819315936
1953-03-01,l_net_tf,72.6726542414261
1953-06-01,l_net_tf,73.2570549590543
1953-09-01,l_net_tf,73.58358480819945
1953-12-01,l_net_tf,73.94361840341507
1954-03-01,l_net_tf,72.76087817265814
1954-06-01,l_net_tf,72.56401423031139
1954-09-01,l_net_tf,72.25578046921318
1954-12-01,l_net_tf,72.12924013246219
1955-03-01,l_net_tf,71.35623951187208
1955-06-01,l_net_tf,71.45904196342998
1955-09-01,l_net_tf,71.96838041923627
1955-12-01,l_net_tf,72.23048473521759
1956-03-01,l_net_tf,72.73277121709344
1956-06-01,l_net_tf,73.02262886537123
1956-09-01,l_net_tf,72.70896040078136
1956-12-01,l_net_tf,73.02879631844536
1957-03-01,l_net_tf,73.00293638395674
1957-06-01,l_net_tf,73.04964539007092
1957-09-01,l_net_tf,73.04237970717068
1957-12-01,l_net_tf,73.4646914599552
1958-03-01,l_net_tf,73.19367214832593
1958-06-01,l_net_tf,72.85360943987916
1958-09-01,l_net_tf,72.90331378699032
1958-12-01,l_net_tf,72.52635167164672
1959-03-01,l_net_tf,72.9156677992954
1959-06-01,l_net_tf,72.56190980250146
1959-09-01,l_net_tf,72.9332689571051
1959-12-01,l_net_tf,72.85130220686229
1960-03-01,l_net_tf,73.3006506294159
1960-06-01,l_net_tf,73.61324824362254
1960-09-01,l_net_tf,73.52317575198242
1960-12-01,l_net_tf,73.62222752670782
1961-03-01,l_net_tf,73.55976112046339
1961-06-01,l_net_tf,73.13091670234527
1961-09-01,l_net_tf,72.99247565274472
1961-12-01,l_net_tf,72.62697879798336
1962-03-01,l_net_tf,72.49236839234145
1962-06-01,l_net_tf,72.7340939008337
1962-09-01,l_net_tf,72.64368015887328
1962-12-01,l_net_tf,72.31716926028383
1963-03-01,l_net_tf,72.46797569155167
1963-06-01,l_net_tf,72.48382462410366
1963-09-01,l_net_tf,72.51929114673608
1963-12-01,l_net_tf,72.50975487036277
1964-03-01,l_net_tf,72.12206064723027
1964-06-01,l_net_tf,72.25707881899473
1964-09-01,l_net_tf,72.36052989311513
1964-12-01,l_net_tf,72.42623682616255
1965-03-01,l_net_tf,71.69065325752987
1965-06-01,l_net_tf,71.6662694366442
1965-09-01,l_net_tf,71.7537841912708
1965-12-01,l_net_tf,71.75712437664905
1966-03-01,l_net_tf,71.47466365640803
1966-06-01,l_net_tf,72.2853624694804
1966-09-01,l_net_tf,72.77953301749668
1966-12-01,l_net_tf,72.71661092740412
1967-03-01,l_net_tf,72.97088319274106
1967-06-01,l_net_tf,73.21067392381838
1967-09-01,l_net_tf,73.2906496052586
1967-12-01,l_net_tf,73.53564034660032
1968-03-01,l_net_tf,74.21105539317942
1968-06-01,l_net_tf,74.1398948701441
1968-09-01,l_net_tf,74.31801442392066
1968-12-01,l_net_tf,74.52274324622616
1969-03-01,l_net_tf,74.71871473146119
1969-06-01,l_net_tf,75.10747835781144
1969-09-01,l_net_tf,75.55628272251309
1969-12-01,l_net_tf,76.33669188949071
1970-03-01,l_net_tf,76.81478409465657
1970-06-01,l_net_tf,76.48971869947376
1970-09-01,l_net_tf,76.38776912366464
1970-12-01,l_net_tf,76.51658508738902
1971-03-01,l_net_tf,76.06894907954786
1971-06-01,l_net_tf,75.99390457410342
1971-09-01,l_net_tf,75.72120627250857
1971-12-01,l_net_tf,75.43039247016362
1972-03-01,l_net_tf,75.72083238462352
1972-06-01,l_net_tf,75.8010026040847
1972-09-01,l_net_tf,75.12068416280722
1972-12-01,l_net_tf,74.54243941927383
1973-03-01,l_net_tf,75.01552032733086
1973-06-01,l_net_tf,75.11315221497799
1973-09-01,l_net_tf,74.94959479421794
1973-12-01,l_net_tf,74.58430620228881
1974-03-01,l_net_tf,75.46358326212103
1974-06-01,l_net_tf,76.24031061571199
1974-09-01,l_net_tf,76.7880021358955
1974-12-01,l_net_tf,76.41378802879083
1975-03-01,l_net_tf,75.729925352151
1975-06-01,l_net_tf,75.34668758510928
1975-09-01,l_net_tf,74.84813633790732
1975-12-01,l_net_tf,74.8288729200717
1976-03-01,l_net_tf,74.89414465114048
1976-06-01,l_net_tf,75.16327677136607
1976-09-01,l_net_tf,75.21372137412718
1976-12-01,l_net_tf,75.48729945779846
1977-03-01,l_net_tf,75.52954553009504
1977-06-01,l_net_tf,75.10410151480924
1977-09-01,l_net_tf,74.75594008754412
1977-12-01,l_net_tf,74.67425786230247
1978-03-01,l_net_tf,75.03870370625852
1978-06-01,l_net_tf,74.42832206791105
1978-09-01,l_net_tf,74.54014478079937
1978-12-01,l_net_tf,74.6807855605075
1979-03-01,l_net_tf,74.89941189787977
1979-06-01,l_net_tf,75.23846562805775
1979-09-01,l_net_tf,75.68663481687041
1979-12-01,l_net_tf,75.81030065132231
1980-03-01,l_net_tf,76.64757570429481
1980-06-01,l_net_tf,77.1586819124813
1980-09-01,l_net_tf,76.58906016345802
1980-12-01,l_net_tf,75.34792708096623
1981-03-01,l_net_tf,75.41008618701768
1981-06-01,l_net_tf,75.305107908388493
1981-09-01,l_net_tf,74.27409270794803
1981-12-01,l_net_tf,74.78849022813478
1982-03-01,l_net_tf,75.20776343823235
1982-06-01,l_net_tf,74.8195275140394
1982-09-01,l_net_tf,75.00867251291821
1982-12-01,l_net_tf,74.94997018918731
1983-03-01,l_net_tf,74.55275483116662
1983-06-01,l_net_tf,74.54915212001895
1983-09-01,l_net_tf,74.35610765893863
1983-12-01,l_net_tf,73.85902836122929
1984-03-01,l_net_tf,73.01024900959385
1984-06-01,l_net_tf,72.72898034067158
1984-09-01,l_net_tf,72.504862620854
1984-12-01,l_net_tf,72.55392044856882
1985-03-01,l_net_tf,72.47733577364032
1985-06-01,l_net_tf,72.77543987224763
1985-09-01,l_net_tf,72.86251160695336
1985-12-01,l_net_tf,73.51403661799314
1986-03-01,l_net_tf,73.61221714847574
1986-06-01,l_net_tf,74.0309464681939
1986-09-01,l_net_tf,74.52243370964273
1986-12-01,l_net_tf,75.20028182415938
1987-03-01,l_net_tf,75.1058042440762
1987-06-01,l_net_tf,74.7439040904308
1987-09-01,l_net_tf,74.38359234501898
1987-12-01,l_net_tf,74.4100639773551
1988-03-01,l_net_tf,74.1546587387752
1988-06-01,l_net_tf,74.4046024147461
1988-09-01,l_net_tf,74.22517681905494
1988-12-01,l_net_tf,74.01218631999413
1989-03-01,l_net_tf,73.89700043232776
1989-06-01,l_net_tf,73.99578934369096
1989-09-01,l_net_tf,74.1219050598117
1989-12-01,l_net_tf,74.81533374119186
1990-03-01,l_net_tf,74.71091880221478
1990-06-01,l_net_tf,74.73509447281829
1990-09-01,l_net_tf,75.2029241217763
1990-12-01,l_net_tf,75.42270301256202
1991-03-01,l_net_tf,75.1433764851924
1991-06-01,l_net_tf,75.27277626695614
1991-09-01,l_net_tf,75.47669450083242
1991-12-01,l_net_tf,75.86326392510635
1992-03-01,l_net_tf,75.78549723922704
1992-06-01,l_net_tf,75.743995284885
1992-09-01,l_net_tf,75.81598747639603
1992-12-01,l_net_tf,75.50758146883967
1993-03-01,l_net_tf,75.66629028735491
1993-06-01,l_net_tf,75.45382570101532
1993-09-01,l_net_tf,75.49505870863625
1993-12-01,l_net_tf,75.02418202691928
1994-03-01,l_net_tf,74.52598247472125
1994-06-01,l_net_tf,74.51230392014257
1994-09-01,l_net_tf,74.29563793953767
1994-12-01,l_net_tf,74.04413947990244
1995-03-01,l_net_tf,74.29597130332984
1995-06-01,l_net_tf,74.07183176843847
1995-09-01,l_net_tf,73.5684611022165
1995-12-01,l_net_tf,73.43407081046347
1996-03-01,l_net_tf,73.05835894420174
1996-06-01,l_net_tf,72.86919385243976
1996-09-01,l_net_tf,72.96093299273213
1996-12-01,l_net_tf,72.6462079847215
1997-03-01,l_net_tf,72.51010338987088
1997-06-01,l_net_tf,72.58743433107254
1997-09-01,l_net_tf,72.24316671608968
1997-12-01,l_net_tf,72.38399099029297
1998-03-01,l_net_tf,72.96849836497393
1998-06-01,l_net_tf,72.83514610078316
1998-09-01,l_net_tf,72.68767626296322
1998-12-01,l_net_tf,72.89735806664434
1999-03-01,l_net_tf,72.85349240890744
1999-06-01,l_net_tf,73.0904186964071
1999-09-01,l_net_tf,73.30306157049247
1999-12-01,l_net_tf,73.60255087472966
2000-03-01,l_net_tf,74.12766518579149
2000-06-01,l_net_tf,73.74433355022748
2000-09-01,l_net_tf,73.71757117198635
2000-12-01,l_net_tf,73.81230521143175
2001-03-01,l_net_tf,73.43640614194008
2001-06-01,l_net_tf,72.97614758945952
2001-09-01,l_net_tf,72.85051972410835
2001-12-01,l_net_tf,73.74400507403703
2002-03-01,l_net_tf,72.80287605874001
2002-06-01,l_net_tf,72.65248720616803
2002-09-01,l_net_tf,72.63581579012786
2002-12-01,l_net_tf,72.18171504678182
2003-03-01,l_net_tf,72.32855160153973
2003-06-01,l_net_tf,72.40149857008552
2003-09-01,l_net_tf,72.33698142135897
2003-12-01,l_net_tf,72.58087087031836
2004-03-01,l_net_tf,72.10195158718349
2004-06-01,l_net_tf,72.15358687698394
2004-09-01,l_net_tf,72.3079780318909
2004-12-01,l_net_tf,72.15548721639051
2005-03-01,l_net_tf,72.21921441045912
2005-06-01,l_net_tf,71.76331767359336
2005-09-01,l_net_tf,71.80906407735016
2005-12-01,l_net_tf,71.15327357054142
2006-03-01,l_net_tf,71.2059930491358
2006-06-01,l_net_tf,70.86686875635777
2006-09-01,l_net_tf,70.83651099951925
2006-12-01,l_net_tf,71.6167427097798
2007-03-01,l_net_tf,72.75518881749437
2007-06-01,l_net_tf,72.11180465155728
2007-09-01,l_net_tf,72.73243397009263
2007-12-01,l_net_tf,73.30605432940328
2008-03-01,l_net_tf,73.48672686315372
2008-06-01,l_net_tf,73.33292786234787
2008-09-01,l_net_tf,73.00511453412393
2008-12-01,l_net_tf,74.03658817022202
2009-03-01,l_net_tf,72.61444697593559
2009-06-01,l_net_tf,72.78008864630935
2009-09-01,l_net_tf,72.13380980535666
2009-12-01,l_net_tf,71.31293954165548
2010-03-01,l_net_tf,70.37101938731621
2010-06-01,l_net_tf,70.49305184548015
2010-09-01,l_net_tf,69.65166110486483
2010-12-01,l_net_tf,69.62498794364677
2011-03-01,l_net_tf,70.35501252683261
2011-06-01,l_net_tf,69.62810383220976
2011-09-01,l_net_tf,69.53244805329953
2011-12-01,l_net_tf,68.61898582032434
2012-03-01,l_net_tf,68.4880390386437
2012-06-01,l_net_tf,68.53738600433618
2012-09-01,l_net_tf,69.34646675984453
2012-12-01,l_net_tf,69.5094019089518
2013-03-01,l_net_tf,69.29373299603459
2013-06-01,l_net_tf,69.39257208799224
2013-09-01,l_net_tf,69.3257404091532
2013-12-01,l_net_tf,69.34816267287586
2014-03-01,l_net_tf,70.24371108223859
2014-06-01,l_net_tf,69.2531067253943
2014-09-01,l_net_tf,68.74661917715933
2014-12-01,l_net_tf,69.20538110360934
2015-03-01,l_net_tf,69.83266963772965
2015-06-01,l_net_tf,69.92406954626004
2015-09-01,l_net_tf,70.14661229693988
2015-12-01,l_net_tf,70.39939934991665
2016-03-01,l_net_tf,70.32172869233257
2016-06-01,l_net_tf,70.70623803429011
2016-09-01,l_net_tf,70.79099084291855
2016-12-01,l_net_tf,70.76207477793076
2017-03-01,l_net_tf,70.12241783182729
2017-06-01,l_net_tf,70.40928804570174
2017-09-01,l_net_tf,70.79686938841546
2017-12-01,l_net_tf,70.72079972288405
2018-03-01,l_net_tf,70.48995704441096
2018-06-01,l_net_tf,70.3602864487778
2018-09-01,l_net_tf,70.2833530166319
2018-12-01,l_net_tf,70.20527241443227
2019-03-01,l_net_tf,70.50818766938154
2019-06-01,l_net_tf,70.52931570700477
2019-09-01,l_net_tf,70.3192615750882
2019-12-01,l_net_tf,70.53004218147021
2020-03-01,l_net_tf,71.70643625495488
2020-06-01,l_net_tf,71.24983788123842
2020-09-01,l_net_tf,68.41458904791997
2020-12-01,l_net_tf,70.07992866622226
2021-03-01,l_net_tf,69.12619593194184
2021-06-01,l_net_tf,68.09741205851257
2021-09-01,l_net_tf,68.57968745230275
2021-12-01,l_net_tf,69.16869730535024
2022-03-01,l_net_tf,69.5600921787524
2022-06-01,l_net_tf,68.86490538778848
2022-09-01,l_net_tf,69.04641718350985
2022-12-01,l_net_tf,69.29987459494349
2023-03-01,l_net_tf,68.94464374478163
2023-06-01,l_net_tf,69.21515375425439
2023-09-01,l_net_tf,69.35128942347386
2023-12-01,l_net_tf,68.90258996277436
2024-03-01,l_net_tf,69.1890236113992
2024-06-01,l_net_tf,69.23837627866868
2024-09-01,l_net_tf,69.50876521807486
2024-12-01,l_net_tf,69.31453607231371
2025-03-01,l_net_tf,69.27325278818864
2025-06-01,l_net_tf,69.33021202703114
2025-09-01,l_net_tf,69.34398378533088
2025-12-01,l_net_tf,69.29635867972648
2026-03-01,l_net_tf,69.02292486696471
2026-06-01,l_net_tf,68.31561407141407
1947-03-01,l_nfcorp_gross,65.57666507984594
1947-06-01,l_nfcorp_gross,64.01579244218838
1947-09-01,l_nfcorp_gross,64.26139350560071
1947-12-01,l_nfcorp_gross,64.02168861347792
1948-03-01,l_nfcorp_gross,62.890955198647504
1948-06-01,l_nfcorp_gross,61.99309749784297
1948-09-01,l_nfcorp_gross,62.810337882246515
1948-12-01,l_nfcorp_gross,62.15088371963411
1949-03-01,l_nfcorp_gross,62.30634620192136
1949-06-01,l_nfcorp_gross,62.60895149130227
1949-09-01,l_nfcorp_gross,61.59360917656698
1949-12-01,l_nfcorp_gross,62.682061731190096
1950-03-01,l_nfcorp_gross,61.95554155991011
1950-06-01,l_nfcorp_gross,61.21429957899105
1950-09-01,l_nfcorp_gross,60.39047276247688
1950-12-01,l_nfcorp_gross,60.4093404807357
1951-03-01,l_nfcorp_gross,61.24451329718564
1951-06-01,l_nfcorp_gross,62.1722253030183
1951-09-01,l_nfcorp_gross,62.01748630202287
1951-12-01,l_nfcorp_gross,61.81228345066537
1952-03-01,l_nfcorp_gross,62.88207694371294
1952-06-01,l_nfcorp_gross,63.3830379537499
1952-09-01,l_nfcorp_gross,63.76183973581272
1952-12-01,l_nfcorp_gross,63.396758712684566
1953-03-01,l_nfcorp_gross,63.360815469944534
1953-06-01,l_nfcorp_gross,63.88957601543561
1953-09-01,l_nfcorp_gross,64.17206864863522
1953-12-01,l_nfcorp_gross,66.28313897340574
1954-03-01,l_nfcorp_gross,65.18410953220621
1954-06-01,l_nfcorp_gross,64.56154860052206
1954-09-01,l_nfcorp_gross,63.87032444455807
1954-12-01,l_nfcorp_gross,63.25319027238122
1955-03-01,l_nfcorp_gross,62.016598643298636
1955-06-01,l_nfcorp_gross,62.11633358569044
1955-09-01,l_nfcorp_gross,62.45582367895487
1955-12-01,l_nfcorp_gross,62.53114252296829
1956-03-01,l_nfcorp_gross,63.33592467824134
1956-06-01,l_nfcorp_gross,63.518766328936465
1956-09-01,l_nfcorp_gross,63.619070064980974
1956-12-01,l_nfcorp_gross,63.72928515896722
1957-03-01,l_nfcorp_gross,63.42419956281343
1957-06-01,l_nfcorp_gross,63.66181568408495
1957-09-01,l_nfcorp_gross,63.90451013378194
1957-12-01,l_nfcorp_gross,64.60558212671165
1958-03-01,l_nfcorp_gross,65.21327175312398
1958-06-01,l_nfcorp_gross,64.49026150912557
1958-09-01,l_nfcorp_gross,63.806882518010404
1958-12-01,l_nfcorp_gross,62.87969122630852
1959-03-01,l_nfcorp_gross,62.580979430373766
1959-06-01,l_nfcorp_gross,62.23295479267284
1959-09-01,l_nfcorp_gross,63.293964269536296
1959-12-01,l_nfcorp_gross,63.37472214440851
1960-03-01,l_nfcorp_gross,63.1926167666772
1960-06-01,l_nfcorp_gross,64.08593791409743
1960-09-01,l_nfcorp_gross,63.96596033898065
1960-12-01,l_nfcorp_gross,64.22590848588072
1961-03-01,l_nfcorp_gross,64.38513746692742
1961-06-01,l_nfcorp_gross,63.62823825151875
1961-09-01,l_nfcorp_gross,63.36733511859741
1961-12-01,l_nfcorp_gross,62.824541639491144
1962-03-01,l_nfcorp_gross,62.88769499978976
1962-06-01,l_nfcorp_gross,63.249108497663485
1962-09-01,l_nfcorp_gross,62.918406274175716
1962-12-01,l_nfcorp_gross,62.53533108734985
1963-03-01,l_nfcorp_gross,62.50156183812348
1963-06-01,l_nfcorp_gross,62.11830042575759
1963-09-01,l_nfcorp_gross,62.07201897674528
1963-12-01,l_nfcorp_gross,62.09205407339852
1964-03-01,l_nfcorp_gross,61.67704331699563
1964-06-01,l_nfcorp_gross,61.87607287225206
1964-09-01,l_nfcorp_gross,61.91801633162421
1964-12-01,l_nfcorp_gross,62.135475234270416
1965-03-01,l_nfcorp_gross,61.228098666522314
1965-06-01,l_nfcorp_gross,61.176411099171986
1965-09-01,l_nfcorp_gross,61.294545887347134
1965-12-01,l_nfcorp_gross,61.24541702105167
1966-03-01,l_nfcorp_gross,61.204624660655135
1966-06-01,l_nfcorp_gross,61.81033437154581
1966-09-01,l_nfcorp_gross,62.43785861637489
1966-12-01,l_nfcorp_gross,62.50971965308315
1967-03-01,l_nfcorp_gross,62.84507620306401
1967-06-01,l_nfcorp_gross,62.91732195504466
1967-09-01,l_nfcorp_gross,62.972457822885126
1967-12-01,l_nfcorp_gross,62.627599085557335
1968-03-01,l_nfcorp_gross,62.945524349258115
1968-06-01,l_nfcorp_gross,62.674031925788555
1968-09-01,l_nfcorp_gross,62.77856877553547
1968-12-01,l_nfcorp_gross,62.80265909657156
1969-03-01,l_nfcorp_gross,63.3397475752874
1969-06-01,l_nfcorp_gross,63.88483779920623
1969-09-01,l_nfcorp_gross,64.41157618273071
1969-12-01,l_nfcorp_gross,65.11887171410623
1970-03-01,l_nfcorp_gross,65.79301444584095
1970-06-01,l_nfcorp_gross,65.11837371637438
1970-09-01,l_nfcorp_gross,65.16570069846931
1970-12-01,l_nfcorp_gross,65.40208727664229
1971-03-01,l_nfcorp_gross,64.25493573076744
1971-06-01,l_nfcorp_gross,64.23481850124743
1971-09-01,l_nfcorp_gross,64.06852874675185
1971-12-01,l_nfcorp_gross,63.848002804515524
1972-03-01,l_nfcorp_gross,64.28341623228422
1972-06-01,l_nfcorp_gross,64.41192326832389
1972-09-01,l_nfcorp_gross,64.06970888061731
1972-12-01,l_nfcorp_gross,63.79389857037047
1973-03-01,l_nfcorp_gross,63.976040843126484
1973-06-01,l_nfcorp_gross,64.47818036859132
1973-09-01,l_nfcorp_gross,64.57305466113452
1973-12-01,l_nfcorp_gross,64.53862188795767
1974-03-01,l_nfcorp_gross,65.17359641424818
1974-06-01,l_nfcorp_gross,65.25849614812174
1974-09-01,l_nfcorp_gross,65.66526568133476
1974-12-01,l_nfcorp_gross,65.53047459832494
1975-03-01,l_nfcorp_gross,64.76322156119791
1975-06-01,l_nfcorp_gross,63.617930426080704
1975-09-01,l_nfcorp_gross,62.51280750255606
1975-12-01,l_nfcorp_gross,62.62262802699484
1976-03-01,l_nfcorp_gross,62.50435106408814
1976-06-01,l_nfcorp_gross,62.994407479036774
1976-09-01,l_nfcorp_gross,63.21283704921331
1976-12-01,l_nfcorp_gross,63.55873106492382
1977-03-01,l_nfcorp_gross,63.60004103622001
1977-06-01,l_nfcorp_gross,62.979624636028205
1977-09-01,l_nfcorp_gross,62.53686286291568
1977-12-01,l_nfcorp_gross,63.08609355478491
1978-03-01,l_nfcorp_gross,64.04730128792897
1978-06-01,l_nfcorp_gross,63.07872474844754
1978-09-01,l_nfcorp_gross,63.68969209991921
1978-12-01,l_nfcorp_gross,63.665268555054936
1979-03-01,l_nfcorp_gross,64.50823313645192
1979-06-01,l_nfcorp_gross,64.75485028996052
1979-09-01,l_nfcorp_gross,65.18757984734825
1979-12-01,l_nfcorp_gross,65.42906008924065
1980-03-01,l_nfcorp_gross,65.57722248246925
1980-06-01,l_nfcorp_gross,66.23788626805631
1980-09-01,l_nfcorp_gross,65.46781696403387
1980-12-01,l_nfcorp_gross,64.6273322821922
1981-03-01,l_nfcorp_gross,64.2220849266892
1981-06-01,l_nfcorp_gross,63.8963870813703
1981-09-01,l_nfcorp_gross,63.20023258729826
1981-12-01,l_nfcorp_gross,63.56425500040555
1982-03-01,l_nfcorp_gross,63.87795937262421
1982-06-01,l_nfcorp_gross,63.539635470730836
1982-09-01,l_nfcorp_gross,63.66826692116669
1982-12-01,l_nfcorp_gross,64.08427784709306
1983-03-01,l_nfcorp_gross,63.638473434477056
1983-06-01,l_nfcorp_gross,63.01965605483812
1983-09-01,l_nfcorp_gross,62.64481463875258
1983-12-01,l_nfcorp_gross,62.54967949719996
1984-03-01,l_nfcorp_gross,62.02551925440488
1984-06-01,l_nfcorp_gross,62.25642148680682
1984-09-01,l_nfcorp_gross,62.58001122964627
1984-12-01,l_nfcorp_gross,62.574088271493316
1985-03-01,l_nfcorp_gross,62.72931942740499
1985-06-01,l_nfcorp_gross,62.854871107421985
1985-09-01,l_nfcorp_gross,62.548213460210164
1985-12-01,l_nfcorp_gross,63.43683818663137
1986-03-01,l_nfcorp_gross,63.539939616972106
1986-06-01,l_nfcorp_gross,63.94925957163313
1986-09-01,l_nfcorp_gross,64.24632803420971
1986-12-01,l_nfcorp_gross,64.35477370765182
1987-03-01,l_nfcorp_gross,64.18586924333988
1987-06-01,l_nfcorp_gross,63.76126825283757
1987-09-01,l_nfcorp_gross,63.45534147468954
1987-12-01,l_nfcorp_gross,63.80268417952636
1988-03-01,l_nfcorp_gross,63.480255600229754
1988-06-01,l_nfcorp_gross,63.6118558613247
1988-09-01,l_nfcorp_gross,63.67238298664565
1988-12-01,l_nfcorp_gross,63.29382672793672
1989-03-01,l_nfcorp_gross,63.834973937813196
1989-06-01,l_nfcorp_gross,63.934787009341065
1989-09-01,l_nfcorp_gross,63.98168134516048
1989-12-01,l_nfcorp_gross,64.48894470195951
1990-03-01,l_nfcorp_gross,64.37464735753244
1990-06-01,l_nfcorp_gross,64.21204893184448
1990-09-01,l_nfcorp_gross,64.68006851552936
1990-12-01,l_nfcorp_gross,64.58770579840309
1991-03-01,l_nfcorp_gross,63.81784230960652
1991-06-01,l_nfcorp_gross,63.93670216004702
1991-09-01,l_nfcorp_gross,64.14506705579961
1991-12-01,l_nfcorp_gross,64.47888220774125
1992-03-01,l_nfcorp_gross,64.64590453205292
1992-06-01,l_nfcorp_gross,64.81238934734688
1992-09-01,l_nfcorp_gross,65.04900346942138
1992-12-01,l_nfcorp_gross,64.77368777707832
1993-03-01,l_nfcorp_gross,64.7141121525279
1993-06-01,l_nfcorp_gross,64.3679400986173
1993-09-01,l_nfcorp_gross,64.29822062191576
1993-12-01,l_nfcorp_gross,63.63265346423858
1994-03-01,l_nfcorp_gross,63.245502163208286
1994-06-01,l_nfcorp_gross,63.04954862403324
1994-09-01,l_nfcorp_gross,62.73146331843896
1994-12-01,l_nfcorp_gross,62.39686186196123
1995-03-01,l_nfcorp_gross,62.744837926938445
1995-06-01,l_nfcorp_gross,62.698095551986846
1995-09-01,l_nfcorp_gross,62.21877724741721
1995-12-01,l_nfcorp_gross,62.21839917592711
1996-03-01,l_nfcorp_gross,62.03745309414579
1996-06-01,l_nfcorp_gross,62.1123034782935
1996-09-01,l_nfcorp_gross,62.18826865303213
1996-12-01,l_nfcorp_gross,62.0305281979962
1997-03-01,l_nfcorp_gross,62.112239831207035
1997-06-01,l_nfcorp_gross,62.10083878714679
1997-09-01,l_nfcorp_gross,61.8385692555572
1997-12-01,l_nfcorp_gross,62.357066046338325
1998-03-01,l_nfcorp_gross,63.2362360054313
1998-06-01,l_nfcorp_gross,63.429915755344936
1998-09-01,l_nfcorp_gross,63.369369201126666
1998-12-01,l_nfcorp_gross,63.79671161784247
1999-03-01,l_nfcorp_gross,63.806266992280925
1999-06-01,l_nfcorp_gross,63.75692127182338
1999-09-01,l_nfcorp_gross,64.12233824718004
1999-12-01,l_nfcorp_gross,64.47506398887167
2000-03-01,l_nfcorp_gross,65.04693044507233
2000-06-01,l_nfcorp_gross,64.88043803489279
2000-09-01,l_nfcorp_gross,65.38499523553476
2000-12-01,l_nfcorp_gross,65.79010497992792
2001-03-01,l_nfcorp_gross,65.65919377695748
2001-06-01,l_nfcorp_gross,65.30496325507406
2001-09-01,l_nfcorp_gross,65.34193254253152
2001-12-01,l_nfcorp_gross,65.6476880233533
2002-03-01,l_nfcorp_gross,64.39478363200283
2002-06-01,l_nfcorp_gross,64.1865532893654
2002-09-01,l_nfcorp_gross,63.83168644154576
2002-12-01,l_nfcorp_gross,63.07267713539859
2003-03-01,l_nfcorp_gross,62.88843930357719
2003-06-01,l_nfcorp_gross,62.87288228252455
2003-09-01,l_nfcorp_gross,62.504354218179685
2003-12-01,l_nfcorp_gross,62.493819119296965
2004-03-01,l_nfcorp_gross,61.595203842716444
2004-06-01,l_nfcorp_gross,61.3771762848176
2004-09-01,l_nfcorp_gross,61.236423197768616
2004-12-01,l_nfcorp_gross,61.09682091193098
2005-03-01,l_nfcorp_gross,60.3208206541669
2005-06-01,l_nfcorp_gross,59.6311882653649
2005-09-01,l_nfcorp_gross,60.097429087966454
2005-12-01,l_nfcorp_gross,58.98033919863883
2006-03-01,l_nfcorp_gross,59.09183926259828
2006-06-01,l_nfcorp_gross,59.05285871155029
2006-09-01,l_nfcorp_gross,58.17676175457179
2006-12-01,l_nfcorp_gross,58.82398409196918
2007-03-01,l_nfcorp_gross,59.34135527938455
2007-06-01,l_nfcorp_gross,58.96767081111069
2007-09-01,l_nfcorp_gross,59.605136859782625
2007-12-01,l_nfcorp_gross,59.479676230694054
2008-03-01,l_nfcorp_gross,60.05349733808993
2008-06-01,l_nfcorp_gross,59.81882958455806
2008-09-01,l_nfcorp_gross,58.67551033816617
2008-12-01,l_nfcorp_gross,59.70415444450373
2009-03-01,l_nfcorp_gross,59.33008113000475
2009-06-01,l_nfcorp_gross,59.911370623524284
2009-09-01,l_nfcorp_gross,59.577592598966596
2009-12-01,l_nfcorp_gross,58.44979698187692
2010-03-01,l_nfcorp_gross,57.42183474674501
2010-06-01,l_nfcorp_gross,57.472882452831236
2010-09-01,l_nfcorp_gross,56.728807484468625
2010-12-01,l_nfcorp_gross,57.100747937580756
2011-03-01,l_nfcorp_gross,58.120704835679156
2011-06-01,l_nfcorp_gross,56.970863097949085
2011-09-01,l_nfcorp_gross,56.9133777881161
2011-12-01,l_nfcorp_gross,56.34218019836347
2012-03-01,l_nfcorp_gross,56.69401624999095
2012-06-01,l_nfcorp_gross,56.611952756068646
2012-09-01,l_nfcorp_gross,56.897824631073625
2012-12-01,l_nfcorp_gross,57.05620355869676
2013-03-01,l_nfcorp_gross,56.45594298717772
2013-06-01,l_nfcorp_gross,56.68894689961843
2013-09-01,l_nfcorp_gross,56.80593520384083
2013-12-01,l_nfcorp_gross,56.888518714526455
2014-03-01,l_nfcorp_gross,57.67019523729956
2014-06-01,l_nfcorp_gross,56.87508823352995
2014-09-01,l_nfcorp_gross,56.33854680869104
2014-12-01,l_nfcorp_gross,56.59024701432036
2015-03-01,l_nfcorp_gross,57.210125195189434
2015-06-01,l_nfcorp_gross,57.54186302662938
2015-09-01,l_nfcorp_gross,57.44337351758295
2015-12-01,l_nfcorp_gross,57.84322727578668
2016-03-01,l_nfcorp_gross,57.762304007342955
2016-06-01,l_nfcorp_gross,58.406850784911114
2016-09-01,l_nfcorp_gross,58.40770095074482
2016-12-01,l_nfcorp_gross,58.595736571346144
2017-03-01,l_nfcorp_gross,58.497582431119
2017-06-01,l_nfcorp_gross,58.477694670625176
2017-09-01,l_nfcorp_gross,58.79998958111485
2017-12-01,l_nfcorp_gross,58.682912545568776
2018-03-01,l_nfcorp_gross,58.75185561117257
2018-06-01,l_nfcorp_gross,58.3922900596994
2018-09-01,l_nfcorp_gross,58.4171131283077
2018-12-01,l_nfcorp_gross,58.42304116509411
2019-03-01,l_nfcorp_gross,59.04171333212923
2019-06-01,l_nfcorp_gross,58.95112102770202
2019-09-01,l_nfcorp_gross,58.40227331999748
2019-12-01,l_nfcorp_gross,58.59192642462595
2020-03-01,l_nfcorp_gross,59.84347189623767
2020-06-01,l_nfcorp_gross,62.590638307123996
2020-09-01,l_nfcorp_gross,60.03438916103397
2020-12-01,l_nfcorp_gross,59.72027747191612
2021-03-01,l_nfcorp_gross,58.366325949912785
2021-06-01,l_nfcorp_gross,57.84678830260937
2021-09-01,l_nfcorp_gross,57.971106560318155
2021-12-01,l_nfcorp_gross,57.7328346562202
2022-03-01,l_nfcorp_gross,57.04260657784578
2022-06-01,l_nfcorp_gross,56.12978429834271
2022-09-01,l_nfcorp_gross,56.31246370386919
2022-12-01,l_nfcorp_gross,56.43770909280516
2023-03-01,l_nfcorp_gross,56.6493136765987
2023-06-01,l_nfcorp_gross,56.81687367561491
2023-09-01,l_nfcorp_gross,56.65109653605025
2023-12-01,l_nfcorp_gross,56.26861444761847
2024-03-01,l_nfcorp_gross,57.14274791530687
2024-06-01,l_nfcorp_gross,56.89968564471707
2024-09-01,l_nfcorp_gross,56.784134272266996
2024-12-01,l_nfcorp_gross,56.82951618203598
2025-03-01,l_nfcorp_gross,57.15469441455
2025-06-01,l_nfcorp_gross,56.81222606680765
2025-09-01,l_nfcorp_gross,56.51794882049339
2025-12-01,l_nfcorp_gross,56.12758675828801
2026-03-01,l_nfcorp_gross,55.720959738804936
2026-06-01,l_nfcorp_gross,54.704331624146704
1947-03-01,l_nfcorp_net_extax,78.98912601520064
1947-06-01,l_nfcorp_net_extax,76.90008369534893
1947-09-01,l_nfcorp_net_extax,77.3271826613335
1947-12-01,l_nfcorp_net_extax,77.14464387384612
1948-03-01,l_nfcorp_net_extax,75.35272048332834
1948-06-01,l_nfcorp_net_extax,74.51322691878906
1948-09-01,l_nfcorp_net_extax,75.55684020811371
1948-12-01,l_nfcorp_net_extax,74.78769689907534
1949-03-01,l_nfcorp_net_extax,75.49482028957914
1949-06-01,l_nfcorp_net_extax,76.59980382099116
1949-09-01,l_nfcorp_net_extax,75.52904238618524
1949-12-01,l_nfcorp_net_extax,77.50375575026361
1950-03-01,l_nfcorp_net_extax,75.96482914758069
1950-06-01,l_nfcorp_net_extax,74.51926210807639
1950-09-01,l_nfcorp_net_extax,73.25669805852286
1950-12-01,l_nfcorp_net_extax,72.4404314731605
1951-03-01,l_nfcorp_net_extax,73.85317927073964
1951-06-01,l_nfcorp_net_extax,74.60582603381545
1951-09-01,l_nfcorp_net_extax,74.57732278579184
1951-12-01,l_nfcorp_net_extax,74.44945044721769
1952-03-01,l_nfcorp_net_extax,75.92981899435432
1952-06-01,l_nfcorp_net_extax,77.01943236852506
1952-09-01,l_nfcorp_net_extax,77.5188671133482
1952-12-01,l_nfcorp_net_extax,76.43825486812916
1953-03-01,l_nfcorp_net_extax,76.34701876704658
1953-06-01,l_nfcorp_net_extax,77.07227988087635
1953-09-01,l_nfcorp_net_extax,77.62955485049514
1953-12-01,l_nfcorp_net_extax,80.97222486505686
1954-03-01,l_nfcorp_net_extax,79.50709749247235
1954-06-01,l_nfcorp_net_extax,78.77148172673667
1954-09-01,l_nfcorp_net_extax,77.77729347372616
1954-12-01,l_nfcorp_net_extax,76.70230322164024
1955-03-01,l_nfcorp_net_extax,74.90376906850733
1955-06-01,l_nfcorp_net_extax,74.9871993217017
1955-09-01,l_nfcorp_net_extax,75.48355742750688
1955-12-01,l_nfcorp_net_extax,75.48801931606435
1956-03-01,l_nfcorp_net_extax,76.76780367276001
1956-06-01,l_nfcorp_net_extax,77.11310644311155
1956-09-01,l_nfcorp_net_extax,77.54863334154149
1956-12-01,l_nfcorp_net_extax,77.70266562230282
1957-03-01,l_nfcorp_net_extax,77.3926559351204
1957-06-01,l_nfcorp_net_extax,77.9968306774673
1957-09-01,l_nfcorp_net_extax,78.46786409867994
1957-12-01,l_nfcorp_net_extax,79.68403561670127
1958-03-01,l_nfcorp_net_extax,81.54630028105856
1958-06-01,l_nfcorp_net_extax,80.79345188898073
1958-09-01,l_nfcorp_net_extax,79.41463315002323
1958-12-01,l_nfcorp_net_extax,77.74770842426888
1959-03-01,l_nfcorp_net_extax,77.06307514623151
1959-06-01,l_nfcorp_net_extax,76.13614688177861
1959-09-01,l_nfcorp_net_extax,78.13314057364192
1959-12-01,l_nfcorp_net_extax,78.41301421967347
1960-03-01,l_nfcorp_net_extax,77.66655309385284
1960-06-01,l_nfcorp_net_extax,79.1135927412319
1960-09-01,l_nfcorp_net_extax,79.28811819063374
1960-12-01,l_nfcorp_net_extax,80.02889129649694
1961-03-01,l_nfcorp_net_extax,80.46290971822887
1961-06-01,l_nfcorp_net_extax,79.02555785858621
1961-09-01,l_nfcorp_net_extax,78.4256842513609
1961-12-01,l_nfcorp_net_extax,77.34363911384345
1962-03-01,l_nfcorp_net_extax,77.40553624677025
1962-06-01,l_nfcorp_net_extax,77.91187949654383
1962-09-01,l_nfcorp_net_extax,77.58295742445776
1962-12-01,l_nfcorp_net_extax,77.09676806444871
1963-03-01,l_nfcorp_net_extax,77.04230166749936
1963-06-01,l_nfcorp_net_extax,76.35950776443012
1963-09-01,l_nfcorp_net_extax,76.23245396077753
1963-12-01,l_nfcorp_net_extax,76.19924630946646
1964-03-01,l_nfcorp_net_extax,75.56223131506708
1964-06-01,l_nfcorp_net_extax,75.82746066699013
1964-09-01,l_nfcorp_net_extax,75.86624119133094
1964-12-01,l_nfcorp_net_extax,76.24047306176084
1965-03-01,l_nfcorp_net_extax,74.75937781302916
1965-06-01,l_nfcorp_net_extax,74.63494981523864
1965-09-01,l_nfcorp_net_extax,74.71768830854793
1965-12-01,l_nfcorp_net_extax,74.36085926651964
1966-03-01,l_nfcorp_net_extax,74.10086987977685
1966-06-01,l_nfcorp_net_extax,74.77671526420411
1966-09-01,l_nfcorp_net_extax,75.542001723931
1966-12-01,l_nfcorp_net_extax,75.60575003684204
1967-03-01,l_nfcorp_net_extax,76.24794530082937
1967-06-01,l_nfcorp_net_extax,76.56532378012699
1967-09-01,l_nfcorp_net_extax,76.77543588467232
1967-12-01,l_nfcorp_net_extax,76.44650696868564
1968-03-01,l_nfcorp_net_extax,76.92889467176511
1968-06-01,l_nfcorp_net_extax,76.66137862988256
1968-09-01,l_nfcorp_net_extax,76.9424093700358
1968-12-01,l_nfcorp_net_extax,77.01518171065636
1969-03-01,l_nfcorp_net_extax,77.6901770520294
1969-06-01,l_nfcorp_net_extax,78.48097316834573
1969-09-01,l_nfcorp_net_extax,79.24806414410456
1969-12-01,l_nfcorp_net_extax,80.35575858552552
1970-03-01,l_nfcorp_net_extax,81.68586608679576
1970-06-01,l_nfcorp_net_extax,80.97590622965053
1970-09-01,l_nfcorp_net_extax,81.28491860946338
1970-12-01,l_nfcorp_net_extax,82.13789568953297
1971-03-01,l_nfcorp_net_extax,80.30391802440818
1971-06-01,l_nfcorp_net_extax,80.36812322526609
1971-09-01,l_nfcorp_net_extax,80.29763810927899
1971-12-01,l_nfcorp_net_extax,79.94126654830748
1972-03-01,l_nfcorp_net_extax,79.96516465057552
1972-06-01,l_nfcorp_net_extax,80.07552783869228
1972-09-01,l_nfcorp_net_extax,79.62797089093453
1972-12-01,l_nfcorp_net_extax,79.10410258631893
1973-03-01,l_nfcorp_net_extax,79.03646609322129
1973-06-01,l_nfcorp_net_extax,79.8499558549693
1973-09-01,l_nfcorp_net_extax,80.12291767750283
1973-12-01,l_nfcorp_net_extax,80.07893607893608
1974-03-01,l_nfcorp_net_extax,81.10237193468066
1974-06-01,l_nfcorp_net_extax,81.33244844090622
1974-09-01,l_nfcorp_net_extax,82.08517280219739
1974-12-01,l_nfcorp_net_extax,82.40295283744601
1975-03-01,l_nfcorp_net_extax,82.12266493770689
1975-06-01,l_nfcorp_net_extax,80.70420478386158
1975-09-01,l_nfcorp_net_extax,78.89618286832497
1975-12-01,l_nfcorp_net_extax,78.90781422784129
1976-03-01,l_nfcorp_net_extax,78.18643241840654
1976-06-01,l_nfcorp_net_extax,78.92536783726435
1976-09-01,l_nfcorp_net_extax,79.22634822898624
1976-12-01,l_nfcorp_net_extax,79.77649131033321
1977-03-01,l_nfcorp_net_extax,79.61196723587395
1977-06-01,l_nfcorp_net_extax,78.43829373972807
1977-09-01,l_nfcorp_net_extax,77.7738732454743
1977-12-01,l_nfcorp_net_extax,78.67195999425874
1978-03-01,l_nfcorp_net_extax,80.05693880506004
1978-06-01,l_nfcorp_net_extax,78.3809218367806
1978-09-01,l_nfcorp_net_extax,78.67550200578255
1978-12-01,l_nfcorp_net_extax,78.66127104598975
1979-03-01,l_nfcorp_net_extax,79.75504728640138
1979-06-01,l_nfcorp_net_extax,80.22807181306202
1979-09-01,l_nfcorp_net_extax,80.95230023823184
1979-12-01,l_nfcorp_net_extax,81.43822185292896
1980-03-01,l_nfcorp_net_extax,81.76516494401939
1980-06-01,l_nfcorp_net_extax,83.26696203331782
1980-09-01,l_nfcorp_net_extax,82.49308545601647
1980-12-01,l_nfcorp_net_extax,81.27858313345835
1981-03-01,l_nfcorp_net_extax,80.90537052653868
1981-06-01,l_nfcorp_net_extax,80.89122200829723
1981-09-01,l_nfcorp_net_extax,79.9750575063049
1981-12-01,l_nfcorp_net_extax,80.8485358754144
1982-03-01,l_nfcorp_net_extax,81.70853540625133
1982-06-01,l_nfcorp_net_extax,81.23869900771776
1982-09-01,l_nfcorp_net_extax,81.50842450001575
1982-12-01,l_nfcorp_net_extax,82.3983443338798
1983-03-01,l_nfcorp_net_extax,81.788854098384
1983-06-01,l_nfcorp_net_extax,80.69511646501138
1983-09-01,l_nfcorp_net_extax,79.9940503223482
1983-12-01,l_nfcorp_net_extax,79.5767998702741
1984-03-01,l_nfcorp_net_extax,78.4017998354236
1984-06-01,l_nfcorp_net_extax,78.62295362989629
1984-09-01,l_nfcorp_net_extax,79.05976097411857
1984-12-01,l_nfcorp_net_extax,79.03055271379988
1985-03-01,l_nfcorp_net_extax,79.31478726276745
1985-06-01,l_nfcorp_net_extax,79.54043367298794
1985-09-01,l_nfcorp_net_extax,79.00940154963655
1985-12-01,l_nfcorp_net_extax,80.24437755301187
1986-03-01,l_nfcorp_net_extax,80.46621253519311
1986-06-01,l_nfcorp_net_extax,81.19830921074852
1986-09-01,l_nfcorp_net_extax,81.62213400658084
1986-12-01,l_nfcorp_net_extax,81.68052097454265
1987-03-01,l_nfcorp_net_extax,81.37168730459517
1987-06-01,l_nfcorp_net_extax,80.64434609251171
1987-09-01,l_nfcorp_net_extax,80.07786707093229
1987-12-01,l_nfcorp_net_extax,80.46520808218266
1988-03-01,l_nfcorp_net_extax,80.06481954801089
1988-06-01,l_nfcorp_net_extax,80.19349858569593
1988-09-01,l_nfcorp_net_extax,80.18985417282019
1988-12-01,l_nfcorp_net_extax,79.5379466695455
1989-03-01,l_nfcorp_net_extax,80.4340894886712
1989-06-01,l_nfcorp_net_extax,80.70886180225186
1989-09-01,l_nfcorp_net_extax,80.8330974423871
1989-12-01,l_nfcorp_net_extax,81.57244453292175
1990-03-01,l_nfcorp_net_extax,81.37402160395992
1990-06-01,l_nfcorp_net_extax,81.1136086150466
1990-09-01,l_nfcorp_net_extax,81.99675414631696
1990-12-01,l_nfcorp_net_extax,82.22818046819602
1991-03-01,l_nfcorp_net_extax,81.60508135897257
1991-06-01,l_nfcorp_net_extax,81.87280015021035
1991-09-01,l_nfcorp_net_extax,82.24271301179184
1991-12-01,l_nfcorp_net_extax,82.76109782542133
1992-03-01,l_nfcorp_net_extax,82.82657087733314
1992-06-01,l_nfcorp_net_extax,82.93775168155842
1992-09-01,l_nfcorp_net_extax,83.34326914659007
1992-12-01,l_nfcorp_net_extax,82.79446746086282
1993-03-01,l_nfcorp_net_extax,83.06771969689603
1993-06-01,l_nfcorp_net_extax,82.40267101924441
1993-09-01,l_nfcorp_net_extax,82.39158004818664
1993-12-01,l_nfcorp_net_extax,81.35372841975483
1994-03-01,l_nfcorp_net_extax,81.05693382073828
1994-06-01,l_nfcorp_net_extax,80.65061930326021
1994-09-01,l_nfcorp_net_extax,80.24343626398716
1994-12-01,l_nfcorp_net_extax,79.68937466986307
1995-03-01,l_nfcorp_net_extax,80.24036866049713
1995-06-01,l_nfcorp_net_extax,80.19949531217364
1995-09-01,l_nfcorp_net_extax,79.45886534100546
1995-12-01,l_nfcorp_net_extax,79.48926460527036
1996-03-01,l_nfcorp_net_extax,79.1401430456641
1996-06-01,l_nfcorp_net_extax,79.1686917907597
1996-09-01,l_nfcorp_net_extax,79.23953297629689
1996-12-01,l_nfcorp_net_extax,79.0468094266991
1997-03-01,l_nfcorp_net_extax,78.98179086069902
1997-06-01,l_nfcorp_net_extax,79.05334984439175
1997-09-01,l_nfcorp_net_extax,78.55621286938472
1997-12-01,l_nfcorp_net_extax,79.20278612229501
1998-03-01,l_nfcorp_net_extax,80.38174392150509
1998-06-01,l_nfcorp_net_extax,80.59156886537185
1998-09-01,l_nfcorp_net_extax,80.41370872185874
1998-12-01,l_nfcorp_net_extax,81.02813865518982
1999-03-01,l_nfcorp_net_extax,80.89238089559893
1999-06-01,l_nfcorp_net_extax,80.96610514099484
1999-09-01,l_nfcorp_net_extax,81.68541670563013
1999-12-01,l_nfcorp_net_extax,82.17104520005832
2000-03-01,l_nfcorp_net_extax,82.74495848105892
2000-06-01,l_nfcorp_net_extax,82.73297176016085
2000-09-01,l_nfcorp_net_extax,83.31253572916843
2000-12-01,l_nfcorp_net_extax,84.0159274254756
2001-03-01,l_nfcorp_net_extax,84.16615591478632
2001-06-01,l_nfcorp_net_extax,83.85545616138079
2001-09-01,l_nfcorp_net_extax,84.04455230738519
2001-12-01,l_nfcorp_net_extax,85.33936764472344
2002-03-01,l_nfcorp_net_extax,83.61987711200375
2002-06-01,l_nfcorp_net_extax,83.24854739903179
2002-09-01,l_nfcorp_net_extax,82.91240793328278
2002-12-01,l_nfcorp_net_extax,81.79115704793948
2003-03-01,l_nfcorp_net_extax,81.74787808986044
2003-06-01,l_nfcorp_net_extax,81.45082414424212
2003-09-01,l_nfcorp_net_extax,80.99201257824969
2003-12-01,l_nfcorp_net_extax,80.78765191596457
2004-03-01,l_nfcorp_net_extax,79.67602685883377
2004-06-01,l_nfcorp_net_extax,79.22883001587032
2004-09-01,l_nfcorp_net_extax,78.86583910740826
2004-12-01,l_nfcorp_net_extax,78.99979786930713
2005-03-01,l_nfcorp_net_extax,77.94431074583642
2005-06-01,l_nfcorp_net_extax,77.04204867820582
2005-09-01,l_nfcorp_net_extax,77.85359116620089
2005-12-01,l_nfcorp_net_extax,76.18120309031008
2006-03-01,l_nfcorp_net_extax,76.30500578637239
2006-06-01,l_nfcorp_net_extax,76.47782691384742
2006-09-01,l_nfcorp_net_extax,75.2497442507253
2006-12-01,l_nfcorp_net_extax,76.29357846238324
2007-03-01,l_nfcorp_net_extax,76.96650479933727
2007-06-01,l_nfcorp_net_extax,76.511306807628
2007-09-01,l_nfcorp_net_extax,77.73290128624541
2007-12-01,l_nfcorp_net_extax,77.61121944133292
2008-03-01,l_nfcorp_net_extax,78.5650198153817
2008-06-01,l_nfcorp_net_extax,78.54460060129178
2008-09-01,l_nfcorp_net_extax,76.88839778849888
2008-12-01,l_nfcorp_net_extax,78.8003333597098
2009-03-01,l_nfcorp_net_extax,79.22701523230928
2009-06-01,l_nfcorp_net_extax,80.02269269752118
2009-09-01,l_nfcorp_net_extax,79.36934246550324
2009-12-01,l_nfcorp_net_extax,77.5794998281391
2010-03-01,l_nfcorp_net_extax,76.03382076506068
2010-06-01,l_nfcorp_net_extax,75.92358866072999
2010-09-01,l_nfcorp_net_extax,74.51211058536789
2010-12-01,l_nfcorp_net_extax,75.20163441796537
2011-03-01,l_nfcorp_net_extax,76.74782320847581
2011-06-01,l_nfcorp_net_extax,74.9935488621225
2011-09-01,l_nfcorp_net_extax,74.82539747803058
2011-12-01,l_nfcorp_net_extax,74.19330756088792
2012-03-01,l_nfcorp_net_extax,74.3849565057905
2012-06-01,l_nfcorp_net_extax,74.21149297517876
2012-09-01,l_nfcorp_net_extax,74.8306287165586
2012-12-01,l_nfcorp_net_extax,74.79215519926406
2013-03-01,l_nfcorp_net_extax,74.02650531656928
2013-06-01,l_nfcorp_net_extax,74.38308082429975
2013-09-01,l_nfcorp_net_extax,74.72211363537964
2013-12-01,l_nfcorp_net_extax,74.83761434529346
2014-03-01,l_nfcorp_net_extax,76.0307169189977
2014-06-01,l_nfcorp_net_extax,74.74471017298865
2014-09-01,l_nfcorp_net_extax,73.77993290179947
2014-12-01,l_nfcorp_net_extax,74.02681056117854
2015-03-01,l_nfcorp_net_extax,74.91182439175296
2015-06-01,l_nfcorp_net_extax,75.4194682649349
2015-09-01,l_nfcorp_net_extax,75.14097815171351
2015-12-01,l_nfcorp_net_extax,75.75518832236182
2016-03-01,l_nfcorp_net_extax,75.60114655692655
2016-06-01,l_nfcorp_net_extax,76.74348320673185
2016-09-01,l_nfcorp_net_extax,76.75579219991236
2016-12-01,l_nfcorp_net_extax,76.97748411684313
2017-03-01,l_nfcorp_net_extax,76.78666196511034
2017-06-01,l_nfcorp_net_extax,76.80869125189896
2017-09-01,l_nfcorp_net_extax,77.38255606451158
2017-12-01,l_nfcorp_net_extax,77.11107686844458
2018-03-01,l_nfcorp_net_extax,77.09202291268282
2018-06-01,l_nfcorp_net_extax,76.55332709255414
2018-09-01,l_nfcorp_net_extax,76.55854230397796
2018-12-01,l_nfcorp_net_extax,76.67675777511447
2019-03-01,l_nfcorp_net_extax,77.65377041756419
2019-06-01,l_nfcorp_net_extax,77.6555563919127
2019-09-01,l_nfcorp_net_extax,76.89714782533703
2019-12-01,l_nfcorp_net_extax,77.05272557626976
2020-03-01,l_nfcorp_net_extax,78.97538292568645
2020-06-01,l_nfcorp_net_extax,78.51310992343072
2020-09-01,l_nfcorp_net_extax,73.79306768530328
2020-12-01,l_nfcorp_net_extax,76.41503895777325
2021-03-01,l_nfcorp_net_extax,74.04332970958224
2021-06-01,l_nfcorp_net_extax,72.2855848250511
2021-09-01,l_nfcorp_net_extax,73.15447506198127
2021-12-01,l_nfcorp_net_extax,73.54503814709054
2022-03-01,l_nfcorp_net_extax,74.13511345172482
2022-06-01,l_nfcorp_net_extax,73.06455840399379
2022-09-01,l_nfcorp_net_extax,73.24694898001391
2022-12-01,l_nfcorp_net_extax,73.6034607417671
2023-03-01,l_nfcorp_net_extax,73.72221502163374
2023-06-01,l_nfcorp_net_extax,73.91217622935936
2023-09-01,l_nfcorp_net_extax,73.61581090994025
2023-12-01,l_nfcorp_net_extax,73.09663755348693
2024-03-01,l_nfcorp_net_extax,74.20443752261694
2024-06-01,l_nfcorp_net_extax,73.991591665739
2024-09-01,l_nfcorp_net_extax,74.03847030890192
2024-12-01,l_nfcorp_net_extax,74.06636843602303
2025-03-01,l_nfcorp_net_extax,74.51198081460035
2025-06-01,l_nfcorp_net_extax,74.62523195832411
2025-09-01,l_nfcorp_net_extax,74.47495376089874
2025-12-01,l_nfcorp_net_extax,74.19446214623234
2026-03-01,l_nfcorp_net_extax,73.47764429642848
2026-06-01,l_nfcorp_net_extax,71.89166184840369
1947-03-01,l_nfcorp_net_std,70.94472484151584
1947-06-01,l_nfcorp_net_std,69.3341478313989
1947-09-01,l_nfcorp_net_std,69.7490278009428
1947-12-01,l_nfcorp_net_std,69.50510869108186
1948-03-01,l_nfcorp_net_std,68.21552150271873
1948-06-01,l_nfcorp_net_std,67.31362277202214
1948-09-01,l_nfcorp_net_std,68.26533120314612
1948-12-01,l_nfcorp_net_std,67.59560233067381
1949-03-01,l_nfcorp_net_std,68.01874507785757
1949-06-01,l_nfcorp_net_std,68.6346446915392
1949-09-01,l_nfcorp_net_std,67.57357603191036
1949-12-01,l_nfcorp_net_std,69.06185301282957
1950-03-01,l_nfcorp_net_std,67.97217292985128
1950-06-01,l_nfcorp_net_std,66.85771097725014
1950-09-01,l_nfcorp_net_std,65.67635605288555
1950-12-01,l_nfcorp_net_std,65.6239968154911
1951-03-01,l_nfcorp_net_std,66.60842433697348
1951-06-01,l_nfcorp_net_std,67.73441834658776
1951-09-01,l_nfcorp_net_std,67.66154542729002
1951-12-01,l_nfcorp_net_std,67.43875278396436
1952-03-01,l_nfcorp_net_std,68.61252822614368
1952-06-01,l_nfcorp_net_std,69.27883253899871
1952-09-01,l_nfcorp_net_std,69.70506194353415
1952-12-01,l_nfcorp_net_std,69.02530772141473
1953-03-01,l_nfcorp_net_std,68.97482063304703
1953-06-01,l_nfcorp_net_std,69.60486813666571
1953-09-01,l_nfcorp_net_std,70.04641277001822
1953-12-01,l_nfcorp_net_std,72.75939699638084
1954-03-01,l_nfcorp_net_std,71.64158686730507
1954-06-01,l_nfcorp_net_std,71.02750592824688
1954-09-01,l_nfcorp_net_std,70.28161485440991
1954-12-01,l_nfcorp_net_std,69.43812926274765
1955-03-01,l_nfcorp_net_std,67.85719804474022
1955-06-01,l_nfcorp_net_std,67.88176014114622
1955-09-01,l_nfcorp_net_std,68.27652902734226
1955-12-01,l_nfcorp_net_std,68.37603586727586
1956-03-01,l_nfcorp_net_std,69.44218202481295
1956-06-01,l_nfcorp_net_std,69.75279557000704
1956-09-01,l_nfcorp_net_std,70.01185668235208
1956-12-01,l_nfcorp_net_std,70.13874815925641
1957-03-01,l_nfcorp_net_std,69.86698537060398
1957-06-01,l_nfcorp_net_std,70.30350346442862
1957-09-01,l_nfcorp_net_std,70.71358922081376
1957-12-01,l_nfcorp_net_std,71.81475968738194
1958-03-01,l_nfcorp_net_std,72.94277553619717
1958-06-01,l_nfcorp_net_std,72.28437438874869
1958-09-01,l_nfcorp_net_std,71.3251243952214
1958-12-01,l_nfcorp_net_std,70.0261219782812
1959-03-01,l_nfcorp_net_std,69.49619500394779
1959-06-01,l_nfcorp_net_std,68.87010115682317
1959-09-01,l_nfcorp_net_std,70.23141583337079
1959-12-01,l_nfcorp_net_std,70.28926736955934
1960-03-01,l_nfcorp_net_std,69.87021553145672
1960-06-01,l_nfcorp_net_std,70.96794390182819
1960-09-01,l_nfcorp_net_std,70.90974018074724
1960-12-01,l_nfcorp_net_std,71.34833470468286
1961-03-01,l_nfcorp_net_std,71.63357703937159
1961-06-01,l_nfcorp_net_std,70.6355666147299
1961-09-01,l_nfcorp_net_std,70.2341617041202
1961-12-01,l_nfcorp_net_std,69.45900176630187
1962-03-01,l_nfcorp_net_std,69.47504582763094
1962-06-01,l_nfcorp_net_std,69.83478040967715
1962-09-01,l_nfcorp_net_std,69.44083404773099
1962-12-01,l_nfcorp_net_std,68.98868686731296
1963-03-01,l_nfcorp_net_std,68.9572623134366
1963-06-01,l_nfcorp_net_std,68.46578221463287
1963-09-01,l_nfcorp_net_std,68.39714387257277
1963-12-01,l_nfcorp_net_std,68.40652701998042
1964-03-01,l_nfcorp_net_std,67.88666941730857
1964-06-01,l_nfcorp_net_std,68.08990338767713
1964-09-01,l_nfcorp_net_std,68.10900496562262
1964-12-01,l_nfcorp_net_std,68.37589713975935
1965-03-01,l_nfcorp_net_std,67.24420059678506
1965-06-01,l_nfcorp_net_std,67.19056319802733
1965-09-01,l_nfcorp_net_std,67.33457544754246
1965-12-01,l_nfcorp_net_std,67.22575608932772
1966-03-01,l_nfcorp_net_std,67.15397263642092
1966-06-01,l_nfcorp_net_std,67.85037807420805
1966-09-01,l_nfcorp_net_std,68.60384462940944
1966-12-01,l_nfcorp_net_std,68.72940288146533
1967-03-01,l_nfcorp_net_std,69.23970807746352
1967-06-01,l_nfcorp_net_std,69.44198662624564
1967-09-01,l_nfcorp_net_std,69.54367363017843
1967-12-01,l_nfcorp_net_std,69.15498102093939
1968-03-01,l_nfcorp_net_std,69.48516110765304
1968-06-01,l_nfcorp_net_std,69.16048520813335
1968-09-01,l_nfcorp_net_std,69.30722672851608
1968-12-01,l_nfcorp_net_std,69.34770873758079
1969-03-01,l_nfcorp_net_std,69.97081458292571
1969-06-01,l_nfcorp_net_std,70.64567440871517
1969-09-01,l_nfcorp_net_std,71.30980172009939
1969-12-01,l_nfcorp_net_std,72.22925560626135
1970-03-01,l_nfcorp_net_std,73.20403630783554
1970-06-01,l_nfcorp_net_std,72.53270286665318
1970-09-01,l_nfcorp_net_std,72.70178983165866
1970-12-01,l_nfcorp_net_std,73.20515387172077
1971-03-01,l_nfcorp_net_std,71.73900938791117
1971-06-01,l_nfcorp_net_std,71.74275387426555
1971-09-01,l_nfcorp_net_std,71.59300886910395
1971-12-01,l_nfcorp_net_std,71.3243584024951
1972-03-01,l_nfcorp_net_std,71.63278496480544
1972-06-01,l_nfcorp_net_std,71.7826872766586
1972-09-01,l_nfcorp_net_std,71.39419898145132
1972-12-01,l_nfcorp_net_std,70.99786457385572
1973-03-01,l_nfcorp_net_std,71.06914681417352
1973-06-01,l_nfcorp_net_std,71.72922851383544
1973-09-01,l_nfcorp_net_std,71.93428133145287
1973-12-01,l_nfcorp_net_std,71.98059300703223
1974-03-01,l_nfcorp_net_std,72.91406289056641
1974-06-01,l_nfcorp_net_std,73.17462303697678
1974-09-01,l_nfcorp_net_std,73.86026945718956
1974-12-01,l_nfcorp_net_std,74.03202054248317
1975-03-01,l_nfcorp_net_std,73.59937201969235
1975-06-01,l_nfcorp_net_std,72.39960101122124
1975-09-01,l_nfcorp_net_std,70.99662281227857
1975-12-01,l_nfcorp_net_std,71.07648830729414
1976-03-01,l_nfcorp_net_std,70.67427441674742
1976-06-01,l_nfcorp_net_std,71.28563011722639
1976-09-01,l_nfcorp_net_std,71.56225225095727
1976-12-01,l_nfcorp_net_std,72.03009608297157
1977-03-01,l_nfcorp_net_std,72.02635148713826
1977-06-01,l_nfcorp_net_std,71.17197312546104
1977-09-01,l_nfcorp_net_std,70.62204994584059
1977-12-01,l_nfcorp_net_std,71.33529998698538
1978-03-01,l_nfcorp_net_std,72.49853639978355
1978-06-01,l_nfcorp_net_std,71.16610065183698
1978-09-01,l_nfcorp_net_std,71.98328915888025
1978-12-01,l_nfcorp_net_std,71.95910460184709
1979-03-01,l_nfcorp_net_std,73.00193047082217
1979-06-01,l_nfcorp_net_std,73.42664312564074
1979-09-01,l_nfcorp_net_std,74.05069326273437
1979-12-01,l_nfcorp_net_std,74.45984629550283
1980-03-01,l_nfcorp_net_std,74.77056087437165
1980-06-01,l_nfcorp_net_std,75.90721830788286
1980-09-01,l_nfcorp_net_std,75.09704569563533
1980-12-01,l_nfcorp_net_std,73.99092521273563
1981-03-01,l_nfcorp_net_std,73.5019637731774
1981-06-01,l_nfcorp_net_std,73.24144523680435
1981-09-01,l_nfcorp_net_std,72.43832397859288
1981-12-01,l_nfcorp_net_std,73.11959121820482
1982-03-01,l_nfcorp_net_std,73.84375195469592
1982-06-01,l_nfcorp_net_std,73.54651960723153
1982-09-01,l_nfcorp_net_std,73.80075677056657
1982-12-01,l_nfcorp_net_std,74.4416638535502
1983-03-01,l_nfcorp_net_std,73.7982038122046
1983-06-01,l_nfcorp_net_std,72.81523968444272
1983-09-01,l_nfcorp_net_std,72.16738310398183
1983-12-01,l_nfcorp_net_std,71.8357372374703
1984-03-01,l_nfcorp_net_std,70.94902407310975
1984-06-01,l_nfcorp_net_std,71.1584429285851
1984-09-01,l_nfcorp_net_std,71.53762807114778
1984-12-01,l_nfcorp_net_std,71.52847777843398
1985-03-01,l_nfcorp_net_std,71.7654884544434
1985-06-01,l_nfcorp_net_std,71.94401728097732
1985-09-01,l_nfcorp_net_std,71.54219623635022
1985-12-01,l_nfcorp_net_std,72.64887546108724
1986-03-01,l_nfcorp_net_std,72.85237179933695
1986-06-01,l_nfcorp_net_std,73.44440950891773
1986-09-01,l_nfcorp_net_std,73.81867024598839
1986-12-01,l_nfcorp_net_std,73.88944417569172
1987-03-01,l_nfcorp_net_std,73.63508988257118
1987-06-01,l_nfcorp_net_std,73.03954195835777
1987-09-01,l_nfcorp_net_std,72.60124496615433
1987-12-01,l_nfcorp_net_std,72.96064036320108
1988-03-01,l_nfcorp_net_std,72.57646606385542
1988-06-01,l_nfcorp_net_std,72.68756154239234
1988-09-01,l_nfcorp_net_std,72.75272484591405
1988-12-01,l_nfcorp_net_std,72.22090454401649
1989-03-01,l_nfcorp_net_std,72.94338710976297
1989-06-01,l_nfcorp_net_std,73.12258412877081
1989-09-01,l_nfcorp_net_std,73.21686585262853
1989-12-01,l_nfcorp_net_std,73.85398752772272
1990-03-01,l_nfcorp_net_std,73.71206052645529
1990-06-01,l_nfcorp_net_std,73.48031425549563
1990-09-01,l_nfcorp_net_std,74.13260114952762
1990-12-01,l_nfcorp_net_std,74.17062320909412
1991-03-01,l_nfcorp_net_std,73.41578050558593
1991-06-01,l_nfcorp_net_std,73.5843558720897
1991-09-01,l_nfcorp_net_std,73.83705237994748
1991-12-01,l_nfcorp_net_std,74.21723408629434
1992-03-01,l_nfcorp_net_std,74.30515168928356
1992-06-01,l_nfcorp_net_std,74.42520506299353
1992-09-01,l_nfcorp_net_std,74.72343537152611
1992-12-01,l_nfcorp_net_std,74.30053543738696
1993-03-01,l_nfcorp_net_std,74.41646668058165
1993-06-01,l_nfcorp_net_std,73.89601031367494
1993-09-01,l_nfcorp_net_std,73.84071978725615
1993-12-01,l_nfcorp_net_std,72.91945413280455
1994-03-01,l_nfcorp_net_std,72.46280201860178
1994-06-01,l_nfcorp_net_std,72.13364518779615
1994-09-01,l_nfcorp_net_std,71.79614967626522
1994-12-01,l_nfcorp_net_std,71.40578174019598
1995-03-01,l_nfcorp_net_std,71.95835103432728
1995-06-01,l_nfcorp_net_std,72.00297055890101
1995-09-01,l_nfcorp_net_std,71.42284878071834
1995-12-01,l_nfcorp_net_std,71.46037541017718
1996-03-01,l_nfcorp_net_std,71.23581127644736
1996-06-01,l_nfcorp_net_std,71.29440779246579
1996-09-01,l_nfcorp_net_std,71.40013162224416
1996-12-01,l_nfcorp_net_std,71.21806021322388
1997-03-01,l_nfcorp_net_std,71.32025369376971
1997-06-01,l_nfcorp_net_std,71.33018082518552
1997-09-01,l_nfcorp_net_std,70.97317101217457
1997-12-01,l_nfcorp_net_std,71.57754518951569
1998-03-01,l_nfcorp_net_std,72.69302483220375
1998-06-01,l_nfcorp_net_std,72.9179038798848
1998-09-01,l_nfcorp_net_std,72.81308564891212
1998-12-01,l_nfcorp_net_std,73.35945321538182
1999-03-01,l_nfcorp_net_std,73.30602914391035
1999-06-01,l_nfcorp_net_std,73.3376976722928
1999-09-01,l_nfcorp_net_std,73.90365090133164
1999-12-01,l_nfcorp_net_std,74.35885450885556
2000-03-01,l_nfcorp_net_std,74.97418051998041
2000-06-01,l_nfcorp_net_std,74.91518512408936
2000-09-01,l_nfcorp_net_std,75.49737365109857
2000-12-01,l_nfcorp_net_std,76.05371036211503
2001-03-01,l_nfcorp_net_std,76.278855599603
2001-06-01,l_nfcorp_net_std,76.08729996035632
2001-09-01,l_nfcorp_net_std,76.34630025957831
2001-12-01,l_nfcorp_net_std,76.90963308038098
2002-03-01,l_nfcorp_net_std,75.44268546218026
2002-06-01,l_nfcorp_net_std,75.0995835328111
2002-09-01,l_nfcorp_net_std,74.67797152590335
2002-12-01,l_nfcorp_net_std,73.67566619952221
2003-03-01,l_nfcorp_net_std,73.52089654010071
2003-06-01,l_nfcorp_net_std,73.41057680981194
2003-09-01,l_nfcorp_net_std,72.84017413637618
2003-12-01,l_nfcorp_net_std,72.73722614700037
2004-03-01,l_nfcorp_net_std,71.61860562253628
2004-06-01,l_nfcorp_net_std,71.26912814153042
2004-09-01,l_nfcorp_net_std,71.0103534118859
2004-12-01,l_nfcorp_net_std,70.97992133411815
2005-03-01,l_nfcorp_net_std,70.04067943653757
2005-06-01,l_nfcorp_net_std,69.21303777427207
2005-09-01,l_nfcorp_net_std,69.86135156879656
2005-12-01,l_nfcorp_net_std,68.4849794727796
2006-03-01,l_nfcorp_net_std,68.59661761093948
2006-06-01,l_nfcorp_net_std,68.69206391281051
2006-09-01,l_nfcorp_net_std,67.64432565614197
2006-12-01,l_nfcorp_net_std,68.55286009046863
2007-03-01,l_nfcorp_net_std,69.20170418980312
2007-06-01,l_nfcorp_net_std,68.80590981655303
2007-09-01,l_nfcorp_net_std,69.78470543185851
2007-12-01,l_nfcorp_net_std,69.63526178430573
2008-03-01,l_nfcorp_net_std,70.52981620093857
2008-06-01,l_nfcorp_net_std,70.43176855305511
2008-09-01,l_nfcorp_net_std,69.07111683169946
2008-12-01,l_nfcorp_net_std,70.70091915575169
2009-03-01,l_nfcorp_net_std,70.91728686444434
2009-06-01,l_nfcorp_net_std,71.56111826941448
2009-09-01,l_nfcorp_net_std,71.05492349756906
2009-12-01,l_nfcorp_net_std,69.42984732704437
2010-03-01,l_nfcorp_net_std,68.0800510569839
2010-06-01,l_nfcorp_net_std,68.0043347212448
2010-09-01,l_nfcorp_net_std,66.89400339419392
2010-12-01,l_nfcorp_net_std,67.44919357694639
2011-03-01,l_nfcorp_net_std,68.69869651294007
2011-06-01,l_nfcorp_net_std,67.22464098994757
2011-09-01,l_nfcorp_net_std,67.1667028116529
2011-12-01,l_nfcorp_net_std,66.56257517915421
2012-03-01,l_nfcorp_net_std,66.81865153878799
2012-06-01,l_nfcorp_net_std,66.7285472880894
2012-09-01,l_nfcorp_net_std,67.2477104220057
2012-12-01,l_nfcorp_net_std,67.27714827825537
2013-03-01,l_nfcorp_net_std,66.50297322705468
2013-06-01,l_nfcorp_net_std,66.83633042687784
2013-09-01,l_nfcorp_net_std,67.07456283610185
2013-12-01,l_nfcorp_net_std,67.20811898128025
2014-03-01,l_nfcorp_net_std,68.24372442895654
2014-06-01,l_nfcorp_net_std,67.16622363401332
2014-09-01,l_nfcorp_net_std,66.41863455055984
2014-12-01,l_nfcorp_net_std,66.69175718748862
2015-03-01,l_nfcorp_net_std,67.52226156928431
2015-06-01,l_nfcorp_net_std,67.94781382682342
2015-09-01,l_nfcorp_net_std,67.76825421622401
2015-12-01,l_nfcorp_net_std,68.25867245642456
2016-03-01,l_nfcorp_net_std,68.17001390199883
2016-06-01,l_nfcorp_net_std,69.11713370562592
2016-09-01,l_nfcorp_net_std,69.07563084691274
2016-12-01,l_nfcorp_net_std,69.31470353594095
2017-03-01,l_nfcorp_net_std,69.1449289763015
2017-06-01,l_nfcorp_net_std,69.1481109994215
2017-09-01,l_nfcorp_net_std,69.60874270685329
2017-12-01,l_nfcorp_net_std,69.3899984093506
2018-03-01,l_nfcorp_net_std,69.40708166833838
2018-06-01,l_nfcorp_net_std,68.94717481750114
2018-09-01,l_nfcorp_net_std,68.94287892775854
2018-12-01,l_nfcorp_net_std,68.96964531917595
2019-03-01,l_nfcorp_net_std,69.76772050594768
2019-06-01,l_nfcorp_net_std,69.73855512908817
2019-09-01,l_nfcorp_net_std,69.04406198208827
2019-12-01,l_nfcorp_net_std,69.25853656011232
2020-03-01,l_nfcorp_net_std,71.08473436515752
2020-06-01,l_nfcorp_net_std,76.33823408301724
2020-09-01,l_nfcorp_net_std,71.81968868784233
2020-12-01,l_nfcorp_net_std,70.9281487898979
2021-03-01,l_nfcorp_net_std,68.99165376613118
2021-06-01,l_nfcorp_net_std,68.08416974210233
2021-09-01,l_nfcorp_net_std,68.145204505084
2021-12-01,l_nfcorp_net_std,67.77383722339705
2022-03-01,l_nfcorp_net_std,67.00250317742882
2022-06-01,l_nfcorp_net_std,65.94021658745655
2022-09-01,l_nfcorp_net_std,66.17931380267711
2022-12-01,l_nfcorp_net_std,66.51788253862854
2023-03-01,l_nfcorp_net_std,66.80846989558411
2023-06-01,l_nfcorp_net_std,67.0478447764365
2023-09-01,l_nfcorp_net_std,66.80110786279397
2023-12-01,l_nfcorp_net_std,66.34064752875472
2024-03-01,l_nfcorp_net_std,67.36821874285458
2024-06-01,l_nfcorp_net_std,67.148998855276
2024-09-01,l_nfcorp_net_std,67.13282915036422
2024-12-01,l_nfcorp_net_std,67.17795115597036
2025-03-01,l_nfcorp_net_std,67.57551999598715
2025-06-01,l_nfcorp_net_std,67.14467975469294
2025-09-01,l_nfcorp_net_std,66.87155409149692
2025-12-01,l_nfcorp_net_std,66.49315925915339
2026-03-01,l_nfcorp_net_std,66.00433620261342
2026-06-01,l_nfcorp_net_std,64.72969913937423
1947-03-01,p_all_aftertax_gross,7.500371919268724
1947-06-01,p_all_aftertax_gross,10.046725258657682
1947-09-01,p_all_aftertax_gross,10.01250398030429
1947-12-01,p_all_aftertax_gross,9.917644345581287
1948-03-01,p_all_aftertax_gross,11.834181674420575
1948-06-01,p_all_aftertax_gross,12.294884086660828
1948-09-01,p_all_aftertax_gross,11.843735821714192
1948-12-01,p_all_aftertax_gross,12.959307520973098
1949-03-01,p_all_aftertax_gross,12.92047469649434
1949-06-01,p_all_aftertax_gross,12.602267230319473
1949-09-01,p_all_aftertax_gross,13.156573755176597
1949-12-01,p_all_aftertax_gross,11.406598609686283
1950-03-01,p_all_aftertax_gross,10.558896115406117
1950-06-01,p_all_aftertax_gross,10.667373693491093
1950-09-01,p_all_aftertax_gross,10.265405825749886
1950-12-01,p_all_aftertax_gross,10.615925018807518
1951-03-01,p_all_aftertax_gross,7.241886933403643
1951-06-01,p_all_aftertax_gross,9.137385728521295
1951-09-01,p_all_aftertax_gross,10.416219810389945
1951-12-01,p_all_aftertax_gross,10.063588318278484
1952-03-01,p_all_aftertax_gross,9.722098768659643
1952-06-01,p_all_aftertax_gross,9.391449614927977
1952-09-01,p_all_aftertax_gross,9.241252187600319
1952-12-01,p_all_aftertax_gross,9.914055462225793
1953-03-01,p_all_aftertax_gross,9.614083889836241
1953-06-01,p_all_aftertax_gross,9.06485806260045
1953-09-01,p_all_aftertax_gross,8.837121391107122
1953-12-01,p_all_aftertax_gross,7.9258890700664555
1954-03-01,p_all_aftertax_gross,9.136841069539763
1954-06-01,p_all_aftertax_gross,9.496437427106917
1954-09-01,p_all_aftertax_gross,9.845895806368736
1954-12-01,p_all_aftertax_gross,10.445611458981206
1955-03-01,p_all_aftertax_gross,11.367587448996465
1955-06-01,p_all_aftertax_gross,11.473336307757616
1955-09-01,p_all_aftertax_gross,10.985956141058233
1955-12-01,p_all_aftertax_gross,10.864983262387899
1956-03-01,p_all_aftertax_gross,10.260154131992437
1956-06-01,p_all_aftertax_gross,9.991494370563267
1956-09-01,p_all_aftertax_gross,10.245064398231642
1956-12-01,p_all_aftertax_gross,9.879082329566621
1957-03-01,p_all_aftertax_gross,10.025652069508341
1957-06-01,p_all_aftertax_gross,9.770230988147713
1957-09-01,p_all_aftertax_gross,9.586473297968414
1957-12-01,p_all_aftertax_gross,9.083200396487369
1958-03-01,p_all_aftertax_gross,8.22991561113869
1958-06-01,p_all_aftertax_gross,8.572253223013277
1958-09-01,p_all_aftertax_gross,9.040989796115941
1958-12-01,p_all_aftertax_gross,9.741102002697936
1959-03-01,p_all_aftertax_gross,10.36832630038046
1959-06-01,p_all_aftertax_gross,10.842095142604025
1959-09-01,p_all_aftertax_gross,10.18141622143972
1959-12-01,p_all_aftertax_gross,10.32218444553467
1960-03-01,p_all_aftertax_gross,10.388565792043321
1960-06-01,p_all_aftertax_gross,9.82632784614565
1960-09-01,p_all_aftertax_gross,9.868175392739978
1960-12-01,p_all_aftertax_gross,9.468614642125138
1961-03-01,p_all_aftertax_gross,9.077532617426108
1961-06-01,p_all_aftertax_gross,9.807435415210206
1961-09-01,p_all_aftertax_gross,10.000673489219363
1961-12-01,p_all_aftertax_gross,10.475664197592186
1962-03-01,p_all_aftertax_gross,10.987318923434836
1962-06-01,p_all_aftertax_gross,10.804109740997575
1962-09-01,p_all_aftertax_gross,10.918873267718512
1962-12-01,p_all_aftertax_gross,11.306308927947853
1963-03-01,p_all_aftertax_gross,11.321292365258689
1963-06-01,p_all_aftertax_gross,11.51280013975059
1963-09-01,p_all_aftertax_gross,11.516670872631371
1963-12-01,p_all_aftertax_gross,11.465748453653253
1964-03-01,p_all_aftertax_gross,12.27417117325814
1964-06-01,p_all_aftertax_gross,12.162989074439208
1964-09-01,p_all_aftertax_gross,12.038040484626755
1964-12-01,p_all_aftertax_gross,11.89636085147684
1965-03-01,p_all_aftertax_gross,12.855289912667802
1965-06-01,p_all_aftertax_gross,12.883806808669405
1965-09-01,p_all_aftertax_gross,12.871807259431938
1965-12-01,p_all_aftertax_gross,13.117988561464532
1966-03-01,p_all_aftertax_gross,13.314997251795162
1966-06-01,p_all_aftertax_gross,12.837316718083816
1966-09-01,p_all_aftertax_gross,12.399813119601323
1966-12-01,p_all_aftertax_gross,12.52568112636372
1967-03-01,p_all_aftertax_gross,12.08624519204724
1967-06-01,p_all_aftertax_gross,11.84413492612516
1967-09-01,p_all_aftertax_gross,11.662565691545916
1967-12-01,p_all_aftertax_gross,11.731527147066428
1968-03-01,p_all_aftertax_gross,10.830698266996178
1968-06-01,p_all_aftertax_gross,11.100383941551422
1968-09-01,p_all_aftertax_gross,10.902080180853584
1968-12-01,p_all_aftertax_gross,10.669545744792492
1969-03-01,p_all_aftertax_gross,10.147174346195264
1969-06-01,p_all_aftertax_gross,9.615289585026677
1969-09-01,p_all_aftertax_gross,9.153730092204526
1969-12-01,p_all_aftertax_gross,8.282262039300418
1970-03-01,p_all_aftertax_gross,7.700173468456131
1970-06-01,p_all_aftertax_gross,8.170297710111017
1970-09-01,p_all_aftertax_gross,7.915604827755715
1970-12-01,p_all_aftertax_gross,7.501978900380208
1971-03-01,p_all_aftertax_gross,8.520404035374877
1971-06-01,p_all_aftertax_gross,8.473545664685131
1971-09-01,p_all_aftertax_gross,8.878025490617057
1971-12-01,p_all_aftertax_gross,9.197615422151411
1972-03-01,p_all_aftertax_gross,9.25319630962537
1972-06-01,p_all_aftertax_gross,9.258946400529542
1972-09-01,p_all_aftertax_gross,9.41728714355619
1972-12-01,p_all_aftertax_gross,9.482552057077838
1973-03-01,p_all_aftertax_gross,9.430967920423535
1973-06-01,p_all_aftertax_gross,8.792570500925352
1973-09-01,p_all_aftertax_gross,8.78745868838339
1973-12-01,p_all_aftertax_gross,8.54938685763656
1974-03-01,p_all_aftertax_gross,7.716924977016724
1974-06-01,p_all_aftertax_gross,7.26187360576264
1974-09-01,p_all_aftertax_gross,6.182544083398026
1974-12-01,p_all_aftertax_gross,6.320988790839788
1975-03-01,p_all_aftertax_gross,7.13783472546036
1975-06-01,p_all_aftertax_gross,7.858785982438313
1975-09-01,p_all_aftertax_gross,8.458667976153276
1975-12-01,p_all_aftertax_gross,8.750798772454381
1976-03-01,p_all_aftertax_gross,9.280511256947042
1976-06-01,p_all_aftertax_gross,9.048959370137977
1976-09-01,p_all_aftertax_gross,9.058382543030758
1976-12-01,p_all_aftertax_gross,8.814281503184485
1977-03-01,p_all_aftertax_gross,8.793225561305466
1977-06-01,p_all_aftertax_gross,9.640792919900166
1977-09-01,p_all_aftertax_gross,10.224501341429981
1977-12-01,p_all_aftertax_gross,9.628256129481173
1978-03-01,p_all_aftertax_gross,9.183674241879402
1978-06-01,p_all_aftertax_gross,10.005687485531208
1978-09-01,p_all_aftertax_gross,10.044628329366448
1978-12-01,p_all_aftertax_gross,9.91216741433397
1979-03-01,p_all_aftertax_gross,9.268039146925128
1979-06-01,p_all_aftertax_gross,8.894565136558663
1979-09-01,p_all_aftertax_gross,8.242389576731897
1979-12-01,p_all_aftertax_gross,7.877019970798584
1980-03-01,p_all_aftertax_gross,6.758555380254912
1980-06-01,p_all_aftertax_gross,6.341029422956357
1980-09-01,p_all_aftertax_gross,6.277881198966336
1980-12-01,p_all_aftertax_gross,6.957117042444012
1981-03-01,p_all_aftertax_gross,7.2215346899169806
1981-06-01,p_all_aftertax_gross,7.466771282856022
1981-09-01,p_all_aftertax_gross,7.9511347800472425
1981-12-01,p_all_aftertax_gross,7.499615055990484
1982-03-01,p_all_aftertax_gross,6.930956867118046
1982-06-01,p_all_aftertax_gross,7.326533586762208
1982-09-01,p_all_aftertax_gross,7.2316837209485145
1982-12-01,p_all_aftertax_gross,7.01811246186876
1983-03-01,p_all_aftertax_gross,7.671943524659784
1983-06-01,p_all_aftertax_gross,8.079118821644908
1983-09-01,p_all_aftertax_gross,8.201668511883012
1983-12-01,p_all_aftertax_gross,8.492851907932186
1984-03-01,p_all_aftertax_gross,8.986657044031164
1984-06-01,p_all_aftertax_gross,8.857460128852033
1984-09-01,p_all_aftertax_gross,8.985996178183047
1984-12-01,p_all_aftertax_gross,9.17881929034595
1985-03-01,p_all_aftertax_gross,9.081573335451965
1985-06-01,p_all_aftertax_gross,8.973460128182321
1985-09-01,p_all_aftertax_gross,9.374417114265928
1985-12-01,p_all_aftertax_gross,8.460427931148045
1986-03-01,p_all_aftertax_gross,7.786708587945942
1986-06-01,p_all_aftertax_gross,7.365870610410669
1986-09-01,p_all_aftertax_gross,6.854583023268267
1986-12-01,p_all_aftertax_gross,6.4177488075479054
1987-03-01,p_all_aftertax_gross,6.6832325859357065
1987-06-01,p_all_aftertax_gross,7.139903038569234
1987-09-01,p_all_aftertax_gross,7.650715552217199
1987-12-01,p_all_aftertax_gross,7.520068925374024
1988-03-01,p_all_aftertax_gross,7.619092444365159
1988-06-01,p_all_aftertax_gross,7.467132447693654
1988-09-01,p_all_aftertax_gross,7.26067006136835
1988-12-01,p_all_aftertax_gross,7.567704082778367
1989-03-01,p_all_aftertax_gross,6.904287207106929
1989-06-01,p_all_aftertax_gross,7.066185968801058
1989-09-01,p_all_aftertax_gross,7.068751369913056
1989-12-01,p_all_aftertax_gross,6.336227372421391
1990-03-01,p_all_aftertax_gross,6.66162131409778
1990-06-01,p_all_aftertax_gross,6.892208460404193
1990-09-01,p_all_aftertax_gross,6.094635173203727
1990-12-01,p_all_aftertax_gross,5.902374012932464
1991-03-01,p_all_aftertax_gross,7.032241707403229
1991-06-01,p_all_aftertax_gross,7.262112559101154
1991-09-01,p_all_aftertax_gross,7.265547805707603
1991-12-01,p_all_aftertax_gross,7.072928411468931
1992-03-01,p_all_aftertax_gross,7.354401978968699
1992-06-01,p_all_aftertax_gross,7.3969111197754716
1992-09-01,p_all_aftertax_gross,7.249420616057124
1992-12-01,p_all_aftertax_gross,7.526535686898125
1993-03-01,p_all_aftertax_gross,6.968294592514129
1993-06-01,p_all_aftertax_gross,7.463512771364853
1993-09-01,p_all_aftertax_gross,7.779578729782195
1993-12-01,p_all_aftertax_gross,8.239058692446209
1994-03-01,p_all_aftertax_gross,8.859047084748628
1994-06-01,p_all_aftertax_gross,8.979129838566037
1994-09-01,p_all_aftertax_gross,9.2158777653268
1994-12-01,p_all_aftertax_gross,9.361049422823912
1995-03-01,p_all_aftertax_gross,9.015580587526564
1995-06-01,p_all_aftertax_gross,9.36424018094897
1995-09-01,p_all_aftertax_gross,9.988307841923792
1995-12-01,p_all_aftertax_gross,9.9817241275207
1996-03-01,p_all_aftertax_gross,10.359000117300642
1996-06-01,p_all_aftertax_gross,10.270932125833886
1996-09-01,p_all_aftertax_gross,10.243016508128187
1996-12-01,p_all_aftertax_gross,10.236672615178296
1997-03-01,p_all_aftertax_gross,10.719250745584585
1997-06-01,p_all_aftertax_gross,10.74139479026903
1997-09-01,p_all_aftertax_gross,11.0346316742158
1997-12-01,p_all_aftertax_gross,10.859640261473016
1998-03-01,p_all_aftertax_gross,9.466769345218625
1998-06-01,p_all_aftertax_gross,9.401251975888362
1998-09-01,p_all_aftertax_gross,9.467872045109834
1998-12-01,p_all_aftertax_gross,8.981366339533572
1999-03-01,p_all_aftertax_gross,9.393522619669842
1999-06-01,p_all_aftertax_gross,9.227972012402597
1999-09-01,p_all_aftertax_gross,8.770205727921986
1999-12-01,p_all_aftertax_gross,8.321923714703727
2000-03-01,p_all_aftertax_gross,7.675135814229379
2000-06-01,p_all_aftertax_gross,7.393474857698428
2000-09-01,p_all_aftertax_gross,7.250335738235133
2000-12-01,p_all_aftertax_gross,6.475249017328929
2001-03-01,p_all_aftertax_gross,6.944470444049251
2001-06-01,p_all_aftertax_gross,7.296527653137099
2001-09-01,p_all_aftertax_gross,7.524228983621714
2001-12-01,p_all_aftertax_gross,7.143210687812873
2002-03-01,p_all_aftertax_gross,9.088030659076411
2002-06-01,p_all_aftertax_gross,9.587992181826344
2002-09-01,p_all_aftertax_gross,9.772112191165059
2002-12-01,p_all_aftertax_gross,10.455744657219666
2003-03-01,p_all_aftertax_gross,10.397784491440081
2003-06-01,p_all_aftertax_gross,10.758909585811605
2003-09-01,p_all_aftertax_gross,11.003030166283091
2003-12-01,p_all_aftertax_gross,11.004680175070446
2004-03-01,p_all_aftertax_gross,12.033753930519776
2004-06-01,p_all_aftertax_gross,12.20409703380574
2004-09-01,p_all_aftertax_gross,12.284868648811095
2004-12-01,p_all_aftertax_gross,12.145117508047964
2005-03-01,p_all_aftertax_gross,12.12834443096985
2005-06-01,p_all_aftertax_gross,12.338143006795335
2005-09-01,p_all_aftertax_gross,12.180102479850863
2005-12-01,p_all_aftertax_gross,12.741514151187753
2006-03-01,p_all_aftertax_gross,12.964769203032862
2006-06-01,p_all_aftertax_gross,12.799331299586992
2006-09-01,p_all_aftertax_gross,13.020732042965824
2006-12-01,p_all_aftertax_gross,12.347217597488935
2007-03-01,p_all_aftertax_gross,10.984540107383106
2007-06-01,p_all_aftertax_gross,11.32636360033081
2007-09-01,p_all_aftertax_gross,10.422732033952732
2007-12-01,p_all_aftertax_gross,9.521806961552619
2008-03-01,p_all_aftertax_gross,9.22520444281704
2008-06-01,p_all_aftertax_gross,9.062877552696094
2008-09-01,p_all_aftertax_gross,9.010040135621114
2008-12-01,p_all_aftertax_gross,7.15112502124587
2009-03-01,p_all_aftertax_gross,10.125069780825052
2009-06-01,p_all_aftertax_gross,10.408789042346681
2009-09-01,p_all_aftertax_gross,11.730165580526007
2009-12-01,p_all_aftertax_gross,12.361667472593775
2010-03-01,p_all_aftertax_gross,12.985534694701794
2010-06-01,p_all_aftertax_gross,12.76940213417508
2010-09-01,p_all_aftertax_gross,14.282100246356732
2010-12-01,p_all_aftertax_gross,14.124529131431967
2011-03-01,p_all_aftertax_gross,12.330094354981687
2011-06-01,p_all_aftertax_gross,13.503905116978709
2011-09-01,p_all_aftertax_gross,13.721804706224805
2011-12-01,p_all_aftertax_gross,14.623029490908694
2012-03-01,p_all_aftertax_gross,14.785814305718286
2012-06-01,p_all_aftertax_gross,14.509284341139463
2012-09-01,p_all_aftertax_gross,14.239065634335555
2012-12-01,p_all_aftertax_gross,13.93530219376707
2013-03-01,p_all_aftertax_gross,14.038207361723638
2013-06-01,p_all_aftertax_gross,13.90271068181026
2013-09-01,p_all_aftertax_gross,13.8740643287255
2013-12-01,p_all_aftertax_gross,14.011715816102107
2014-03-01,p_all_aftertax_gross,12.840483316910973
2014-06-01,p_all_aftertax_gross,14.103034143257394
2014-09-01,p_all_aftertax_gross,14.404129982303553
2014-12-01,p_all_aftertax_gross,14.38160489555518
2015-03-01,p_all_aftertax_gross,13.802500474464201
2015-06-01,p_all_aftertax_gross,13.464000222695153
2015-09-01,p_all_aftertax_gross,13.183611295031785
2015-12-01,p_all_aftertax_gross,12.254022544196125
2016-03-01,p_all_aftertax_gross,13.052352912535795
2016-06-01,p_all_aftertax_gross,12.535721184879453
2016-09-01,p_all_aftertax_gross,12.553343898940657
2016-12-01,p_all_aftertax_gross,12.345021978898668
2017-03-01,p_all_aftertax_gross,13.188037415105638
2017-06-01,p_all_aftertax_gross,12.95860213346635
2017-09-01,p_all_aftertax_gross,12.618782914613927
2017-12-01,p_all_aftertax_gross,12.598443740057208
2018-03-01,p_all_aftertax_gross,12.885075186159005
2018-06-01,p_all_aftertax_gross,13.162990838789845
2018-09-01,p_all_aftertax_gross,13.177880725437292
2018-12-01,p_all_aftertax_gross,13.229476969683061
2019-03-01,p_all_aftertax_gross,13.080619941322087
2019-06-01,p_all_aftertax_gross,13.13470005131064
2019-09-01,p_all_aftertax_gross,13.516794708797825
2019-12-01,p_all_aftertax_gross,13.488729945095415
2020-03-01,p_all_aftertax_gross,11.94712240582453
2020-06-01,p_all_aftertax_gross,12.519919508996244
2020-09-01,p_all_aftertax_gross,16.269322341447797
2020-12-01,p_all_aftertax_gross,13.915086035976378
2021-03-01,p_all_aftertax_gross,15.617307812779325
2021-06-01,p_all_aftertax_gross,17.008601210070225
2021-09-01,p_all_aftertax_gross,16.350329302351316
2021-12-01,p_all_aftertax_gross,15.55270354707425
2022-03-01,p_all_aftertax_gross,14.677255924358171
2022-06-01,p_all_aftertax_gross,15.247260333970535
2022-09-01,p_all_aftertax_gross,15.417980559001991
2022-12-01,p_all_aftertax_gross,15.011484013819514
2023-03-01,p_all_aftertax_gross,15.475573643426996
2023-06-01,p_all_aftertax_gross,15.358165460433844
2023-09-01,p_all_aftertax_gross,15.679975907228016
2023-12-01,p_all_aftertax_gross,16.253496157297434
2024-03-01,p_all_aftertax_gross,15.444219701684789
2024-06-01,p_all_aftertax_gross,15.756581580905848
2024-09-01,p_all_aftertax_gross,15.703022133870997
2024-12-01,p_all_aftertax_gross,15.91095568295212
2025-03-01,p_all_aftertax_gross,15.866194197330406
2025-06-01,p_all_aftertax_gross,15.777684865426936
2025-09-01,p_all_aftertax_gross,15.990920349418245
2025-12-01,p_all_aftertax_gross,16.221440646212564
2026-03-01,p_all_aftertax_gross,16.43862786479416
2026-06-01,p_all_aftertax_gross,17.449534191915376
1947-03-01,p_all_aftertax_net,8.105718215759481
1947-06-01,p_all_aftertax_net,10.87279951152811
1947-09-01,p_all_aftertax_net,10.860994102780118
1947-12-01,p_all_aftertax_net,10.760525636058375
1948-03-01,p_all_aftertax_net,12.82791025130858
1948-06-01,p_all_aftertax_net,13.33966952044543
1948-09-01,p_all_aftertax_net,12.860956078621694
1948-12-01,p_all_aftertax_net,14.080863705528586
1949-03-01,p_all_aftertax_net,14.087795881639908
1949-06-01,p_all_aftertax_net,13.79532634971797
1949-09-01,p_all_aftertax_net,14.41315522153228
1949-12-01,p_all_aftertax_net,12.545764423683877
1950-03-01,p_all_aftertax_net,11.56753204074926
1950-06-01,p_all_aftertax_net,11.636999763036478
1950-09-01,p_all_aftertax_net,11.153536070173175
1950-12-01,p_all_aftertax_net,11.522168878847783
1951-03-01,p_all_aftertax_net,7.869306481553329
1951-06-01,p_all_aftertax_net,9.94570887933931
1951-09-01,p_all_aftertax_net,11.352611831262493
1951-12-01,p_all_aftertax_net,10.966431865635684
1952-03-01,p_all_aftertax_net,10.59638125089044
1952-06-01,p_all_aftertax_net,10.25151390035783
1952-09-01,p_all_aftertax_net,10.088061405591164
1952-12-01,p_all_aftertax_net,10.780358145100655
1953-03-01,p_all_aftertax_net,10.452777619538367
1953-06-01,p_all_aftertax_net,9.862722876614686
1953-09-01,p_all_aftertax_net,9.631765978266468
1953-12-01,p_all_aftertax_net,8.684551441217748
1954-03-01,p_all_aftertax_net,10.023639641195583
1954-06-01,p_all_aftertax_net,10.427731232612825
1954-09-01,p_all_aftertax_net,10.813674285379632
1954-12-01,p_all_aftertax_net,11.446067127850371
1955-03-01,p_all_aftertax_net,12.417132870546654
1955-06-01,p_all_aftertax_net,12.517663293903032
1955-09-01,p_all_aftertax_net,11.990179956921509
1955-12-01,p_all_aftertax_net,11.86173788672469
1956-03-01,p_all_aftertax_net,11.230124170624624
1956-06-01,p_all_aftertax_net,10.952185267176585
1956-09-01,p_all_aftertax_net,11.252514363093752
1956-12-01,p_all_aftertax_net,10.851616148268763
1957-03-01,p_all_aftertax_net,11.022457266658565
1957-06-01,p_all_aftertax_net,10.767699839607669
1957-09-01,p_all_aftertax_net,10.584883526059997
1957-12-01,p_all_aftertax_net,10.07208762145197
1958-03-01,p_all_aftertax_net,9.178334166726195
1958-06-01,p_all_aftertax_net,9.579443438995108
1958-09-01,p_all_aftertax_net,10.079393518138763
1958-12-01,p_all_aftertax_net,10.8215484056897
1959-03-01,p_all_aftertax_net,11.488431856217133
1959-06-01,p_all_aftertax_net,11.973198237484548
1959-09-01,p_all_aftertax_net,11.26863518322593
1959-12-01,p_all_aftertax_net,11.417912996618686
1960-03-01,p_all_aftertax_net,11.4564701587881
1960-06-01,p_all_aftertax_net,10.851276620778915
1960-09-01,p_all_aftertax_net,10.907931734677708
1960-12-01,p_all_aftertax_net,10.486140359377854
1961-03-01,p_all_aftertax_net,10.065750328377423
1961-06-01,p_all_aftertax_net,10.8536226567239
1961-09-01,p_all_aftertax_net,11.052040248522934
1961-12-01,p_all_aftertax_net,11.55050779926269
1962-03-01,p_all_aftertax_net,12.10589085045269
1962-06-01,p_all_aftertax_net,11.89732585011555
1962-09-01,p_all_aftertax_net,12.019438620443058
1962-12-01,p_all_aftertax_net,12.442595545990816
1963-03-01,p_all_aftertax_net,12.460795681347298
1963-06-01,p_all_aftertax_net,12.660930242646398
1963-09-01,p_all_aftertax_net,12.662206990755422
1963-12-01,p_all_aftertax_net,12.603471855655261
1964-03-01,p_all_aftertax_net,13.479088508694725
1964-06-01,p_all_aftertax_net,13.353890147371684
1964-09-01,p_all_aftertax_net,13.211844462002626
1964-12-01,p_all_aftertax_net,13.06161300527826
1965-03-01,p_all_aftertax_net,14.090593265633352
1965-06-01,p_all_aftertax_net,14.123313206735899
1965-09-01,p_all_aftertax_net,14.113317973298225
1965-12-01,p_all_aftertax_net,14.370850879134819
1966-03-01,p_all_aftertax_net,14.582023884349466
1966-06-01,p_all_aftertax_net,14.066936349219915
1966-09-01,p_all_aftertax_net,13.59956574230924
1966-12-01,p_all_aftertax_net,13.74696003699724
1967-03-01,p_all_aftertax_net,13.288554011239121
1967-06-01,p_all_aftertax_net,13.042944366749667
1967-09-01,p_all_aftertax_net,12.850305146771692
1967-12-01,p_all_aftertax_net,12.925671517816179
1968-03-01,p_all_aftertax_net,11.9300433266406
1968-06-01,p_all_aftertax_net,12.223494690523395
1968-09-01,p_all_aftertax_net,12.01070135233118
1968-12-01,p_all_aftertax_net,11.757350058800471
1969-03-01,p_all_aftertax_net,11.184081009329146
1969-06-01,p_all_aftertax_net,10.608402046932046
1969-09-01,p_all_aftertax_net,10.110395550107581
1969-12-01,p_all_aftertax_net,9.16385429787484
1970-03-01,p_all_aftertax_net,8.544519475543668
1970-06-01,p_all_aftertax_net,9.077209177190454
1970-09-01,p_all_aftertax_net,8.806644922308596
1970-12-01,p_all_aftertax_net,8.371798352792108
1971-03-01,p_all_aftertax_net,9.487476676316652
1971-06-01,p_all_aftertax_net,9.438839762833473
1971-09-01,p_all_aftertax_net,9.892992658720864
1971-12-01,p_all_aftertax_net,10.247298903841305
1972-03-01,p_all_aftertax_net,10.28492215623386
1972-06-01,p_all_aftertax_net,10.292589587954675
1972-09-01,p_all_aftertax_net,10.47021395556319
1972-12-01,p_all_aftertax_net,10.530869475441397
1973-03-01,p_all_aftertax_net,10.457140865200264
1973-06-01,p_all_aftertax_net,9.762471090772916
1973-09-01,p_all_aftertax_net,9.770496036843301
1973-12-01,p_all_aftertax_net,9.516035841044783
1974-03-01,p_all_aftertax_net,8.614920901494889
1974-06-01,p_all_aftertax_net,8.124301290062538
1974-09-01,p_all_aftertax_net,6.936324126458391
1974-12-01,p_all_aftertax_net,7.122446257804473
1975-03-01,p_all_aftertax_net,8.086265999161508
1975-06-01,p_all_aftertax_net,8.918013863755238
1975-09-01,p_all_aftertax_net,9.58349043156801
1975-12-01,p_all_aftertax_net,9.909025635184646
1976-03-01,p_all_aftertax_net,10.473863577007496
1976-06-01,p_all_aftertax_net,10.221742619535185
1976-09-01,p_all_aftertax_net,10.23727744937044
1976-12-01,p_all_aftertax_net,9.971613617783275
1977-03-01,p_all_aftertax_net,9.941347859503722
1977-06-01,p_all_aftertax_net,10.876510793901566
1977-09-01,p_all_aftertax_net,11.526495611978294
1977-12-01,p_all_aftertax_net,10.865723377408102
1978-03-01,p_all_aftertax_net,10.373420920088487
1978-06-01,p_all_aftertax_net,11.26465537004935
1978-09-01,p_all_aftertax_net,11.326673385012512
1978-12-01,p_all_aftertax_net,11.178496441606953
1979-03-01,p_all_aftertax_net,10.467898722393617
1979-06-01,p_all_aftertax_net,10.065686828385843
1979-09-01,p_all_aftertax_net,9.34536261453213
1979-12-01,p_all_aftertax_net,8.947572220578552
1980-03-01,p_all_aftertax_net,7.691090188155209
1980-06-01,p_all_aftertax_net,7.252033104389627
1980-09-01,p_all_aftertax_net,7.187738177178639
1980-12-01,p_all_aftertax_net,7.949146339522969
1981-03-01,p_all_aftertax_net,8.249101403743152
1981-06-01,p_all_aftertax_net,8.54357705504971
1981-09-01,p_all_aftertax_net,9.099061758167226
1981-12-01,p_all_aftertax_net,8.613057357968927
1982-03-01,p_all_aftertax_net,7.996299709578336
1982-06-01,p_all_aftertax_net,8.462487244941782
1982-09-01,p_all_aftertax_net,8.364518990715625
1982-12-01,p_all_aftertax_net,8.132972009546778
1983-03-01,p_all_aftertax_net,8.874547896499646
1983-06-01,p_all_aftertax_net,9.314755669975387
1983-09-01,p_all_aftertax_net,9.433045034609437
1983-12-01,p_all_aftertax_net,9.739834190899924
1984-03-01,p_all_aftertax_net,10.268376372914105
1984-06-01,p_all_aftertax_net,10.113885617399692
1984-09-01,p_all_aftertax_net,10.26399253514277
1984-12-01,p_all_aftertax_net,10.484175914508837
1985-03-01,p_all_aftertax_net,10.378384646709451
1985-06-01,p_all_aftertax_net,10.261524027068484
1985-09-01,p_all_aftertax_net,10.717848734006509
1985-12-01,p_all_aftertax_net,9.688140815050868
1986-03-01,p_all_aftertax_net,8.92401798751916
1986-06-01,p_all_aftertax_net,8.459161057350267
1986-09-01,p_all_aftertax_net,7.880994043163183
1986-12-01,p_all_aftertax_net,7.3773195341890005
1987-03-01,p_all_aftertax_net,7.678406776819569
1987-06-01,p_all_aftertax_net,8.191536942739685
1987-09-01,p_all_aftertax_net,8.769552288993633
1987-12-01,p_all_aftertax_net,8.618982492955558
1988-03-01,p_all_aftertax_net,8.737290585767267
1988-06-01,p_all_aftertax_net,8.557537732498943
1988-09-01,p_all_aftertax_net,8.320075997878826
1988-12-01,p_all_aftertax_net,8.661541798168342
1989-03-01,p_all_aftertax_net,7.9123207187074245
1989-06-01,p_all_aftertax_net,8.105981258039511
1989-09-01,p_all_aftertax_net,8.114721893661978
1989-12-01,p_all_aftertax_net,7.283036442517603
1990-03-01,p_all_aftertax_net,7.657170498761581
1990-06-01,p_all_aftertax_net,7.91930030140517
1990-09-01,p_all_aftertax_net,7.016025410468421
1990-12-01,p_all_aftertax_net,6.81157389974131
1991-03-01,p_all_aftertax_net,8.124860941607983
1991-06-01,p_all_aftertax_net,8.395234739929199
1991-09-01,p_all_aftertax_net,8.400858029420927
1991-12-01,p_all_aftertax_net,8.17784351670702
1992-03-01,p_all_aftertax_net,8.480711630217192
1992-06-01,p_all_aftertax_net,8.52217198349805
1992-09-01,p_all_aftertax_net,8.355891277529949
1992-12-01,p_all_aftertax_net,8.662610686756254
1993-03-01,p_all_aftertax_net,8.042366065353887
1993-06-01,p_all_aftertax_net,8.598433576135148
1993-09-01,p_all_aftertax_net,8.965810666003268
1993-12-01,p_all_aftertax_net,9.471862514031411
1994-03-01,p_all_aftertax_net,10.192173759373977
1994-06-01,p_all_aftertax_net,10.318279743831203
1994-09-01,p_all_aftertax_net,10.590473883395454
1994-12-01,p_all_aftertax_net,10.758693859180765
1995-03-01,p_all_aftertax_net,10.380503106561621
1995-06-01,p_all_aftertax_net,10.79222410093639
1995-09-01,p_all_aftertax_net,11.503661786829786
1995-12-01,p_all_aftertax_net,11.503700310290046
1996-03-01,p_all_aftertax_net,11.9282672729823
1996-06-01,p_all_aftertax_net,11.819351518270715
1996-09-01,p_all_aftertax_net,11.790009421278679
1996-12-01,p_all_aftertax_net,11.785629767944032
1997-03-01,p_all_aftertax_net,12.332488675477382
1997-06-01,p_all_aftertax_net,12.358754949864634
1997-09-01,p_all_aftertax_net,12.682634794058096
1997-12-01,p_all_aftertax_net,12.475934854391378
1998-03-01,p_all_aftertax_net,10.886623279952213
1998-06-01,p_all_aftertax_net,10.81262091785452
1998-09-01,p_all_aftertax_net,10.8863830809102
1998-12-01,p_all_aftertax_net,10.337104859781926
1999-03-01,p_all_aftertax_net,10.805789648425083
1999-06-01,p_all_aftertax_net,10.633118363533127
1999-09-01,p_all_aftertax_net,10.122519088665307
1999-12-01,p_all_aftertax_net,9.610475513330195
2000-03-01,p_all_aftertax_net,8.85593414527317
2000-06-01,p_all_aftertax_net,8.548360993051213
2000-09-01,p_all_aftertax_net,8.382109712480155
2000-12-01,p_all_aftertax_net,7.495745433666292
2001-03-01,p_all_aftertax_net,8.069326497656185
2001-06-01,p_all_aftertax_net,8.50524933868401
2001-09-01,p_all_aftertax_net,8.797541574778204
2001-12-01,p_all_aftertax_net,8.372938693898131
2002-03-01,p_all_aftertax_net,10.644464988745174
2002-06-01,p_all_aftertax_net,11.21444723840308
2002-09-01,p_all_aftertax_net,11.433962068246897
2002-12-01,p_all_aftertax_net,12.218319765323674
2003-03-01,p_all_aftertax_net,12.160161581473165
2003-06-01,p_all_aftertax_net,12.566330492117734
2003-09-01,p_all_aftertax_net,12.824861738730652
2003-12-01,p_all_aftertax_net,12.810620707600151
2004-03-01,p_all_aftertax_net,14.010779033264068
2004-06-01,p_all_aftertax_net,14.189888655134299
2004-09-01,p_all_aftertax_net,14.261201708965483
2004-12-01,p_all_aftertax_net,14.11614569644548
2005-03-01,p_all_aftertax_net,14.094776920998676
2005-06-01,p_all_aftertax_net,14.339782980220663
2005-09-01,p_all_aftertax_net,14.152117997596894
2005-12-01,p_all_aftertax_net,14.788960479102972
2006-03-01,p_all_aftertax_net,15.041053314963383
2006-06-01,p_all_aftertax_net,14.868099715335916
2006-09-01,p_all_aftertax_net,15.128655984262181
2006-12-01,p_all_aftertax_net,14.374695378410923
2007-03-01,p_all_aftertax_net,12.81654545140436
2007-06-01,p_all_aftertax_net,13.222052361212675
2007-09-01,p_all_aftertax_net,12.207226302755888
2007-12-01,p_all_aftertax_net,11.169740422735169
2008-03-01,p_all_aftertax_net,10.853075723300496
2008-06-01,p_all_aftertax_net,10.693042758071876
2008-09-01,p_all_aftertax_net,10.663550038466271
2008-12-01,p_all_aftertax_net,8.54107131884446
2009-03-01,p_all_aftertax_net,12.130812575930596
2009-06-01,p_all_aftertax_net,12.431016702761855
2009-09-01,p_all_aftertax_net,13.975963858130815
2009-12-01,p_all_aftertax_net,14.681481009173329
2010-03-01,p_all_aftertax_net,15.414658531773403
2010-06-01,p_all_aftertax_net,15.12774745739832
2010-09-01,p_all_aftertax_net,16.837716502982794
2010-12-01,p_all_aftertax_net,16.656891536562455
2011-03-01,p_all_aftertax_net,14.58062548376189
2011-06-01,p_all_aftertax_net,15.953269948539837
2011-09-01,p_all_aftertax_net,16.212504789142923
2011-12-01,p_all_aftertax_net,17.263222708852222
2012-03-01,p_all_aftertax_net,17.416559941337677
2012-06-01,p_all_aftertax_net,17.096643785835628
2012-09-01,p_all_aftertax_net,16.814058220943696
2012-12-01,p_all_aftertax_net,16.421806073341187
2013-03-01,p_all_aftertax_net,16.559034193673842
2013-06-01,p_all_aftertax_net,16.41226104315003
2013-09-01,p_all_aftertax_net,16.395883214934056
2013-12-01,p_all_aftertax_net,16.549944180831744
2014-03-01,p_all_aftertax_net,15.17902799598318
2014-06-01,p_all_aftertax_net,16.626315089221297
2014-09-01,p_all_aftertax_net,16.959042767553054
2014-12-01,p_all_aftertax_net,16.930413218215563
2015-03-01,p_all_aftertax_net,16.258213862829553
2015-06-01,p_all_aftertax_net,15.856232395358443
2015-09-01,p_all_aftertax_net,15.53878251108698
2015-12-01,p_all_aftertax_net,14.446614706256621
2016-03-01,p_all_aftertax_net,15.383670933742478
2016-06-01,p_all_aftertax_net,14.799488341274323
2016-09-01,p_all_aftertax_net,14.815131921120603
2016-12-01,p_all_aftertax_net,14.575261435886118
2017-03-01,p_all_aftertax_net,15.57477499348269
2017-06-01,p_all_aftertax_net,15.310408705588392
2017-09-01,p_all_aftertax_net,14.919829213920233
2017-12-01,p_all_aftertax_net,14.875660393822411
2018-03-01,p_all_aftertax_net,15.198500300876269
2018-06-01,p_all_aftertax_net,15.522496512353712
2018-09-01,p_all_aftertax_net,15.532065219381417
2018-12-01,p_all_aftertax_net,15.607974044734867
2019-03-01,p_all_aftertax_net,15.435801668236463
2019-06-01,p_all_aftertax_net,15.520820956627011
2019-09-01,p_all_aftertax_net,15.974055075037429
2019-12-01,p_all_aftertax_net,15.933767487531245
2020-03-01,p_all_aftertax_net,14.18245759392708
2020-06-01,p_all_aftertax_net,15.201763084099955
2020-09-01,p_all_aftertax_net,19.415585568154928
2020-12-01,p_all_aftertax_net,16.494443288790784
2021-03-01,p_all_aftertax_net,18.44572747309306
2021-06-01,p_all_aftertax_net,20.003488029692758
2021-09-01,p_all_aftertax_net,19.21128479068432
2021-12-01,p_all_aftertax_net,18.245675643435035
2022-03-01,p_all_aftertax_net,17.231467242013622
2022-06-01,p_all_aftertax_net,17.90926447332748
2022-09-01,p_all_aftertax_net,18.114924527994685
2022-12-01,p_all_aftertax_net,17.690867205982727
2023-03-01,p_all_aftertax_net,18.24362348711969
2023-06-01,p_all_aftertax_net,18.12136949424721
2023-09-01,p_all_aftertax_net,18.483776132245758
2023-12-01,p_all_aftertax_net,19.148353140237454
2024-03-01,p_all_aftertax_net,18.18958418906756
2024-06-01,p_all_aftertax_net,18.57609748520426
2024-09-01,p_all_aftertax_net,18.548718048287036
2024-12-01,p_all_aftertax_net,18.786583169343206
2025-03-01,p_all_aftertax_net,18.73140183836889
2025-06-01,p_all_aftertax_net,18.618429202660725
2025-09-01,p_all_aftertax_net,18.88746773899322
2025-12-01,p_all_aftertax_net,19.184945353788656
2026-03-01,p_all_aftertax_net,19.445593348573393
2026-06-01,p_all_aftertax_net,20.62415298970511
1947-03-01,p_all_pretax_gdi,8.567965613181613
1947-06-01,p_all_pretax_gdi,9.671928259233828
1947-09-01,p_all_pretax_gdi,9.538773482403597
1947-12-01,p_all_pretax_gdi,9.76214460296265
1948-03-01,p_all_pretax_gdi,10.854114007620629
1948-06-01,p_all_pretax_gdi,11.135594582940502
1948-09-01,p_all_pretax_gdi,10.718395646391173
1948-12-01,p_all_pretax_gdi,11.160182488630019
1949-03-01,p_all_pretax_gdi,10.861477861259027
1949-06-01,p_all_pretax_gdi,10.158833374590355
1949-09-01,p_all_pretax_gdi,10.63526579857714
1949-12-01,p_all_pretax_gdi,9.597652975691535
1950-03-01,p_all_pretax_gdi,10.424279114685808
1950-06-01,p_all_pretax_gdi,11.314722072761889
1950-09-01,p_all_pretax_gdi,12.037109298786437
1950-12-01,p_all_pretax_gdi,12.655302116837928
1951-03-01,p_all_pretax_gdi,11.797891343441574
1951-06-01,p_all_pretax_gdi,11.412333516317382
1951-09-01,p_all_pretax_gdi,11.335176732800305
1951-12-01,p_all_pretax_gdi,11.414894128086223
1952-03-01,p_all_pretax_gdi,10.706832971495817
1952-06-01,p_all_pretax_gdi,10.108364658509107
1952-09-01,p_all_pretax_gdi,9.878715515616163
1952-12-01,p_all_pretax_gdi,10.727758670371243
1953-03-01,p_all_pretax_gdi,10.768867201803294
1953-06-01,p_all_pretax_gdi,10.452363486609269
1953-09-01,p_all_pretax_gdi,10.211095000490198
1953-12-01,p_all_pretax_gdi,8.495916157719355
1954-03-01,p_all_pretax_gdi,9.062155281029282
1954-06-01,p_all_pretax_gdi,9.382429614181438
1954-09-01,p_all_pretax_gdi,9.797678241057307
1954-12-01,p_all_pretax_gdi,10.422430867389366
1955-03-01,p_all_pretax_gdi,11.367919461776568
1955-06-01,p_all_pretax_gdi,11.404045866816602
1955-09-01,p_all_pretax_gdi,11.155972986353063
1955-12-01,p_all_pretax_gdi,11.25507150593894
1956-03-01,p_all_pretax_gdi,10.600794946122084
1956-06-01,p_all_pretax_gdi,10.472259079070225
1956-09-01,p_all_pretax_gdi,10.226501414807437
1956-12-01,p_all_pretax_gdi,10.206793599019747
1957-03-01,p_all_pretax_gdi,10.326761866955932
1957-06-01,p_all_pretax_gdi,9.916575942476644
1957-09-01,p_all_pretax_gdi,9.633360900182943
1957-12-01,p_all_pretax_gdi,8.953998214055762
1958-03-01,p_all_pretax_gdi,7.879132240231722
1958-06-01,p_all_pretax_gdi,8.082240942517556
1958-09-01,p_all_pretax_gdi,8.715623768870444
1958-12-01,p_all_pretax_gdi,9.656632125911585
1959-03-01,p_all_pretax_gdi,10.147115035921159
1959-06-01,p_all_pretax_gdi,10.769468185230204
1959-09-01,p_all_pretax_gdi,9.835582465191399
1959-12-01,p_all_pretax_gdi,9.748963480433918
1960-03-01,p_all_pretax_gdi,10.246529859349781
1960-06-01,p_all_pretax_gdi,9.500990069856973
1960-09-01,p_all_pretax_gdi,9.30347282460191
1960-12-01,p_all_pretax_gdi,8.87270240358276
1961-03-01,p_all_pretax_gdi,8.577830991794546
1961-06-01,p_all_pretax_gdi,9.215567582325797
1961-09-01,p_all_pretax_gdi,9.503515837135986
1961-12-01,p_all_pretax_gdi,10.037654080393951
1962-03-01,p_all_pretax_gdi,9.98793259128615
1962-06-01,p_all_pretax_gdi,9.814972511677746
1962-09-01,p_all_pretax_gdi,9.96465418889842
1962-12-01,p_all_pretax_gdi,10.146280785057535
1963-03-01,p_all_pretax_gdi,10.107077021719965
1963-06-01,p_all_pretax_gdi,10.45244565431682
1963-09-01,p_all_pretax_gdi,10.512860362110498
1963-12-01,p_all_pretax_gdi,10.505586809901743
1964-03-01,p_all_pretax_gdi,10.863645831928416
1964-06-01,p_all_pretax_gdi,10.742463464691989
1964-09-01,p_all_pretax_gdi,10.702792649399509
1964-12-01,p_all_pretax_gdi,10.498254404649975
1965-03-01,p_all_pretax_gdi,11.257484531043447
1965-06-01,p_all_pretax_gdi,11.34204380897007
1965-09-01,p_all_pretax_gdi,11.347990288281451
1965-12-01,p_all_pretax_gdi,11.663539467855003
1966-03-01,p_all_pretax_gdi,11.78570659382843
1966-06-01,p_all_pretax_gdi,11.469804740065362
1966-09-01,p_all_pretax_gdi,11.085516137112657
1966-12-01,p_all_pretax_gdi,11.00587445066584
1967-03-01,p_all_pretax_gdi,10.592533195028185
1967-06-01,p_all_pretax_gdi,10.370458837315725
1967-09-01,p_all_pretax_gdi,10.222506064817336
1967-12-01,p_all_pretax_gdi,10.421440285083612
1968-03-01,p_all_pretax_gdi,10.27541423845491
1968-06-01,p_all_pretax_gdi,10.417881899331833
1968-09-01,p_all_pretax_gdi,10.20935955401801
1968-12-01,p_all_pretax_gdi,10.112207679648364
1969-03-01,p_all_pretax_gdi,9.832250469286038
1969-06-01,p_all_pretax_gdi,9.320645861913563
1969-09-01,p_all_pretax_gdi,8.816102537874626
1969-12-01,p_all_pretax_gdi,8.225184432714887
1970-03-01,p_all_pretax_gdi,7.398122176029522
1970-06-01,p_all_pretax_gdi,7.636614311894811
1970-09-01,p_all_pretax_gdi,7.512519940193315
1970-12-01,p_all_pretax_gdi,7.100024827843365
1971-03-01,p_all_pretax_gdi,7.946359886865143
1971-06-01,p_all_pretax_gdi,7.935268891270408
1971-09-01,p_all_pretax_gdi,8.038433190241374
1971-12-01,p_all_pretax_gdi,8.197910145499922
1972-03-01,p_all_pretax_gdi,8.375515652332837
1972-06-01,p_all_pretax_gdi,8.351953808944714
1972-09-01,p_all_pretax_gdi,8.445406377103783
1972-12-01,p_all_pretax_gdi,8.674383705891277
1973-03-01,p_all_pretax_gdi,8.827708962518784
1973-06-01,p_all_pretax_gdi,8.374710881157776
1973-09-01,p_all_pretax_gdi,8.147856790544363
1973-12-01,p_all_pretax_gdi,8.074922351301556
1974-03-01,p_all_pretax_gdi,7.449639404860423
1974-06-01,p_all_pretax_gdi,7.285158498123806
1974-09-01,p_all_pretax_gdi,6.891296638003259
1974-12-01,p_all_pretax_gdi,6.558869194026608
1975-03-01,p_all_pretax_gdi,6.490188189844096
1975-06-01,p_all_pretax_gdi,7.056779393530166
1975-09-01,p_all_pretax_gdi,7.960590681178917
1975-12-01,p_all_pretax_gdi,8.131768100509245
1976-03-01,p_all_pretax_gdi,8.829993528700712
1976-06-01,p_all_pretax_gdi,8.54903352626406
1976-09-01,p_all_pretax_gdi,8.471623850506608
1976-12-01,p_all_pretax_gdi,8.233248927639014
1977-03-01,p_all_pretax_gdi,8.41315187979434
1977-06-01,p_all_pretax_gdi,9.125897696943015
1977-09-01,p_all_pretax_gdi,9.527863526208513
1977-12-01,p_all_pretax_gdi,9.09728169446643
1978-03-01,p_all_pretax_gdi,8.5229344036509591
1978-06-01,p_all_pretax_gdi,9.52741767251028
1978-09-01,p_all_pretax_gdi,9.457756745230164
1978-12-01,p_all_pretax_gdi,9.496595949269881
1979-03-01,p_all_pretax_gdi,8.88388988549191
1979-06-01,p_all_pretax_gdi,8.613272465549144
1979-09-01,p_all_pretax_gdi,8.098622723622963
1979-12-01,p_all_pretax_gdi,7.6906874233309335
1980-03-01,p_all_pretax_gdi,7.242776583824691
1980-06-01,p_all_pretax_gdi,6.197536844117087
1980-09-01,p_all_pretax_gdi,6.345533421868083
1980-12-01,p_all_pretax_gdi,6.8934310577627205
1981-03-01,p_all_pretax_gdi,6.949460015008646
1981-06-01,p_all_pretax_gdi,6.773717380487325
1981-09-01,p_all_pretax_gdi,7.0736596914026615
1981-12-01,p_all_pretax_gdi,6.498758407528178
1982-03-01,p_all_pretax_gdi,5.752342206661842
1982-06-01,p_all_pretax_gdi,6.027606112554472
1982-09-01,p_all_pretax_gdi,5.9626884168299945
1982-12-01,p_all_pretax_gdi,5.6651690245410204
1983-03-01,p_all_pretax_gdi,6.084652549969125
1983-06-01,p_all_pretax_gdi,6.756574744395443
1983-09-01,p_all_pretax_gdi,7.0413118485007145
1983-12-01,p_all_pretax_gdi,7.224943567500248
1984-03-01,p_all_pretax_gdi,7.788603401432335
1984-06-01,p_all_pretax_gdi,7.601403738272005
1984-09-01,p_all_pretax_gdi,7.30844385264312
1984-12-01,p_all_pretax_gdi,7.414990500299728
1985-03-01,p_all_pretax_gdi,7.430482316953868
1985-06-01,p_all_pretax_gdi,7.305145435355107
1985-09-01,p_all_pretax_gdi,7.663537618050173
1985-12-01,p_all_pretax_gdi,7.010007667256608
1986-03-01,p_all_pretax_gdi,6.682322752936417
1986-06-01,p_all_pretax_gdi,6.408330511905159
1986-09-01,p_all_pretax_gdi,6.1039985276520365
1986-12-01,p_all_pretax_gdi,6.069482661025061
1987-03-01,p_all_pretax_gdi,6.199139897362002
1987-06-01,p_all_pretax_gdi,6.717223544519972
1987-09-01,p_all_pretax_gdi,7.074210029657867
1987-12-01,p_all_pretax_gdi,6.820256319032034
1988-03-01,p_all_pretax_gdi,6.788946548968284
1988-06-01,p_all_pretax_gdi,6.805999420836703
1988-09-01,p_all_pretax_gdi,6.797547042978966
1988-12-01,p_all_pretax_gdi,7.056655528568685
1989-03-01,p_all_pretax_gdi,6.610963715419855
1989-06-01,p_all_pretax_gdi,6.4298905771653985
1989-09-01,p_all_pretax_gdi,6.332340683225105
1989-12-01,p_all_pretax_gdi,5.869494181281061
1990-03-01,p_all_pretax_gdi,5.970717252042491
1990-06-01,p_all_pretax_gdi,6.162919429644057
1990-09-01,p_all_pretax_gdi,5.71415472337281
1990-12-01,p_all_pretax_gdi,5.556822733074717
1991-03-01,p_all_pretax_gdi,6.14447743882502
1991-06-01,p_all_pretax_gdi,6.183006984350461
1991-09-01,p_all_pretax_gdi,6.171262433002607
1991-12-01,p_all_pretax_gdi,6.053036110449146
1992-03-01,p_all_pretax_gdi,6.37877702992983
1992-06-01,p_all_pretax_gdi,6.397105972140135
1992-09-01,p_all_pretax_gdi,6.213536642290338
1992-12-01,p_all_pretax_gdi,6.502069431746718
1993-03-01,p_all_pretax_gdi,6.210062473218398
1993-06-01,p_all_pretax_gdi,6.6725597905485134
1993-09-01,p_all_pretax_gdi,6.73444954351067
1993-12-01,p_all_pretax_gdi,7.430462460403798
1994-03-01,p_all_pretax_gdi,7.439923970278715
1994-06-01,p_all_pretax_gdi,7.5961047682819505
1994-09-01,p_all_pretax_gdi,7.937198734027196
1994-12-01,p_all_pretax_gdi,8.126848745461636
1995-03-01,p_all_pretax_gdi,7.956561664028395
1995-06-01,p_all_pretax_gdi,8.097677303447686
1995-09-01,p_all_pretax_gdi,8.540011000617307
1995-12-01,p_all_pretax_gdi,8.448256037916146
1996-03-01,p_all_pretax_gdi,8.74449187111426
1996-06-01,p_all_pretax_gdi,8.78910939617069
1996-09-01,p_all_pretax_gdi,8.752281738714341
1996-12-01,p_all_pretax_gdi,8.724484060085409
1997-03-01,p_all_pretax_gdi,9.021766597404774
1997-06-01,p_all_pretax_gdi,9.060951922676416
1997-09-01,p_all_pretax_gdi,9.343254400686327
1997-12-01,p_all_pretax_gdi,9.094895636333787
1998-03-01,p_all_pretax_gdi,8.191907806900428
1998-06-01,p_all_pretax_gdi,8.064870213808797
1998-09-01,p_all_pretax_gdi,8.132407392831144
1998-12-01,p_all_pretax_gdi,7.746291510954397
1999-03-01,p_all_pretax_gdi,8.031442407697542
1999-06-01,p_all_pretax_gdi,7.881366968447901
1999-09-01,p_all_pretax_gdi,7.608620205446215
1999-12-01,p_all_pretax_gdi,7.3440853975737195
2000-03-01,p_all_pretax_gdi,7.038327745702247
2000-06-01,p_all_pretax_gdi,6.7959250170792185
2000-09-01,p_all_pretax_gdi,6.488854856535659
2000-12-01,p_all_pretax_gdi,6.0132856798266765
2001-03-01,p_all_pretax_gdi,5.830222443707388
2001-06-01,p_all_pretax_gdi,5.944816422797166
2001-09-01,p_all_pretax_gdi,5.8560793859463764
2001-12-01,p_all_pretax_gdi,5.48741773458741
2002-03-01,p_all_pretax_gdi,6.5731226260237126
2002-06-01,p_all_pretax_gdi,6.892903901831411
2002-09-01,p_all_pretax_gdi,7.044084090996695
2002-12-01,p_all_pretax_gdi,7.575389791370612
2003-03-01,p_all_pretax_gdi,7.672263277073786
2003-06-01,p_all_pretax_gdi,7.835151603367595
2003-09-01,p_all_pretax_gdi,8.14336798929289
2003-12-01,p_all_pretax_gdi,8.322160302434979
2004-03-01,p_all_pretax_gdi,8.933984916419968
2004-06-01,p_all_pretax_gdi,9.165598495681603
2004-09-01,p_all_pretax_gdi,9.364357491017346
2004-12-01,p_all_pretax_gdi,9.287043510080968
2005-03-01,p_all_pretax_gdi,9.866112755417486
2005-06-01,p_all_pretax_gdi,9.848749259820638
2005-09-01,p_all_pretax_gdi,9.765741648923385
2005-12-01,p_all_pretax_gdi,10.343920615547388
2006-03-01,p_all_pretax_gdi,10.47708908731026
2006-06-01,p_all_pretax_gdi,10.398978493223114
2006-09-01,p_all_pretax_gdi,10.660425172691584
2006-12-01,p_all_pretax_gdi,10.003781808844872
2007-03-01,p_all_pretax_gdi,9.177817961283175
2007-06-01,p_all_pretax_gdi,9.287454005038256
2007-09-01,p_all_pretax_gdi,8.497380735241334
2007-12-01,p_all_pretax_gdi,7.838922900377246
2008-03-01,p_all_pretax_gdi,7.2306764211491545
2008-06-01,p_all_pretax_gdi,7.025373962795472
2008-09-01,p_all_pretax_gdi,6.853298388063792
2008-12-01,p_all_pretax_gdi,5.0844517447050865
2009-03-01,p_all_pretax_gdi,6.73262888867973
2009-06-01,p_all_pretax_gdi,7.071574334838276
2009-09-01,p_all_pretax_gdi,7.874539186733598
2009-12-01,p_all_pretax_gdi,8.447584004256877
2010-03-01,p_all_pretax_gdi,8.841442024805582
2010-06-01,p_all_pretax_gdi,8.74472452287367
2010-09-01,p_all_pretax_gdi,9.747893341335356
2010-12-01,p_all_pretax_gdi,9.721247961422744
2011-03-01,p_all_pretax_gdi,8.616782127055975
2011-06-01,p_all_pretax_gdi,9.271812734306543
2011-09-01,p_all_pretax_gdi,9.217324299186199
2011-12-01,p_all_pretax_gdi,9.991387924637344
2012-03-01,p_all_pretax_gdi,10.199520437210259
2012-06-01,p_all_pretax_gdi,10.150348627419952
2012-09-01,p_all_pretax_gdi,10.071576902608747
2012-12-01,p_all_pretax_gdi,9.865705482937875
2013-03-01,p_all_pretax_gdi,10.009834565670934
2013-06-01,p_all_pretax_gdi,9.885319832210918
2013-09-01,p_all_pretax_gdi,9.890194056902619
2013-12-01,p_all_pretax_gdi,10.007533851997422
2014-03-01,p_all_pretax_gdi,9.531950227313015
2014-06-01,p_all_pretax_gdi,10.378779136905708
2014-09-01,p_all_pretax_gdi,10.401721064104963
2014-12-01,p_all_pretax_gdi,10.41068125831535
2015-03-01,p_all_pretax_gdi,10.14614438036061
2015-06-01,p_all_pretax_gdi,9.965412234524374
2015-09-01,p_all_pretax_gdi,9.63667612203042
2015-12-01,p_all_pretax_gdi,8.93674651686076
2016-03-01,p_all_pretax_gdi,9.454754967213697
2016-06-01,p_all_pretax_gdi,9.171675367583102
2016-09-01,p_all_pretax_gdi,9.206983928411862
2016-12-01,p_all_pretax_gdi,8.954894942526217
2017-03-01,p_all_pretax_gdi,8.946731080679617
2017-06-01,p_all_pretax_gdi,8.881738726255325
2017-09-01,p_all_pretax_gdi,8.764660198870226
2017-12-01,p_all_pretax_gdi,8.743066317369724
2018-03-01,p_all_pretax_gdi,8.77187216978487
2018-06-01,p_all_pretax_gdi,9.018153217848385
2018-09-01,p_all_pretax_gdi,9.001602825628025
2018-12-01,p_all_pretax_gdi,9.032693147418405
2019-03-01,p_all_pretax_gdi,8.841451082250755
2019-06-01,p_all_pretax_gdi,8.921824880863497
2019-09-01,p_all_pretax_gdi,9.129386392569298
2019-12-01,p_all_pretax_gdi,9.191648820304694
2020-03-01,p_all_pretax_gdi,8.014821618361486
2020-06-01,p_all_pretax_gdi,8.456341008617365
2020-09-01,p_all_pretax_gdi,10.958007278391277
2020-12-01,p_all_pretax_gdi,9.534169075162083
2021-03-01,p_all_pretax_gdi,10.67041469823684
2021-06-01,p_all_pretax_gdi,11.874066400982992
2021-09-01,p_all_pretax_gdi,11.601315713801949
2021-12-01,p_all_pretax_gdi,11.38382673909947
2022-03-01,p_all_pretax_gdi,10.919709138098352
2022-06-01,p_all_pretax_gdi,11.314819677607641
2022-09-01,p_all_pretax_gdi,11.367345745730445
2022-12-01,p_all_pretax_gdi,11.112976451247402
2023-03-01,p_all_pretax_gdi,11.343415141793106
2023-06-01,p_all_pretax_gdi,11.211570374560882
2023-09-01,p_all_pretax_gdi,11.417641280977707
2023-12-01,p_all_pretax_gdi,11.774283155323303
2024-03-01,p_all_pretax_gdi,11.39429607603677
2024-06-01,p_all_pretax_gdi,11.584446480247475
2024-09-01,p_all_pretax_gdi,11.479831017206138
2024-12-01,p_all_pretax_gdi,11.660513706567318
2025-03-01,p_all_pretax_gdi,11.496816426470073
2025-06-01,p_all_pretax_gdi,11.434005453749888
2025-09-01,p_all_pretax_gdi,11.638138590011106
2025-12-01,p_all_pretax_gdi,11.939026164793907
2026-03-01,p_all_pretax_gdi,12.23901257171119
2026-06-01,p_all_pretax_gdi,13.166665539881945
1947-03-01,p_all_pretax_gross,17.00166950427294
1947-06-01,p_all_pretax_gross,18.692487404840993
1947-09-01,p_all_pretax_gross,18.341242165596192
1947-12-01,p_all_pretax_gross,18.601069805158573
1948-03-01,p_all_pretax_gross,20.311474136774702
1948-06-01,p_all_pretax_gross,21.018906186413204
1948-09-01,p_all_pretax_gross,20.246084253722753
1948-12-01,p_all_pretax_gross,20.9297517905491
1949-03-01,p_all_pretax_gross,20.311008048015278
1949-06-01,p_all_pretax_gross,19.27636514045751
1949-09-01,p_all_pretax_gross,20.083801609102444
1949-12-01,p_all_pretax_gross,18.39977617240464
1950-03-01,p_all_pretax_gross,19.72157456265936
1950-06-01,p_all_pretax_gross,20.958447266872813
1950-09-01,p_all_pretax_gross,21.973892757288123
1950-12-01,p_all_pretax_gross,22.856367122760773
1951-03-01,p_all_pretax_gross,21.549886845516667
1951-06-01,p_all_pretax_gross,21.054113773233397
1951-09-01,p_all_pretax_gross,21.080712968126637
1951-12-01,p_all_pretax_gross,21.26313351441265
1952-03-01,p_all_pretax_gross,19.932550782986066
1952-06-01,p_all_pretax_gross,19.042941046681445
1952-09-01,p_all_pretax_gross,18.720680977973842
1952-12-01,p_all_pretax_gross,19.759939619701505
1953-03-01,p_all_pretax_gross,19.752122014651665
1953-06-01,p_all_pretax_gross,19.13975048427919
1953-09-01,p_all_pretax_gross,18.701507347729528
1953-12-01,p_all_pretax_gross,15.926164941648235
1954-03-01,p_all_pretax_gross,17.055567854770867
1954-06-01,p_all_pretax_gross,17.63694098967981
1954-09-01,p_all_pretax_gross,18.40670127830374
1954-12-01,p_all_pretax_gross,19.341940974836444
1955-03-01,p_all_pretax_gross,20.81167684875245
1955-06-01,p_all_pretax_gross,20.734480652525157
1955-09-01,p_all_pretax_gross,20.2755295625565
1955-12-01,p_all_pretax_gross,20.269454891102203
1956-03-01,p_all_pretax_gross,19.153709544453424
1956-06-01,p_all_pretax_gross,18.89862176554293
1956-09-01,p_all_pretax_gross,18.515489091402397
1956-12-01,p_all_pretax_gross,18.36039364212095
1957-03-01,p_all_pretax_gross,18.542291610286746
1957-06-01,p_all_pretax_gross,17.90643894224725
1957-09-01,p_all_pretax_gross,17.50335814948888
1957-12-01,p_all_pretax_gross,16.422863072467358
1958-03-01,p_all_pretax_gross,14.766449422728947
1958-06-01,p_all_pretax_gross,15.257199666474248
1958-09-01,p_all_pretax_gross,16.363002691347027
1958-12-01,p_all_pretax_gross,17.83787189255696
1959-03-01,p_all_pretax_gross,18.527267456218524
1959-06-01,p_all_pretax_gross,19.410011468756224
1959-09-01,p_all_pretax_gross,17.86631720551583
1959-12-01,p_all_pretax_gross,17.666795892671512
1960-03-01,p_all_pretax_gross,18.386950491706692
1960-06-01,p_all_pretax_gross,17.19008044323691
1960-09-01,p_all_pretax_gross,16.91349051823007
1960-12-01,p_all_pretax_gross,16.242776706413714
1961-03-01,p_all_pretax_gross,15.81228021625708
1961-06-01,p_all_pretax_gross,16.839144405386687
1961-09-01,p_all_pretax_gross,17.28590258780215
1961-12-01,p_all_pretax_gross,18.14862876337243
1962-03-01,p_all_pretax_gross,18.044083434714867
1962-06-01,p_all_pretax_gross,17.657675483961878
1962-09-01,p_all_pretax_gross,17.87368999211559
1962-12-01,p_all_pretax_gross,18.182109184029798
1963-03-01,p_all_pretax_gross,18.14866517953515
1963-06-01,p_all_pretax_gross,18.672763849677953
1963-09-01,p_all_pretax_gross,18.759064778327172
1963-12-01,p_all_pretax_gross,18.755064677811458
1964-03-01,p_all_pretax_gross,19.302589992038577
1964-06-01,p_all_pretax_gross,19.06664644383195
1964-09-01,p_all_pretax_gross,18.950299881379685
1964-12-01,p_all_pretax_gross,18.598379342941346
1965-03-01,p_all_pretax_gross,19.76579757069227
1965-06-01,p_all_pretax_gross,19.87520150006936
1965-09-01,p_all_pretax_gross,19.851218465420722
1965-12-01,p_all_pretax_gross,20.323493952652
1966-03-01,p_all_pretax_gross,20.534939727122023
1966-06-01,p_all_pretax_gross,19.906019272765086
1966-09-01,p_all_pretax_gross,19.259774420852096
1966-12-01,p_all_pretax_gross,19.115982255914
1967-03-01,p_all_pretax_gross,18.46878945855055
1967-06-01,p_all_pretax_gross,18.11012565434215
1967-09-01,p_all_pretax_gross,17.86121490122219
1967-12-01,p_all_pretax_gross,18.12264778381024
1968-03-01,p_all_pretax_gross,17.825648149569435
1968-06-01,p_all_pretax_gross,18.00834979684646
1968-09-01,p_all_pretax_gross,17.668775409746402
1968-12-01,p_all_pretax_gross,17.432059151537572
1969-03-01,p_all_pretax_gross,16.858199676414127
1969-06-01,p_all_pretax_gross,15.999809152825987
1969-09-01,p_all_pretax_gross,15.200335289186924
1969-12-01,p_all_pretax_gross,14.189439236361766
1970-03-01,p_all_pretax_gross,12.858743557182342
1970-06-01,p_all_pretax_gross,13.268102721850891
1970-09-01,p_all_pretax_gross,13.11333324709261
1970-12-01,p_all_pretax_gross,12.477777921959955
1971-03-01,p_all_pretax_gross,13.870200835205596
1971-06-01,p_all_pretax_gross,13.869065897886006
1971-09-01,p_all_pretax_gross,14.065631807869991
1971-12-01,p_all_pretax_gross,14.338920472917756
1972-03-01,p_all_pretax_gross,14.498929384579748
1972-06-01,p_all_pretax_gross,14.446349292513577
1972-09-01,p_all_pretax_gross,14.672262141489064
1972-12-01,p_all_pretax_gross,15.122248860525135
1973-03-01,p_all_pretax_gross,15.217615472642446
1973-06-01,p_all_pretax_gross,14.480085789612835
1973-09-01,p_all_pretax_gross,14.108249742331644
1973-12-01,p_all_pretax_gross,14.021879612692718
1974-03-01,p_all_pretax_gross,12.894430154057593
1974-06-01,p_all_pretax_gross,12.548674391124012
1974-09-01,p_all_pretax_gross,11.895308861040258
1974-12-01,p_all_pretax_gross,11.379796332583718
1975-03-01,p_all_pretax_gross,11.307902797097759
1975-06-01,p_all_pretax_gross,12.247618300858587
1975-09-01,p_all_pretax_gross,13.736927116518606
1975-12-01,p_all_pretax_gross,14.006918750049307
1976-03-01,p_all_pretax_gross,15.027429245015698
1976-06-01,p_all_pretax_gross,14.577756507602794
1976-09-01,p_all_pretax_gross,14.43483444940137
1976-12-01,p_all_pretax_gross,14.037016855889735
1977-03-01,p_all_pretax_gross,14.214568696482331
1977-06-01,p_all_pretax_gross,15.263650551150171
1977-09-01,p_all_pretax_gross,15.83743104669571
1977-12-01,p_all_pretax_gross,15.194496058318599
1978-03-01,p_all_pretax_gross,14.19468541505953
1978-06-01,p_all_pretax_gross,15.722324952628105
1978-09-01,p_all_pretax_gross,15.659245874311452
1978-12-01,p_all_pretax_gross,15.661233985927032
1979-03-01,p_all_pretax_gross,14.678445878431614
1979-06-01,p_all_pretax_gross,14.204428982058387
1979-09-01,p_all_pretax_gross,13.36974458133814
1979-12-01,p_all_pretax_gross,12.695006063005765
1980-03-01,p_all_pretax_gross,11.922110074156405
1980-06-01,p_all_pretax_gross,10.262882282806832
1980-09-01,p_all_pretax_gross,10.509195883641192
1980-12-01,p_all_pretax_gross,11.384003671989715
1981-03-01,p_all_pretax_gross,11.405991366545875
1981-06-01,p_all_pretax_gross,11.080005230809467
1981-09-01,p_all_pretax_gross,11.58056677454798
1981-12-01,p_all_pretax_gross,10.63934922825016
1982-03-01,p_all_pretax_gross,9.480077503098764
1982-06-01,p_all_pretax_gross,9.94093600127706
1982-09-01,p_all_pretax_gross,9.846182268067171
1982-12-01,p_all_pretax_gross,9.405476755903099
1983-03-01,p_all_pretax_gross,10.092370307954022
1983-06-01,p_all_pretax_gross,11.13104767225726
1983-09-01,p_all_pretax_gross,11.564143537834207
1983-12-01,p_all_pretax_gross,11.841444241010667
1984-03-01,p_all_pretax_gross,12.723428385028239
1984-06-01,p_all_pretax_gross,12.462867743798602
1984-09-01,p_all_pretax_gross,12.031389421960371
1984-12-01,p_all_pretax_gross,12.200842347345535
1985-03-01,p_all_pretax_gross,12.248192935990328
1985-06-01,p_all_pretax_gross,12.027915330061534
1985-09-01,p_all_pretax_gross,12.593560876728523
1985-12-01,p_all_pretax_gross,11.567962994469315
1986-03-01,p_all_pretax_gross,11.062057115754337
1986-06-01,p_all_pretax_gross,10.655118604767111
1986-09-01,p_all_pretax_gross,10.178505150927055
1986-12-01,p_all_pretax_gross,10.099331004918183
1987-03-01,p_all_pretax_gross,10.314823994260582
1987-06-01,p_all_pretax_gross,11.157754104946038
1987-09-01,p_all_pretax_gross,11.740111653025568
1987-12-01,p_all_pretax_gross,11.344570302576098
1988-03-01,p_all_pretax_gross,11.324878244014892
1988-06-01,p_all_pretax_gross,11.324419078207432
1988-09-01,p_all_pretax_gross,11.333838900353875
1988-12-01,p_all_pretax_gross,11.731293302789066
1989-03-01,p_all_pretax_gross,11.094266750525312
1989-06-01,p_all_pretax_gross,10.788728565447455
1989-09-01,p_all_pretax_gross,10.630046220716798
1989-12-01,p_all_pretax_gross,9.862434548203497
1990-03-01,p_all_pretax_gross,10.078442940984008
1990-06-01,p_all_pretax_gross,10.389361402459881
1990-09-01,p_all_pretax_gross,9.681562657292465
1990-12-01,p_all_pretax_gross,9.452459475561362
1991-03-01,p_all_pretax_gross,10.455166991419684
1991-06-01,p_all_pretax_gross,10.53830771577217
1991-09-01,p_all_pretax_gross,10.540014160338952
1991-12-01,p_all_pretax_gross,10.35822063882829
1992-03-01,p_all_pretax_gross,10.901160063532792
1992-06-01,p_all_pretax_gross,10.95138434636532
1992-09-01,p_all_pretax_gross,10.66114508852474
1992-12-01,p_all_pretax_gross,11.11242800782917
1993-03-01,p_all_pretax_gross,10.698150572723744
1993-06-01,p_all_pretax_gross,11.422458634792754
1993-09-01,p_all_pretax_gross,11.501396479371897
1993-12-01,p_all_pretax_gross,12.633534476712773
1994-03-01,p_all_pretax_gross,12.678866065883616
1994-06-01,p_all_pretax_gross,12.90830114166314
1994-09-01,p_all_pretax_gross,13.45604356435923
1994-12-01,p_all_pretax_gross,13.757673322536537
1995-03-01,p_all_pretax_gross,13.469601341516855
1995-06-01,p_all_pretax_gross,13.677379617592221
1995-09-01,p_all_pretax_gross,14.365131288126602
1995-12-01,p_all_pretax_gross,14.225624987147384
1996-03-01,p_all_pretax_gross,14.69141122983922
1996-06-01,p_all_pretax_gross,14.772705696903518
1996-09-01,p_all_pretax_gross,14.689597963006463
1996-12-01,p_all_pretax_gross,14.679120560236672
1997-03-01,p_all_pretax_gross,15.09023536594942
1997-06-01,p_all_pretax_gross,15.122789210296574
1997-09-01,p_all_pretax_gross,15.537789543450577
1997-12-01,p_all_pretax_gross,15.08764114114737
1998-03-01,p_all_pretax_gross,13.618970360913863
1998-06-01,p_all_pretax_gross,13.431953773877733
1998-09-01,p_all_pretax_gross,13.544613299329297
1998-12-01,p_all_pretax_gross,12.932206503108475
1999-03-01,p_all_pretax_gross,13.366963651430034
1999-06-01,p_all_pretax_gross,13.116411943536383
1999-09-01,p_all_pretax_gross,12.683437578441723
1999-12-01,p_all_pretax_gross,12.224122656835632
2000-03-01,p_all_pretax_gross,11.635682867141178
2000-06-01,p_all_pretax_gross,11.300413711058507
2000-09-01,p_all_pretax_gross,10.802114672621743
2000-12-01,p_all_pretax_gross,10.083976177632309
2001-03-01,p_all_pretax_gross,9.961992577712818
2001-06-01,p_all_pretax_gross,10.224160918950796
2001-09-01,p_all_pretax_gross,10.159752589774339
2001-12-01,p_all_pretax_gross,9.528052838596167
2002-03-01,p_all_pretax_gross,11.461351877032572
2002-06-01,p_all_pretax_gross,12.034307506128046
2002-09-01,p_all_pretax_gross,12.336109520776878
2002-12-01,p_all_pretax_gross,13.269242652137152
2003-03-01,p_all_pretax_gross,13.534100071215017
2003-06-01,p_all_pretax_gross,13.800350409107354
2003-09-01,p_all_pretax_gross,14.310033583595926
2003-12-01,p_all_pretax_gross,14.610428762205753
2004-03-01,p_all_pretax_gross,15.754251354371874
2004-06-01,p_all_pretax_gross,16.140922168186343
2004-09-01,p_all_pretax_gross,16.436573453658873
2004-12-01,p_all_pretax_gross,16.327268756069355
2005-03-01,p_all_pretax_gross,17.294124326982523
2005-06-01,p_all_pretax_gross,17.257181904642586
2005-09-01,p_all_pretax_gross,17.098319711949102
2005-12-01,p_all_pretax_gross,18.025684428700448
2006-03-01,p_all_pretax_gross,18.299676497339256
2006-06-01,p_all_pretax_gross,18.225924458377374
2006-09-01,p_all_pretax_gross,18.593148489564214
2006-12-01,p_all_pretax_gross,17.44419257802619
2007-03-01,p_all_pretax_gross,16.107110958341046
2007-06-01,p_all_pretax_gross,16.33610111353224
2007-09-01,p_all_pretax_gross,15.025144037766113
2007-12-01,p_all_pretax_gross,13.899186064788735
2008-03-01,p_all_pretax_gross,12.862260466251678
2008-06-01,p_all_pretax_gross,12.547969963911338
2008-09-01,p_all_pretax_gross,12.31639730819891
2008-12-01,p_all_pretax_gross,9.308219211144955
2009-03-01,p_all_pretax_gross,12.35309427838044
2009-06-01,p_all_pretax_gross,12.925047119212929
2009-09-01,p_all_pretax_gross,14.371219176843011
2009-12-01,p_all_pretax_gross,15.397347151376943
2010-03-01,p_all_pretax_gross,16.188828111205293
2010-06-01,p_all_pretax_gross,15.996419661541362
2010-09-01,p_all_pretax_gross,17.615168936726256
2010-12-01,p_all_pretax_gross,17.574785843929604
2011-03-01,p_all_pretax_gross,15.715898844695644
2011-06-01,p_all_pretax_gross,16.82644467070193
2011-09-01,p_all_pretax_gross,16.67620237174592
2011-12-01,p_all_pretax_gross,17.987091599394276
2012-03-01,p_all_pretax_gross,18.31534536361216
2012-06-01,p_all_pretax_gross,18.160094809507164
2012-09-01,p_all_pretax_gross,17.973632169474538
2012-12-01,p_all_pretax_gross,17.607365633348365
2013-03-01,p_all_pretax_gross,17.895252027910683
2013-06-01,p_all_pretax_gross,17.697839479149224
2013-09-01,p_all_pretax_gross,17.72731710087624
2013-12-01,p_all_pretax_gross,17.835701691969042
2014-03-01,p_all_pretax_gross,16.997065603853123
2014-06-01,p_all_pretax_gross,18.363048411626615
2014-09-01,p_all_pretax_gross,18.30617286762139
2014-12-01,p_all_pretax_gross,18.274449459506005
2015-03-01,p_all_pretax_gross,17.784342642840674
2015-06-01,p_all_pretax_gross,17.46239826663855
2015-09-01,p_all_pretax_gross,16.90206454480322
2015-12-01,p_all_pretax_gross,15.665209391017479
2016-03-01,p_all_pretax_gross,16.586713297534857
2016-06-01,p_all_pretax_gross,16.10170513708473
2016-09-01,p_all_pretax_gross,16.16207395140829
2016-12-01,p_all_pretax_gross,15.715908625540228
2017-03-01,p_all_pretax_gross,15.738075606194958
2017-06-01,p_all_pretax_gross,15.592094853936738
2017-09-01,p_all_pretax_gross,15.393448580626155
2017-12-01,p_all_pretax_gross,15.313462864662748
2018-03-01,p_all_pretax_gross,15.327664322514233
2018-06-01,p_all_pretax_gross,15.737275206626789
2018-09-01,p_all_pretax_gross,15.691878916445468
2018-12-01,p_all_pretax_gross,15.782192058050962
2019-03-01,p_all_pretax_gross,15.406221396489611
2019-06-01,p_all_pretax_gross,15.547645663663815
2019-09-01,p_all_pretax_gross,15.89289844230481
2019-12-01,p_all_pretax_gross,16.0108736545507
2020-03-01,p_all_pretax_gross,14.129951337986551
2020-06-01,p_all_pretax_gross,15.046297795130682
2020-09-01,p_all_pretax_gross,19.16059230884652
2020-12-01,p_all_pretax_gross,16.597745514989086
2021-03-01,p_all_pretax_gross,18.477055795525906
2021-06-01,p_all_pretax_gross,20.326639314836733
2021-09-01,p_all_pretax_gross,19.820187632714347
2021-12-01,p_all_pretax_gross,19.42246690564056
2022-03-01,p_all_pretax_gross,18.602808168045833
2022-06-01,p_all_pretax_gross,19.208353908577973
2022-09-01,p_all_pretax_gross,19.274063564812554
2022-12-01,p_all_pretax_gross,18.947899647762725
2023-03-01,p_all_pretax_gross,19.312797187974596
2023-06-01,p_all_pretax_gross,19.122032795034293
2023-09-01,p_all_pretax_gross,19.45844953385053
2023-12-01,p_all_pretax_gross,20.07930738860893
2024-03-01,p_all_pretax_gross,19.401326438173896
2024-06-01,p_all_pretax_gross,19.798161141374248
2024-09-01,p_all_pretax_gross,19.692943228715016
2024-12-01,p_all_pretax_gross,19.965711014800693
2025-03-01,p_all_pretax_gross,19.71103012579843
2025-06-01,p_all_pretax_gross,19.57083284616601
2025-09-01,p_all_pretax_gross,19.828904365957285
2025-12-01,p_all_pretax_gross,20.286557497756206
2026-03-01,p_all_pretax_gross,20.748910760482637
2026-06-01,p_all_pretax_gross,22.183031734472202
1947-03-01,p_all_pretax_net,18.373854481144715
1947-06-01,p_all_pretax_net,20.229444191226424
1947-09-01,p_all_pretax_net,19.8955349620893
1947-12-01,p_all_pretax_net,20.181938525119463
1948-03-01,p_all_pretax_net,22.017049802565122
1948-06-01,p_all_pretax_net,22.805035023648447
1948-09-01,p_all_pretax_net,21.9849551079835
1948-12-01,p_all_pretax_net,22.74110571697703
1949-03-01,p_all_pretax_net,22.146038922890437
1949-06-01,p_all_pretax_net,21.10126242277733
1949-09-01,p_all_pretax_net,22.00200108455728
1949-12-01,p_all_pretax_net,20.237343769726046
1950-03-01,p_all_pretax_net,21.605473067845725
1950-06-01,p_all_pretax_net,22.863495072552656
1950-09-01,p_all_pretax_net,23.875004031087748
1950-12-01,p_all_pretax_net,24.8075341036062
1951-03-01,p_all_pretax_net,23.416916860156263
1951-06-01,p_all_pretax_net,22.916629824158075
1951-09-01,p_all_pretax_net,22.975816160742465
1951-12-01,p_all_pretax_net,23.170731707317074
1952-03-01,p_all_pretax_net,21.725032055848413
1952-06-01,p_all_pretax_net,20.786884117808974
1952-09-01,p_all_pretax_net,20.436124393800657
1952-12-01,p_all_pretax_net,21.486588090775275
1953-03-01,p_all_pretax_net,21.475217118857362
1953-06-01,p_all_pretax_net,20.824380663258243
1953-09-01,p_all_pretax_net,20.383169387649996
1953-12-01,p_all_pretax_net,17.450609953578756
1954-03-01,p_all_pretax_net,18.71093792165456
1954-06-01,p_all_pretax_net,19.366555281127415
1954-09-01,p_all_pretax_net,20.21594339471961
1954-12-01,p_all_pretax_net,21.19446579554189
1955-03-01,p_all_pretax_net,22.73317516573426
1955-06-01,p_all_pretax_net,22.621776301176293
1955-09-01,p_all_pretax_net,22.128911225884153
1955-12-01,p_all_pretax_net,22.1289766600342
1956-03-01,p_all_pretax_net,20.964454699718978
1956-06-01,p_all_pretax_net,20.715740728466578
1956-09-01,p_all_pretax_net,20.336212525581864
1956-12-01,p_all_pretax_net,20.167859472039762
1957-03-01,p_all_pretax_net,20.38586772045543
1957-06-01,p_all_pretax_net,19.734554890286606
1957-09-01,p_all_pretax_net,19.326294620412266
1957-12-01,p_all_pretax_net,18.21081872474894
1958-03-01,p_all_pretax_net,16.468140581470106
1958-06-01,p_all_pretax_net,17.049832458293764
1958-09-01,p_all_pretax_net,18.242376883923136
1958-12-01,p_all_pretax_net,19.81638156405031
1959-03-01,p_all_pretax_net,20.528795437781074
1959-06-01,p_all_pretax_net,21.43496363484684
1959-09-01,p_all_pretax_net,19.77416562469943
1959-12-01,p_all_pretax_net,19.54217535018045
1960-03-01,p_all_pretax_net,20.277057857273224
1960-06-01,p_all_pretax_net,18.98311566066596
1960-09-01,p_all_pretax_net,18.695573662351254
1960-12-01,p_all_pretax_net,17.988274188678965
1961-03-01,p_all_pretax_net,17.533670380169372
1961-06-01,p_all_pretax_net,18.635424196085125
1961-09-01,p_all_pretax_net,19.103162535841246
1961-12-01,p_all_pretax_net,20.010748161003345
1962-03-01,p_all_pretax_net,19.88107436211849
1962-06-01,p_all_pretax_net,19.444371079564213
1962-09-01,p_all_pretax_net,19.67526451801648
1962-12-01,p_all_pretax_net,20.009415291201506
1963-03-01,p_all_pretax_net,19.97535275966723
1963-06-01,p_all_pretax_net,20.534931351922488
1963-09-01,p_all_pretax_net,20.624984754982073
1963-12-01,p_all_pretax_net,20.61609242286098
1964-03-01,p_all_pretax_net,21.1974654155543
1964-06-01,p_all_pretax_net,20.933497558160568
1964-09-01,p_all_pretax_net,20.798103716367255
1964-12-01,p_all_pretax_net,20.420096240835196
1965-03-01,p_all_pretax_net,21.665152324959916
1965-06-01,p_all_pretax_net,21.787325749372737
1965-09-01,p_all_pretax_net,21.76590689350147
1965-12-01,p_all_pretax_net,22.264533893140783
1966-03-01,p_all_pretax_net,22.48900062853551
1966-06-01,p_all_pretax_net,21.812713063460862
1966-09-01,p_all_pretax_net,21.12326741476289
1966-12-01,p_all_pretax_net,20.979828680684818
1967-03-01,p_all_pretax_net,20.306017488677263
1967-06-01,p_all_pretax_net,19.943150163159032
1967-09-01,p_all_pretax_net,19.68023742315545
1967-12-01,p_all_pretax_net,19.967340087107598
1968-03-01,p_all_pretax_net,19.634999471626333
1968-06-01,p_all_pretax_net,19.830392289663042
1968-09-01,p_all_pretax_net,19.46549476682179
1968-12-01,p_all_pretax_net,19.2093296746374
1969-03-01,p_all_pretax_net,18.58088413777549
1969-06-01,p_all_pretax_net,17.652344910305725
1969-09-01,p_all_pretax_net,16.788937484492408
1969-12-01,p_all_pretax_net,15.699811611074184
1970-03-01,p_all_pretax_net,14.268741503741117
1970-06-01,p_all_pretax_net,14.74087579962298
1970-09-01,p_all_pretax_net,14.589468798405333
1970-12-01,p_all_pretax_net,13.924518055932664
1971-03-01,p_all_pretax_net,15.444479671796577
1971-06-01,p_all_pretax_net,15.449009877400426
1971-09-01,p_all_pretax_net,15.673664415876436
1971-12-01,p_all_pretax_net,15.975358535922368
1972-03-01,p_all_pretax_net,16.115551327276638
1972-06-01,p_all_pretax_net,16.059099802497794
1972-09-01,p_all_pretax_net,16.31273651229977
1972-12-01,p_all_pretax_net,16.794047421703006
1973-03-01,p_all_pretax_net,16.87342698783421
1973-06-01,p_all_pretax_net,16.07737110531326
1973-09-01,p_all_pretax_net,15.686514506915517
1973-12-01,p_all_pretax_net,15.607284028095313
1974-03-01,p_all_pretax_net,14.39491716945533
1974-06-01,p_all_pretax_net,14.038968051369281
1974-09-01,p_all_pretax_net,13.34559312986882
1974-12-01,p_all_pretax_net,12.822675452461867
1975-03-01,p_all_pretax_net,12.810426890922095
1975-06-01,p_all_pretax_net,13.898384565900933
1975-09-01,p_all_pretax_net,15.563645476030642
1975-12-01,p_all_pretax_net,15.86082831673417
1976-03-01,p_all_pretax_net,16.959760024816198
1976-06-01,p_all_pretax_net,16.467095153804163
1976-09-01,p_all_pretax_net,16.31344276886877
1976-12-01,p_all_pretax_net,15.880104167614059
1977-03-01,p_all_pretax_net,16.07055011830763
1977-06-01,p_all_pretax_net,17.22008359200869
1977-09-01,p_all_pretax_net,17.854179227797502
1977-12-01,p_all_pretax_net,17.14736176609213
1978-03-01,p_all_pretax_net,16.03360950752973
1978-06-01,p_all_pretax_net,17.700590035756086
1978-09-01,p_all_pretax_net,17.65791203596656
1978-12-01,p_all_pretax_net,17.662035059021715
1979-03-01,p_all_pretax_net,16.578747933810323
1979-06-01,p_all_pretax_net,16.074685104252957
1979-09-01,p_all_pretax_net,15.158845625181142
1979-12-01,p_all_pretax_net,14.420362524218763
1980-03-01,p_all_pretax_net,13.567104011803226
1980-06-01,p_all_pretax_net,11.737331133005403
1980-09-01,p_all_pretax_net,12.032299763291755
1980-12-01,p_all_pretax_net,13.007271627921778
1981-03-01,p_all_pretax_net,13.028972847589756
1981-06-01,p_all_pretax_net,12.677886448339986
1981-09-01,p_all_pretax_net,13.252484732193839
1981-12-01,p_all_pretax_net,12.218937168139547
1982-03-01,p_all_pretax_net,10.937240331771015
1982-06-01,p_all_pretax_net,11.482243699201657
1982-09-01,p_all_pretax_net,11.388575848349333
1982-12-01,p_all_pretax_net,10.89958013751094
1983-03-01,p_all_pretax_net,11.674385167104141
1983-06-01,p_all_pretax_net,12.833452720134
1983-09-01,p_all_pretax_net,13.300353046581867
1983-12-01,p_all_pretax_net,13.58009120358155
1984-03-01,p_all_pretax_net,14.538103631991186
1984-06-01,p_all_pretax_net,14.230718173370503
1984-09-01,p_all_pretax_net,13.742504310675816
1984-12-01,p_all_pretax_net,13.935972964333013
1985-03-01,p_all_pretax_net,13.997184498922612
1985-06-01,p_all_pretax_net,13.754420300742217
1985-09-01,p_all_pretax_net,14.398322461443845
1985-12-01,p_all_pretax_net,13.24661770607489
1986-03-01,p_all_pretax_net,12.67775666252291
1986-06-01,p_all_pretax_net,12.23662064271165
1986-09-01,p_all_pretax_net,11.702643062380552
1986-12-01,p_all_pretax_net,11.60936554842987
1987-03-01,p_all_pretax_net,11.850764348064764
1987-06-01,p_all_pretax_net,12.801175934034298
1987-09-01,p_all_pretax_net,13.456979588006561
1987-12-01,p_all_pretax_net,13.002361254706685
1988-03-01,p_all_pretax_net,12.986947302309114
1988-06-01,p_all_pretax_net,12.978093563925329
1988-09-01,p_all_pretax_net,12.98756178171359
1988-12-01,p_all_pretax_net,13.426937176350965
1989-03-01,p_all_pretax_net,12.714041875125146
1989-06-01,p_all_pretax_net,12.376299171253066
1989-09-01,p_all_pretax_net,12.202985263428547
1989-12-01,p_all_pretax_net,11.336157306971995
1990-03-01,p_all_pretax_net,11.584620668520623
1990-06-01,p_all_pretax_net,11.93760655363037
1990-09-01,p_all_pretax_net,11.145226528940837
1990-12-01,p_all_pretax_net,10.908513440697293
1991-03-01,p_all_pretax_net,12.079615784131347
1991-06-01,p_all_pretax_net,12.182621284854438
1991-09-01,p_all_pretax_net,12.186990569318843
1991-12-01,p_all_pretax_net,11.97635584130991
1992-03-01,p_all_pretax_net,12.570647511250922
1992-06-01,p_all_pretax_net,12.617372217383974
1992-09-01,p_all_pretax_net,12.288343299652068
1992-12-01,p_all_pretax_net,12.789766981906483
1993-03-01,p_all_pretax_net,12.347130561981222
1993-06-01,p_all_pretax_net,13.159386853900465
1993-09-01,p_all_pretax_net,13.255132033553187
1993-12-01,p_all_pretax_net,14.523880226682875
1994-03-01,p_all_pretax_net,14.58680654692365
1994-06-01,p_all_pretax_net,14.833448740793195
1994-09-01,p_all_pretax_net,15.463082472548894
1994-12-01,p_all_pretax_net,15.811752380123409
1995-03-01,p_all_pretax_net,15.508844628732048
1995-06-01,p_all_pretax_net,15.763088418741969
1995-09-01,p_all_pretax_net,16.544505283308006
1995-12-01,p_all_pretax_net,16.394695394107693
1996-03-01,p_all_pretax_net,16.91698791219638
1996-06-01,p_all_pretax_net,16.999800930286757
1996-09-01,p_all_pretax_net,16.90815378860413
1996-12-01,p_all_pretax_net,16.900284569562878
1997-03-01,p_all_pretax_net,17.36130268596589
1997-06-01,p_all_pretax_net,17.399867490005104
1997-09-01,p_all_pretax_net,17.858331488035176
1997-12-01,p_all_pretax_net,17.333210258463726
1998-03-01,p_all_pretax_net,15.661583627258011
1998-06-01,p_all_pretax_net,15.448434391033492
1998-09-01,p_all_pretax_net,15.57391654183252
1998-12-01,p_all_pretax_net,14.884324905282561
1999-03-01,p_all_pretax_net,15.376616771331491
1999-06-01,p_all_pretax_net,15.113652329356155
1999-09-01,p_all_pretax_net,14.639147926589352
1999-12-01,p_all_pretax_net,14.116883967332322
2000-03-01,p_all_pretax_net,13.425800363772687
2000-06-01,p_all_pretax_net,13.065577097671365
2000-09-01,p_all_pretax_net,12.488319656042208
2000-12-01,p_all_pretax_net,11.6732064179158
2001-03-01,p_all_pretax_net,11.575622838984925
2001-06-01,p_all_pretax_net,11.917865871051367
2001-09-01,p_all_pretax_net,11.879070399446785
2001-12-01,p_all_pretax_net,11.168339529155672
2002-03-01,p_all_pretax_net,13.424245951120117
2002-06-01,p_all_pretax_net,14.075742242885724
2002-09-01,p_all_pretax_net,14.433993958627052
2002-12-01,p_all_pretax_net,15.506102633783659
2003-03-01,p_all_pretax_net,15.828068360263579
2003-06-01,p_all_pretax_net,16.118711916361285
2003-09-01,p_all_pretax_net,16.67942370535243
2003-12-01,p_all_pretax_net,17.008096398115608
2004-03-01,p_all_pretax_net,18.3425168766993
2004-06-01,p_all_pretax_net,18.767294927540384
2004-09-01,p_all_pretax_net,19.080813651967038
2004-12-01,p_all_pretax_net,18.977017260884534
2005-03-01,p_all_pretax_net,20.098111973997003
2005-06-01,p_all_pretax_net,20.05684674156174
2005-09-01,p_all_pretax_net,19.86661758588943
2005-12-01,p_all_pretax_net,20.92224922890992
2006-03-01,p_all_pretax_net,21.230336269979524
2006-06-01,p_all_pretax_net,21.171798425131684
2006-09-01,p_all_pretax_net,21.603189915491857
2006-12-01,p_all_pretax_net,20.308620339084285
2007-03-01,p_all_pretax_net,18.793460415301066
2007-06-01,p_all_pretax_net,19.070267556559756
2007-09-01,p_all_pretax_net,17.597625354180348
2007-12-01,p_all_pretax_net,16.304709920906976
2008-03-01,p_all_pretax_net,15.13192338211386
2008-06-01,p_all_pretax_net,14.805008516438564
2008-09-01,p_all_pretax_net,14.576685232552137
2008-12-01,p_all_pretax_net,11.117434515216502
2009-03-01,p_all_pretax_net,14.800201348501007
2009-06-01,p_all_pretax_net,15.436135363033184
2009-09-01,p_all_pretax_net,17.122660241580984
2009-12-01,p_all_pretax_net,18.286841989218928
2010-03-01,p_all_pretax_net,19.21717227906066
2010-06-01,p_all_pretax_net,18.95075386612779
2010-09-01,p_all_pretax_net,20.76719919287823
2010-12-01,p_all_pretax_net,20.725738809175446
2011-03-01,p_all_pretax_net,18.584418626335296
2011-06-01,p_all_pretax_net,19.87845825192943
2011-09-01,p_all_pretax_net,19.703167083699924
2011-12-01,p_all_pretax_net,21.23466743727209
2012-03-01,p_all_pretax_net,21.574077949043733
2012-06-01,p_all_pretax_net,21.398482845554582
2012-09-01,p_all_pretax_net,21.22398375709669
2012-12-01,p_all_pretax_net,20.74908314672836
2013-03-01,p_all_pretax_net,21.108684506438326
2013-06-01,p_all_pretax_net,20.89244091165555
2013-09-01,p_all_pretax_net,20.94952236153934
2013-12-01,p_all_pretax_net,21.066646747776357
2014-03-01,p_all_pretax_net,20.092618656391505
2014-06-01,p_all_pretax_net,21.648520863597017
2014-09-01,p_all_pretax_net,21.5532051539125
2014-12-01,p_all_pretax_net,21.513174846046212
2015-03-01,p_all_pretax_net,20.94849745754978
2015-06-01,p_all_pretax_net,20.56505054340376
2015-09-01,p_all_pretax_net,19.921514604198467
2015-12-01,p_all_pretax_net,18.468159622576287
2016-03-01,p_all_pretax_net,19.549313518525892
2016-06-01,p_all_pretax_net,19.00943662805419
2016-09-01,p_all_pretax_net,19.074061830587365
2016-12-01,p_all_pretax_net,18.555129129076033
2017-03-01,p_all_pretax_net,18.586312631790612
2017-06-01,p_all_pretax_net,18.421843832488776
2017-09-01,p_all_pretax_net,18.20045763448588
2017-12-01,p_all_pretax_net,18.08142955814791
2018-03-01,p_all_pretax_net,18.079639230021975
2018-06-01,p_all_pretax_net,18.558229090986224
2018-09-01,p_all_pretax_net,18.49518081267801
2018-12-01,p_all_pretax_net,18.619635876427356
2019-03-01,p_all_pretax_net,18.18013052897544
2019-06-01,p_all_pretax_net,18.37211536617657
2019-09-01,p_all_pretax_net,18.782118134420713
2019-12-01,p_all_pretax_net,18.913088120398715
2020-03-01,p_all_pretax_net,16.773699042168392
2020-06-01,p_all_pretax_net,18.269307099781035
2020-09-01,p_all_pretax_net,22.865987390341147
2020-12-01,p_all_pretax_net,19.674371499461554
2021-03-01,p_all_pretax_net,21.823398744213602
2021-06-01,p_all_pretax_net,23.905768687050077
2021-09-01,p_all_pretax_net,23.28829359798377
2021-12-01,p_all_pretax_net,22.785493871406924
2022-03-01,p_all_pretax_net,21.840164211156036
2022-06-01,p_all_pretax_net,22.56192146726556
2022-09-01,p_all_pretax_net,22.645521278757666
2022-12-01,p_all_pretax_net,22.3298893162241
2023-03-01,p_all_pretax_net,22.767194838697392
2023-06-01,p_all_pretax_net,22.56242274851365
2023-09-01,p_all_pretax_net,22.93789398608065
2023-12-01,p_all_pretax_net,23.65556708338335
2024-03-01,p_all_pretax_net,22.850106217295572
2024-06-01,p_all_pretax_net,23.34088580708555
2024-09-01,p_all_pretax_net,23.261691181244757
2024-12-01,p_all_pretax_net,23.574164744642868
2025-03-01,p_all_pretax_net,23.27056011936676
2025-06-01,p_all_pretax_net,23.094526788394507
2025-09-01,p_all_pretax_net,23.42065267839478
2025-12-01,p_all_pretax_net,23.99272083776451
2026-03-01,p_all_pretax_net,24.54431625271397
2026-06-01,p_all_pretax_net,26.21882253333774
1947-03-01,p_nf_aftertax_gross,6.713117237200848
1947-06-01,p_nf_aftertax_gross,9.435652433562257
1947-09-01,p_nf_aftertax_gross,9.403534311941446
1947-12-01,p_nf_aftertax_gross,9.21456235476375
1948-03-01,p_nf_aftertax_gross,11.084567606306736
1948-06-01,p_nf_aftertax_gross,11.48475697440322
1948-09-01,p_nf_aftertax_gross,10.925165548873137
1948-12-01,p_nf_aftertax_gross,11.995875742819125
1949-03-01,p_nf_aftertax_gross,11.878861469233241
1949-06-01,p_nf_aftertax_gross,11.496451031591336
1949-09-01,p_nf_aftertax_gross,12.072774623983145
1949-12-01,p_nf_aftertax_gross,10.223379367594898
1950-03-01,p_nf_aftertax_gross,9.58518815395846
1950-06-01,p_nf_aftertax_gross,9.786952069235557
1950-09-01,p_nf_aftertax_gross,9.449043676848415
1950-12-01,p_nf_aftertax_gross,9.835755530470038
1951-03-01,p_nf_aftertax_gross,6.396419657457613
1951-06-01,p_nf_aftertax_gross,8.341349690474305
1951-09-01,p_nf_aftertax_gross,9.626439198927716
1951-12-01,p_nf_aftertax_gross,9.14362324277801
1952-03-01,p_nf_aftertax_gross,8.845187322409158
1952-06-01,p_nf_aftertax_gross,8.412667787547202
1952-09-01,p_nf_aftertax_gross,8.196551855458656
1952-12-01,p_nf_aftertax_gross,8.905618333563321
1953-03-01,p_nf_aftertax_gross,8.651376605206616
1953-06-01,p_nf_aftertax_gross,8.069064463464107
1953-09-01,p_nf_aftertax_gross,7.768919355239301
1953-12-01,p_nf_aftertax_gross,6.759156377532477
1954-03-01,p_nf_aftertax_gross,8.09563323306711
1954-06-01,p_nf_aftertax_gross,8.467164603416638
1954-09-01,p_nf_aftertax_gross,8.8635492035896
1954-12-01,p_nf_aftertax_gross,9.499812626969883
1955-03-01,p_nf_aftertax_gross,10.396041934405702
1955-06-01,p_nf_aftertax_gross,10.526939881240137
1955-09-01,p_nf_aftertax_gross,10.040255742363248
1955-12-01,p_nf_aftertax_gross,9.938649773251997
1956-03-01,p_nf_aftertax_gross,9.283925023753994
1956-06-01,p_nf_aftertax_gross,8.970878735742051
1956-09-01,p_nf_aftertax_gross,9.206339853876974
1956-12-01,p_nf_aftertax_gross,8.831785261262736
1957-03-01,p_nf_aftertax_gross,9.057557541468432
1957-06-01,p_nf_aftertax_gross,8.810900049406916
1957-09-01,p_nf_aftertax_gross,8.57606344628695
1957-12-01,p_nf_aftertax_gross,8.013250999148267
1958-03-01,p_nf_aftertax_gross,7.158486894377478
1958-06-01,p_nf_aftertax_gross,7.518812993734677
1958-09-01,p_nf_aftertax_gross,8.075143180661994
1958-12-01,p_nf_aftertax_gross,8.793303627463287
1959-03-01,p_nf_aftertax_gross,9.193741750781903
1959-06-01,p_nf_aftertax_gross,9.672729118623911
1959-09-01,p_nf_aftertax_gross,8.794142885026867
1959-12-01,p_nf_aftertax_gross,8.883739035845645
1960-03-01,p_nf_aftertax_gross,9.094992455346176
1960-06-01,p_nf_aftertax_gross,8.478241665047086
1960-09-01,p_nf_aftertax_gross,8.554871961882377
1960-12-01,p_nf_aftertax_gross,8.120911992443
1961-03-01,p_nf_aftertax_gross,7.695847233406189
1961-06-01,p_nf_aftertax_gross,8.581453809091544
1961-09-01,p_nf_aftertax_gross,8.820022213591175
1961-12-01,p_nf_aftertax_gross,9.350686140812037
1962-03-01,p_nf_aftertax_gross,9.840636290419093
1962-06-01,p_nf_aftertax_gross,9.614228409101754
1962-09-01,p_nf_aftertax_gross,9.744203309352068
1962-12-01,p_nf_aftertax_gross,10.207717511581816
1963-03-01,p_nf_aftertax_gross,10.326416549084382
1963-06-01,p_nf_aftertax_gross,10.579882432508931
1963-09-01,p_nf_aftertax_gross,10.603168459664154
1963-12-01,p_nf_aftertax_gross,10.562725834939911
1964-03-01,p_nf_aftertax_gross,11.33474068708551
1964-06-01,p_nf_aftertax_gross,11.225150894290936
1964-09-01,p_nf_aftertax_gross,11.1098450937305
1964-12-01,p_nf_aftertax_gross,10.977777777777778
1965-03-01,p_nf_aftertax_gross,12.014961346418067
1965-06-01,p_nf_aftertax_gross,12.040958220087226
1965-09-01,p_nf_aftertax_gross,11.989079872648107
1965-12-01,p_nf_aftertax_gross,12.146876366484548
1966-03-01,p_nf_aftertax_gross,12.268469347500812
1966-06-01,p_nf_aftertax_gross,11.805185264858606
1966-09-01,p_nf_aftertax_gross,11.326922860138204
1966-12-01,p_nf_aftertax_gross,11.497214253275883
1967-03-01,p_nf_aftertax_gross,11.119667605919721
1967-06-01,p_nf_aftertax_gross,10.863403586088465
1967-09-01,p_nf_aftertax_gross,10.68680309180654
1967-12-01,p_nf_aftertax_gross,10.726278503060703
1968-03-01,p_nf_aftertax_gross,9.697972710265915
1968-06-01,p_nf_aftertax_gross,9.960893479215022
1968-09-01,p_nf_aftertax_gross,9.766350439519623
1968-12-01,p_nf_aftertax_gross,9.590150319740886
1969-03-01,p_nf_aftertax_gross,8.974342417203697
1969-06-01,p_nf_aftertax_gross,8.468833213614564
1969-09-01,p_nf_aftertax_gross,8.005449211810435
1969-12-01,p_nf_aftertax_gross,7.021880889392237
1970-03-01,p_nf_aftertax_gross,6.369004461919459
1970-06-01,p_nf_aftertax_gross,6.8578729911029885
1970-09-01,p_nf_aftertax_gross,6.442783232589244
1970-12-01,p_nf_aftertax_gross,5.870943094795701
1971-03-01,p_nf_aftertax_gross,7.100370387610302
1971-06-01,p_nf_aftertax_gross,7.039689381767833
1971-09-01,p_nf_aftertax_gross,7.343651320388443
1971-12-01,p_nf_aftertax_gross,7.719177446916212
1972-03-01,p_nf_aftertax_gross,7.796680316168996
1972-06-01,p_nf_aftertax_gross,7.808686224792057
1972-09-01,p_nf_aftertax_gross,8.061789785061391
1972-12-01,p_nf_aftertax_gross,8.107941920427072
1973-03-01,p_nf_aftertax_gross,7.9874576225762794
1973-06-01,p_nf_aftertax_gross,7.272859053680971
1973-09-01,p_nf_aftertax_gross,7.290818400624625
1973-12-01,p_nf_aftertax_gross,7.047969644621802
1974-03-01,p_nf_aftertax_gross,6.205431008908523
1974-06-01,p_nf_aftertax_gross,5.788431143506271
1974-09-01,p_nf_aftertax_gross,4.626227350042791
1974-12-01,p_nf_aftertax_gross,4.903041518676993
1975-03-01,p_nf_aftertax_gross,5.830891139733346
1975-06-01,p_nf_aftertax_gross,6.699689640276782
1975-09-01,p_nf_aftertax_gross,7.46030899154732
1975-12-01,p_nf_aftertax_gross,7.667487098054783
1976-03-01,p_nf_aftertax_gross,8.167554418657362
1976-06-01,p_nf_aftertax_gross,7.861646197993395
1976-09-01,p_nf_aftertax_gross,7.825958710708317
1976-12-01,p_nf_aftertax_gross,7.522974974184884
1977-03-01,p_nf_aftertax_gross,7.454913301742838
1977-06-01,p_nf_aftertax_gross,8.323564202375817
1977-09-01,p_nf_aftertax_gross,8.91772762206129
1977-12-01,p_nf_aftertax_gross,8.209771826141495
1978-03-01,p_nf_aftertax_gross,7.70155093143989
1978-06-01,p_nf_aftertax_gross,8.53853028645392
1978-09-01,p_nf_aftertax_gross,8.515336811294532
1978-12-01,p_nf_aftertax_gross,8.39290711020485
1979-03-01,p_nf_aftertax_gross,7.793072318321363
1979-06-01,p_nf_aftertax_gross,7.400568271000948
1979-09-01,p_nf_aftertax_gross,6.828586169620336
1979-12-01,p_nf_aftertax_gross,6.545516204575253
1980-03-01,p_nf_aftertax_gross,5.57070215086009
1980-06-01,p_nf_aftertax_gross,5.243646004754068
1980-09-01,p_nf_aftertax_gross,5.341897813179994
1980-12-01,p_nf_aftertax_gross,6.028344633602952
1981-03-01,p_nf_aftertax_gross,6.437949824793641
1981-06-01,p_nf_aftertax_gross,6.796917389501223
1981-09-01,p_nf_aftertax_gross,7.4236850303683015
1981-12-01,p_nf_aftertax_gross,7.014857368068934
1982-03-01,p_nf_aftertax_gross,6.608466195502644
1982-06-01,p_nf_aftertax_gross,6.958803169501044
1982-09-01,p_nf_aftertax_gross,6.832234339742554
1982-12-01,p_nf_aftertax_gross,6.450109888695807
1983-03-01,p_nf_aftertax_gross,6.990974283670796
1983-06-01,p_nf_aftertax_gross,7.355627514794715
1983-09-01,p_nf_aftertax_gross,7.610657185135733
1983-12-01,p_nf_aftertax_gross,7.970315673734065
1984-03-01,p_nf_aftertax_gross,8.628584778387124
1984-06-01,p_nf_aftertax_gross,8.532662720876116
1984-09-01,p_nf_aftertax_gross,8.679135138989153
1984-12-01,p_nf_aftertax_gross,8.829513676201252
1985-03-01,p_nf_aftertax_gross,8.619272039694664
1985-06-01,p_nf_aftertax_gross,8.49649613650367
1985-09-01,p_nf_aftertax_gross,8.852560289491269
1985-12-01,p_nf_aftertax_gross,7.808694573130377
1986-03-01,p_nf_aftertax_gross,7.007674104055022
1986-06-01,p_nf_aftertax_gross,6.5046469363694435
1986-09-01,p_nf_aftertax_gross,5.98758978650528
1986-12-01,p_nf_aftertax_gross,5.5107985064641305
1987-03-01,p_nf_aftertax_gross,5.811067640805404
1987-06-01,p_nf_aftertax_gross,6.0939185979616
1987-09-01,p_nf_aftertax_gross,6.584781857432017
1987-12-01,p_nf_aftertax_gross,6.483169174708442
1988-03-01,p_nf_aftertax_gross,6.728963239517519
1988-06-01,p_nf_aftertax_gross,6.493624657133864
1988-09-01,p_nf_aftertax_gross,6.414220141815948
1988-12-01,p_nf_aftertax_gross,6.8060964599027045
1989-03-01,p_nf_aftertax_gross,5.8243584460144255
1989-06-01,p_nf_aftertax_gross,5.868862851222169
1989-09-01,p_nf_aftertax_gross,5.944501685206853
1989-12-01,p_nf_aftertax_gross,5.258694888402157
1990-03-01,p_nf_aftertax_gross,5.485131548701231
1990-06-01,p_nf_aftertax_gross,5.663286380413631
1990-09-01,p_nf_aftertax_gross,4.821558681123229
1990-12-01,p_nf_aftertax_gross,4.796352684799576
1991-03-01,p_nf_aftertax_gross,5.42929656991489
1991-06-01,p_nf_aftertax_gross,5.6806701700277475
1991-09-01,p_nf_aftertax_gross,5.66041165845942
1991-12-01,p_nf_aftertax_gross,5.444423409754503
1992-03-01,p_nf_aftertax_gross,5.606162303832263
1992-06-01,p_nf_aftertax_gross,5.638780338059572
1992-09-01,p_nf_aftertax_gross,5.512797872853353
1992-12-01,p_nf_aftertax_gross,6.052989683965797
1993-03-01,p_nf_aftertax_gross,5.974728242660148
1993-06-01,p_nf_aftertax_gross,6.410750549249724
1993-09-01,p_nf_aftertax_gross,6.80301210065022
1993-12-01,p_nf_aftertax_gross,7.211774231238872
1994-03-01,p_nf_aftertax_gross,7.593801011886488
1994-06-01,p_nf_aftertax_gross,7.858586535288878
1994-09-01,p_nf_aftertax_gross,7.890966779444005
1994-12-01,p_nf_aftertax_gross,8.168179113321255
1995-03-01,p_nf_aftertax_gross,7.952360629649479
1995-06-01,p_nf_aftertax_gross,8.153782214048974
1995-09-01,p_nf_aftertax_gross,8.729662000920438
1995-12-01,p_nf_aftertax_gross,8.837905608970827
1996-03-01,p_nf_aftertax_gross,9.1380061208784
1996-06-01,p_nf_aftertax_gross,9.062910397358449
1996-09-01,p_nf_aftertax_gross,9.094472701419742
1996-12-01,p_nf_aftertax_gross,9.253483949706242
1997-03-01,p_nf_aftertax_gross,9.458952366109322
1997-06-01,p_nf_aftertax_gross,9.382065965395203
1997-09-01,p_nf_aftertax_gross,9.63845211507229
1997-12-01,p_nf_aftertax_gross,9.314219075518977
1998-03-01,p_nf_aftertax_gross,8.25747276474341
1998-06-01,p_nf_aftertax_gross,8.322801975945284
1998-09-01,p_nf_aftertax_gross,8.499411739392025
1998-12-01,p_nf_aftertax_gross,8.013148384693332
1999-03-01,p_nf_aftertax_gross,8.023593456782617
1999-06-01,p_nf_aftertax_gross,7.886237547164372
1999-09-01,p_nf_aftertax_gross,7.192199455093087
1999-12-01,p_nf_aftertax_gross,6.667114880738758
2000-03-01,p_nf_aftertax_gross,6.194601997717125
2000-06-01,p_nf_aftertax_gross,6.067715517854025
2000-09-01,p_nf_aftertax_gross,5.892574036299882
2000-12-01,p_nf_aftertax_gross,5.0391265900523905
2001-03-01,p_nf_aftertax_gross,5.228012123621981
2001-06-01,p_nf_aftertax_gross,5.37156434215386
2001-09-01,p_nf_aftertax_gross,5.343446126489442
2001-12-01,p_nf_aftertax_gross,4.480790903006281
2002-03-01,p_nf_aftertax_gross,6.251771839262951
2002-06-01,p_nf_aftertax_gross,6.7349064476128175
2002-09-01,p_nf_aftertax_gross,7.048734043608094
2002-12-01,p_nf_aftertax_gross,7.908259409621491
2003-03-01,p_nf_aftertax_gross,7.645158030939888
2003-06-01,p_nf_aftertax_gross,8.066548572348147
2003-09-01,p_nf_aftertax_gross,8.38401357771983
2003-12-01,p_nf_aftertax_gross,8.517458217246448
2004-03-01,p_nf_aftertax_gross,9.22507296074345
2004-06-01,p_nf_aftertax_gross,9.589676793870867
2004-09-01,p_nf_aftertax_gross,9.793659642209057
2004-12-01,p_nf_aftertax_gross,9.499005611846114
2005-03-01,p_nf_aftertax_gross,9.165608290753616
2005-06-01,p_nf_aftertax_gross,10.001968990917398
2005-09-01,p_nf_aftertax_gross,9.272336753185062
2005-12-01,p_nf_aftertax_gross,10.49694551904495
2006-03-01,p_nf_aftertax_gross,10.616347275070911
2006-06-01,p_nf_aftertax_gross,10.3647418118708
2006-09-01,p_nf_aftertax_gross,11.213776606875049
2006-12-01,p_nf_aftertax_gross,10.532449086235134
2007-03-01,p_nf_aftertax_gross,9.63338582703342
2007-06-01,p_nf_aftertax_gross,9.81709745807494
2007-09-01,p_nf_aftertax_gross,8.78662014853824
2007-12-01,p_nf_aftertax_gross,8.86709362834396
2008-03-01,p_nf_aftertax_gross,8.040080362550109
2008-06-01,p_nf_aftertax_gross,8.079719036314058
2008-09-01,p_nf_aftertax_gross,9.677712343577873
2008-12-01,p_nf_aftertax_gross,9.015088469850287
2009-03-01,p_nf_aftertax_gross,8.320715109425972
2009-06-01,p_nf_aftertax_gross,7.304108652498073
2009-09-01,p_nf_aftertax_gross,7.900511568781762
2009-12-01,p_nf_aftertax_gross,9.040496054037995
2010-03-01,p_nf_aftertax_gross,10.185013229690798
2010-06-01,p_nf_aftertax_gross,10.312923495605325
2010-09-01,p_nf_aftertax_gross,11.474283221357506
2010-12-01,p_nf_aftertax_gross,10.776626707518917
2011-03-01,p_nf_aftertax_gross,9.699503368176662
2011-06-01,p_nf_aftertax_gross,11.256124831625531
2011-09-01,p_nf_aftertax_gross,11.73979736889716
2011-12-01,p_nf_aftertax_gross,11.797008478334929
2012-03-01,p_nf_aftertax_gross,11.683565761939555
2012-06-01,p_nf_aftertax_gross,11.822932930014636
2012-09-01,p_nf_aftertax_gross,11.229573034486771
2012-12-01,p_nf_aftertax_gross,11.456471557400432
2013-03-01,p_nf_aftertax_gross,12.015887695830013
2013-06-01,p_nf_aftertax_gross,11.842497812489468
2013-09-01,p_nf_aftertax_gross,11.593543673930723
2013-12-01,p_nf_aftertax_gross,11.36290668845422
2014-03-01,p_nf_aftertax_gross,10.36640082409213
2014-06-01,p_nf_aftertax_gross,11.38432051116264
2014-09-01,p_nf_aftertax_gross,12.351064319312172
2014-12-01,p_nf_aftertax_gross,12.277030270948998
2015-03-01,p_nf_aftertax_gross,11.525156836424404
2015-06-01,p_nf_aftertax_gross,11.131758238943393
2015-09-01,p_nf_aftertax_gross,11.554135372586122
2015-12-01,p_nf_aftertax_gross,10.502099095183855
2016-03-01,p_nf_aftertax_gross,11.423673300308362
2016-06-01,p_nf_aftertax_gross,10.441631433876605
2016-09-01,p_nf_aftertax_gross,10.503145440540694
2016-12-01,p_nf_aftertax_gross,10.115955749752846
2017-03-01,p_nf_aftertax_gross,11.055552792725383
2017-06-01,p_nf_aftertax_gross,10.848386011703438
2017-09-01,p_nf_aftertax_gross,10.38283784894966
2017-12-01,p_nf_aftertax_gross,10.696956872008581
2018-03-01,p_nf_aftertax_gross,10.985386092593146
2018-06-01,p_nf_aftertax_gross,11.36184881340629
2018-09-01,p_nf_aftertax_gross,11.452737376778458
2018-12-01,p_nf_aftertax_gross,11.314080104970966
2019-03-01,p_nf_aftertax_gross,10.794423938475452
2019-06-01,p_nf_aftertax_gross,10.832013308350037
2019-09-01,p_nf_aftertax_gross,11.399892092734014
2019-12-01,p_nf_aftertax_gross,11.50807764480845
2020-03-01,p_nf_aftertax_gross,10.367941904348152
2020-06-01,p_nf_aftertax_gross,10.883830045524155
2020-09-01,p_nf_aftertax_gross,15.111701254757852
2020-12-01,p_nf_aftertax_gross,12.51400762101284
2021-03-01,p_nf_aftertax_gross,14.175457410755541
2021-06-01,p_nf_aftertax_gross,15.504513155948494
2021-09-01,p_nf_aftertax_gross,14.707505176726325
2021-12-01,p_nf_aftertax_gross,14.038654044723298
2022-03-01,p_nf_aftertax_gross,12.868203619783088
2022-06-01,p_nf_aftertax_gross,13.781146524043738
2022-09-01,p_nf_aftertax_gross,14.056859113406512
2022-12-01,p_nf_aftertax_gross,13.938840233370003
2023-03-01,p_nf_aftertax_gross,14.205378911568785
2023-06-01,p_nf_aftertax_gross,14.36633697071422
2023-09-01,p_nf_aftertax_gross,14.73922201959622
2023-12-01,p_nf_aftertax_gross,15.244259441944772
2024-03-01,p_nf_aftertax_gross,13.9253111568638
2024-06-01,p_nf_aftertax_gross,14.29218062111151
2024-09-01,p_nf_aftertax_gross,14.296926447431172
2024-12-01,p_nf_aftertax_gross,14.233056035533695
2025-03-01,p_nf_aftertax_gross,14.127406139850315
2025-06-01,p_nf_aftertax_gross,14.038132809408662
2025-09-01,p_nf_aftertax_gross,14.093303586590096
2025-12-01,p_nf_aftertax_gross,14.063427313847107
2026-03-01,p_nf_aftertax_gross,14.351622266224739
2026-06-01,p_nf_aftertax_gross,15.220749770277104
1947-03-01,p_nf_nos_net,18.871087056267733
1947-06-01,p_nf_nos_net,20.827194653059756
1947-09-01,p_nf_nos_net,20.450854569555027
1947-12-01,p_nf_nos_net,20.592019509733845
1948-03-01,p_nf_nos_net,22.312758120325928
1948-06-01,p_nf_nos_net,23.02419449280567
1948-09-01,p_nf_nos_net,22.084306255376674
1948-12-01,p_nf_nos_net,22.78771622758166
1949-03-01,p_nf_nos_net,22.07848916543857
1949-06-01,p_nf_nos_net,20.966948612712567
1949-09-01,p_nf_nos_net,21.893434136710567
1949-12-01,p_nf_nos_net,20.045897113969517
1950-03-01,p_nf_nos_net,21.5063050613232
1950-06-01,p_nf_nos_net,22.86098602257442
1950-09-01,p_nf_nos_net,23.976000377946804
1950-12-01,p_nf_nos_net,24.96629300050079
1951-03-01,p_nf_nos_net,23.581903276131044
1951-06-01,p_nf_nos_net,23.05529868688737
1951-09-01,p_nf_nos_net,23.065156604685598
1951-12-01,p_nf_nos_net,23.144525371696865
1952-03-01,p_nf_nos_net,21.75055854908661
1952-06-01,p_nf_nos_net,20.67097676044033
1952-09-01,p_nf_nos_net,20.215062716713156
1952-12-01,p_nf_nos_net,21.276737819128808
1953-03-01,p_nf_nos_net,21.369009089376146
1953-06-01,p_nf_nos_net,20.706289447160344
1953-09-01,p_nf_nos_net,20.185217315867096
1953-12-01,p_nf_nos_net,17.097831352768516
1954-03-01,p_nf_nos_net,18.465572275421795
1954-06-01,p_nf_nos_net,19.141555731207315
1954-09-01,p_nf_nos_net,20.081024054016037
1954-12-01,p_nf_nos_net,21.091263397206884
1955-03-01,p_nf_nos_net,22.735303358864343
1955-06-01,p_nf_nos_net,22.64270370758013
1955-09-01,p_nf_nos_net,22.17565864666061
1955-12-01,p_nf_nos_net,22.202623483937224
1956-03-01,p_nf_nos_net,21.015247656028034
1956-06-01,p_nf_nos_net,20.70237967502811
1956-09-01,p_nf_nos_net,20.269369002186075
1956-12-01,p_nf_nos_net,20.126814286421954
1957-03-01,p_nf_nos_net,20.409003386229333
1957-06-01,p_nf_nos_net,19.832855736046913
1957-09-01,p_nf_nos_net,19.404308128711993
1957-12-01,p_nf_nos_net,18.30964118110272
1958-03-01,p_nf_nos_net,16.506746127926927
1958-06-01,p_nf_nos_net,17.183735586395752
1958-09-01,p_nf_nos_net,18.488454747655407
1958-12-01,p_nf_nos_net,20.042284406314703
1959-03-01,p_nf_nos_net,20.684731298402404
1959-06-01,p_nf_nos_net,21.586408631834907
1959-09-01,p_nf_nos_net,19.6554302830686
1959-12-01,p_nf_nos_net,19.350530397485404
1960-03-01,p_nf_nos_net,20.09156691951035
1960-06-01,p_nf_nos_net,18.735912847483096
1960-09-01,p_nf_nos_net,18.523256589661383
1960-12-01,p_nf_nos_net,17.80488677422817
1961-03-01,p_nf_nos_net,17.393251955780954
1961-06-01,p_nf_nos_net,18.747626024200986
1961-09-01,p_nf_nos_net,19.32088951993263
1961-12-01,p_nf_nos_net,20.346705027587085
1962-03-01,p_nf_nos_net,20.279575348486528
1962-06-01,p_nf_nos_net,19.79825226895951
1962-09-01,p_nf_nos_net,20.06443405879262
1962-12-01,p_nf_nos_net,20.49455425849165
1963-03-01,p_nf_nos_net,20.548451847393743
1963-06-01,p_nf_nos_net,21.196637330881387
1963-09-01,p_nf_nos_net,21.324674485477043
1963-12-01,p_nf_nos_net,21.36670609332672
1964-03-01,p_nf_nos_net,21.95539616998967
1964-06-01,p_nf_nos_net,21.70593414762704
1964-09-01,p_nf_nos_net,21.66610962566845
1964-12-01,p_nf_nos_net,21.30861607721589
1965-03-01,p_nf_nos_net,22.703311760742416
1965-06-01,p_nf_nos_net,22.835039236703118
1965-09-01,p_nf_nos_net,22.784079146645748
1965-12-01,p_nf_nos_net,23.17900355496482
1966-03-01,p_nf_nos_net,23.471107400255093
1966-06-01,p_nf_nos_net,22.886929434521566
1966-09-01,p_nf_nos_net,22.211652794292508
1966-12-01,p_nf_nos_net,22.17559157725518
1967-03-01,p_nf_nos_net,21.568913458873638
1967-06-01,p_nf_nos_net,21.254405941312136
1967-09-01,p_nf_nos_net,21.036956526898077
1967-12-01,p_nf_nos_net,21.306942961103328
1968-03-01,p_nf_nos_net,20.838717071186686
1968-06-01,p_nf_nos_net,21.05506588707566
1968-09-01,p_nf_nos_net,20.769529765032015
1968-12-01,p_nf_nos_net,20.696497089418322
1969-03-01,p_nf_nos_net,20.09309984999674
1969-06-01,p_nf_nos_net,19.370633438508584
1969-09-01,p_nf_nos_net,18.673218673218674
1969-12-01,p_nf_nos_net,17.65739241375926
1970-03-01,p_nf_nos_net,16.412490779056327
1970-06-01,p_nf_nos_net,17.040487782115694
1970-09-01,p_nf_nos_net,16.738897414344873
1970-12-01,p_nf_nos_net,15.919547043948633
1971-03-01,p_nf_nos_net,17.595558838705365
1971-06-01,p_nf_nos_net,17.524919669853126
1971-09-01,p_nf_nos_net,17.56653623690689
1971-12-01,p_nf_nos_net,17.89659278095245
1972-03-01,p_nf_nos_net,17.94703480406513
1972-06-01,p_nf_nos_net,17.86087430160682
1972-09-01,p_nf_nos_net,18.26549996935968
1972-12-01,p_nf_nos_net,18.75442288280974
1973-03-01,p_nf_nos_net,18.850440912907047
1973-06-01,p_nf_nos_net,18.100641378046546
1973-09-01,p_nf_nos_net,17.845626111496884
1973-12-01,p_nf_nos_net,17.9064566112081
1974-03-01,p_nf_nos_net,16.98967377115655
1974-06-01,p_nf_nos_net,16.795018620327575
1974-09-01,p_nf_nos_net,16.119634386518303
1974-12-01,p_nf_nos_net,15.809445076502675
1975-03-01,p_nf_nos_net,16.021894016328556
1975-06-01,p_nf_nos_net,17.310224152310983
1975-09-01,p_nf_nos_net,18.990776110137624
1975-12-01,p_nf_nos_net,18.998739593233456
1976-03-01,p_nf_nos_net,19.717718452989114
1976-06-01,p_nf_nos_net,19.03478415942608
1976-09-01,p_nf_nos_net,18.764077121339948
1976-12-01,p_nf_nos_net,18.259781172687727
1977-03-01,p_nf_nos_net,18.445308313236872
1977-06-01,p_nf_nos_net,19.56438525488945
1977-09-01,p_nf_nos_net,20.182287036244997
1977-12-01,p_nf_nos_net,19.339064795830794
1978-03-01,p_nf_nos_net,18.06018028599764
1978-06-01,p_nf_nos_net,19.629168292854654
1978-09-01,p_nf_nos_net,19.51061596242367
1978-12-01,p_nf_nos_net,19.520607898318072
1979-03-01,p_nf_nos_net,18.530747340365533
1979-06-01,p_nf_nos_net,18.095818936603763
1979-09-01,p_nf_nos_net,17.423783737688144
1979-12-01,p_nf_nos_net,16.971158375193347
1980-03-01,p_nf_nos_net,16.674935414376
1980-06-01,p_nf_nos_net,15.254049563893119
1980-09-01,p_nf_nos_net,15.937306190348433
1980-12-01,p_nf_nos_net,17.042734889333293
1981-03-01,p_nf_nos_net,17.34733744727397
1981-06-01,p_nf_nos_net,17.301685919369525
1981-09-01,p_nf_nos_net,18.137820931189943
1981-12-01,p_nf_nos_net,17.320688316405125
1982-03-01,p_nf_nos_net,16.53077252109808
1982-06-01,p_nf_nos_net,16.98486568765674
1982-09-01,p_nf_nos_net,16.742959689751352
1982-12-01,p_nf_nos_net,15.901976489405035
1983-03-01,p_nf_nos_net,16.431943835337425
1983-06-01,p_nf_nos_net,17.41982106760279
1983-09-01,p_nf_nos_net,18.048612446324423
1983-12-01,p_nf_nos_net,18.436529694490307
1984-03-01,p_nf_nos_net,19.545102620463254
1984-06-01,p_nf_nos_net,19.34749667723401
1984-09-01,p_nf_nos_net,18.947933057880288
1984-12-01,p_nf_nos_net,18.978896043771464
1985-03-01,p_nf_nos_net,18.716363582411386
1985-06-01,p_nf_nos_net,18.505599296119144
1985-09-01,p_nf_nos_net,19.006769878023952
1985-12-01,p_nf_nos_net,17.885661258439548
1986-03-01,p_nf_nos_net,17.68551655844828
1986-06-01,p_nf_nos_net,17.006254085929175
1986-09-01,p_nf_nos_net,16.62085469958178
1986-12-01,p_nf_nos_net,16.572034212169957
1987-03-01,p_nf_nos_net,16.857183685428076
1987-06-01,p_nf_nos_net,17.530405592050744
1987-09-01,p_nf_nos_net,18.062065161530228
1987-12-01,p_nf_nos_net,17.71288438389603
1988-03-01,p_nf_nos_net,18.07067018596143
1988-06-01,p_nf_nos_net,17.952655961919884
1988-09-01,p_nf_nos_net,17.972873294122337
1988-12-01,p_nf_nos_net,18.57965992626213
1989-03-01,p_nf_nos_net,17.743767520161366
1989-06-01,p_nf_nos_net,17.477856140020858
1989-09-01,p_nf_nos_net,17.360964478335887
1989-12-01,p_nf_nos_net,16.683961228770222
1990-03-01,p_nf_nos_net,16.872205893613387
1990-06-01,p_nf_nos_net,17.109064654056436
1990-09-01,p_nf_nos_net,16.2765887279688
1990-12-01,p_nf_nos_net,16.03035507691042
1991-03-01,p_nf_nos_net,16.54893649853943
1991-06-01,p_nf_nos_net,16.292045649562382
1991-09-01,p_nf_nos_net,15.942393939340201
1991-12-01,p_nf_nos_net,15.459239566641415
1992-03-01,p_nf_nos_net,15.406580792470539
1992-06-01,p_nf_nos_net,15.31101704820014
1992-09-01,p_nf_nos_net,14.933997240215115
1992-12-01,p_nf_nos_net,15.440407062797645
1993-03-01,p_nf_nos_net,15.168800763604555
1993-06-01,p_nf_nos_net,15.780674277740468
1993-09-01,p_nf_nos_net,15.780962117703638
1993-12-01,p_nf_nos_net,16.71313622195758
1994-03-01,p_nf_nos_net,16.934642127093568
1994-06-01,p_nf_nos_net,17.30602162562437
1994-09-01,p_nf_nos_net,17.67677548619689
1994-12-01,p_nf_nos_net,18.199394918586055
1995-03-01,p_nf_nos_net,17.720139026938934
1995-06-01,p_nf_nos_net,17.776830731844743
1995-09-01,p_nf_nos_net,18.463721426646465
1995-12-01,p_nf_nos_net,18.439028949690496
1996-03-01,p_nf_nos_net,18.776423393565906
1996-06-01,p_nf_nos_net,18.75938263885094
1996-09-01,p_nf_nos_net,18.706572620450274
1996-12-01,p_nf_nos_net,18.87799898226471
1997-03-01,p_nf_nos_net,18.97936209939198
1997-06-01,p_nf_nos_net,18.900253388660598
1997-09-01,p_nf_nos_net,19.373790834013967
1997-12-01,p_nf_nos_net,18.794964028776977
1998-03-01,p_nf_nos_net,17.74171978243216
1998-06-01,p_nf_nos_net,17.560400174782863
1998-09-01,p_nf_nos_net,17.735014676573112
1998-12-01,p_nf_nos_net,17.176298575344276
1999-03-01,p_nf_nos_net,17.31564416116932
1999-06-01,p_nf_nos_net,17.24057275899708
1999-09-01,p_nf_nos_net,16.569821225371093
1999-12-01,p_nf_nos_net,16.133914967079974
2000-03-01,p_nf_nos_net,15.634557918418489
2000-06-01,p_nf_nos_net,15.63537304237756
2000-09-01,p_nf_nos_net,15.122090743221012
2000-12-01,p_nf_nos_net,14.469256761680308
2001-03-01,p_nf_nos_net,14.350058766290044
2001-06-01,p_nf_nos_net,14.648975532733143
2001-09-01,p_nf_nos_net,14.493993558072834
2001-12-01,p_nf_nos_net,13.21247023841052
2002-03-01,p_nf_nos_net,14.778309913272588
2002-06-01,p_nf_nos_net,15.111679299081061
2002-09-01,p_nf_nos_net,15.390539795097672
2002-12-01,p_nf_nos_net,16.402123207882052
2003-03-01,p_nf_nos_net,16.41525624821226
2003-06-01,p_nf_nos_net,16.718112293932254
2003-09-01,p_nf_nos_net,17.09481511117851
2003-12-01,p_nf_nos_net,17.297852756718395
2004-03-01,p_nf_nos_net,18.26864519014858
2004-06-01,p_nf_nos_net,18.68441936673443
2004-09-01,p_nf_nos_net,19.02907838212077
2004-12-01,p_nf_nos_net,18.868310241794724
2005-03-01,p_nf_nos_net,19.81922023584353
2005-06-01,p_nf_nos_net,20.62494717170634
2005-09-01,p_nf_nos_net,19.87290060132669
2005-12-01,p_nf_nos_net,21.412497456789396
2006-03-01,p_nf_nos_net,21.301308356049187
2006-06-01,p_nf_nos_net,21.127517376015057
2006-09-01,p_nf_nos_net,22.248771429686297
2006-12-01,p_nf_nos_net,21.301176739470872
2007-03-01,p_nf_nos_net,20.709750630994446
2007-06-01,p_nf_nos_net,21.123164313041162
2007-09-01,p_nf_nos_net,19.990285951624948
2007-12-01,p_nf_nos_net,20.087928091539098
2008-03-01,p_nf_nos_net,19.242726804428337
2008-06-01,p_nf_nos_net,19.239265928480318
2008-09-01,p_nf_nos_net,20.761818510222565
2008-12-01,p_nf_nos_net,19.020696188793714
2009-03-01,p_nf_nos_net,18.594209506459983
2009-06-01,p_nf_nos_net,17.86491309385054
2009-09-01,p_nf_nos_net,18.469453906422174
2009-12-01,p_nf_nos_net,20.065248002071495
2010-03-01,p_nf_nos_net,21.45911766024604
2010-06-01,p_nf_nos_net,21.56510729384099
2010-09-01,p_nf_nos_net,22.882011361896005
2010-12-01,p_nf_nos_net,22.241933615939526
2011-03-01,p_nf_nos_net,20.81352872805537
2011-06-01,p_nf_nos_net,22.41590869101719
2011-09-01,p_nf_nos_net,22.59787589489343
2011-12-01,p_nf_nos_net,23.15249127010549
2012-03-01,p_nf_nos_net,23.00952700371945
2012-06-01,p_nf_nos_net,23.188182065958028
2012-09-01,p_nf_nos_net,22.618847664422688
2012-12-01,p_nf_nos_net,22.674997236221472
2013-03-01,p_nf_nos_net,23.333731805364806
2013-06-01,p_nf_nos_net,23.01788061978735
2013-09-01,p_nf_nos_net,22.690781815957337
2013-12-01,p_nf_nos_net,22.59716136539135
2014-03-01,p_nf_nos_net,21.51435847338539
2014-06-01,p_nf_nos_net,22.694601851700973
2014-09-01,p_nf_nos_net,23.60399347075124
2014-12-01,p_nf_nos_net,23.3995855206581
2015-03-01,p_nf_nos_net,22.61337780279918
2015-06-01,p_nf_nos_net,22.145388087747342
2015-09-01,p_nf_nos_net,22.419877931606898
2015-12-01,p_nf_nos_net,21.84560205767833
2016-03-01,p_nf_nos_net,22.000581944137167
2016-06-01,p_nf_nos_net,20.945410783575785
2016-09-01,p_nf_nos_net,20.91838675798804
2016-12-01,p_nf_nos_net,20.73072251452474
2017-03-01,p_nf_nos_net,20.903181788891114
2017-06-01,p_nf_nos_net,20.878303814295204
2017-09-01,p_nf_nos_net,20.345306690045042
2017-12-01,p_nf_nos_net,20.59708305028433
2018-03-01,p_nf_nos_net,20.624400245842306
2018-06-01,p_nf_nos_net,21.117057060589712
2018-09-01,p_nf_nos_net,21.109617962815477
2018-12-01,p_nf_nos_net,20.978922304741147
2019-03-01,p_nf_nos_net,20.07688089690604
2019-06-01,p_nf_nos_net,20.06642260763817
2019-09-01,p_nf_nos_net,20.743484025357752
2019-12-01,p_nf_nos_net,20.62606653748679
2020-03-01,p_nf_nos_net,18.923989533080743
2020-06-01,p_nf_nos_net,20.89168606339588
2020-09-01,p_nf_nos_net,25.506116174134746
2020-12-01,p_nf_nos_net,21.891471218530818
2021-03-01,p_nf_nos_net,24.185751999837102
2021-06-01,p_nf_nos_net,26.10358554393814
2021-09-01,p_nf_nos_net,25.00727105754824
2021-12-01,p_nf_nos_net,24.37900644362068
2022-03-01,p_nf_nos_net,23.37640103920719
2022-06-01,p_nf_nos_net,24.309034250213863
2022-09-01,p_nf_nos_net,24.17163558735787
2022-12-01,p_nf_nos_net,23.8554258197952
2023-03-01,p_nf_nos_net,23.813418803679742
2023-06-01,p_nf_nos_net,23.665009582469242
2023-09-01,p_nf_nos_net,23.941765091062212
2023-12-01,p_nf_nos_net,24.416806916685864
2024-03-01,p_nf_nos_net,23.41909936372262
2024-06-01,p_nf_nos_net,23.603203311998932
2024-09-01,p_nf_nos_net,23.540064255495118
2024-12-01,p_nf_nos_net,23.521718038688828
2025-03-01,p_nf_nos_net,23.11529141074164
2025-06-01,p_nf_nos_net,22.831160845964988
2025-09-01,p_nf_nos_net,22.919115534065025
2025-12-01,p_nf_nos_net,23.12695164359809
2026-03-01,p_nf_nos_net,23.824804122482274
2026-06-01,p_nf_nos_net,25.308140402947494
1947-03-01,p_nf_pretax_gross,16.303284718916345
1947-06-01,p_nf_pretax_gross,18.124813377127502
1947-09-01,p_nf_pretax_gross,17.750010109587933
1947-12-01,p_nf_pretax_gross,17.914794732765298
1948-03-01,p_nf_pretax_gross,19.537652982469037
1948-06-01,p_nf_pretax_gross,20.179033649698017
1948-09-01,p_nf_pretax_gross,19.27292772387084
1948-12-01,p_nf_pretax_gross,19.882124271114176
1949-03-01,p_nf_pretax_gross,19.09860362129924
1949-06-01,p_nf_pretax_gross,17.951528079143834
1949-09-01,p_nf_pretax_gross,18.788406390823432
1949-12-01,p_nf_pretax_gross,17.003245038110332
1950-03-01,p_nf_pretax_gross,18.519817356826934
1950-06-01,p_nf_pretax_gross,19.931326680187144
1950-09-01,p_nf_pretax_gross,21.09372091002743
1950-12-01,p_nf_pretax_gross,22.0415014273134
1951-03-01,p_nf_pretax_gross,20.70172418739421
1951-06-01,p_nf_pretax_gross,20.14746324736026
1951-09-01,p_nf_pretax_gross,20.10476078312611
1951-12-01,p_nf_pretax_gross,20.142674287731996
1952-03-01,p_nf_pretax_gross,18.824766086513772
1952-06-01,p_nf_pretax_gross,17.77073399299909
1952-09-01,p_nf_pretax_gross,17.356059822968408
1952-12-01,p_nf_pretax_gross,18.446512626301345
1953-03-01,p_nf_pretax_gross,18.526957477639534
1953-06-01,p_nf_pretax_gross,17.882550833621927
1953-09-01,p_nf_pretax_gross,17.339989568586542
1953-12-01,p_nf_pretax_gross,14.34386649913291
1954-03-01,p_nf_pretax_gross,15.522248729384918
1954-06-01,p_nf_pretax_gross,16.11712712893805
1954-09-01,p_nf_pretax_gross,16.965203385063788
1954-12-01,p_nf_pretax_gross,17.955267154493995
1955-03-01,p_nf_pretax_gross,19.55683599542431
1955-06-01,p_nf_pretax_gross,19.507812428739523
1955-09-01,p_nf_pretax_gross,19.072554162068457
1955-12-01,p_nf_pretax_gross,19.109443413003117
1956-03-01,p_nf_pretax_gross,17.958020212490283
1956-06-01,p_nf_pretax_gross,17.654155780709022
1956-09-01,p_nf_pretax_gross,17.212804282684086
1956-12-01,p_nf_pretax_gross,17.06780146487172
1957-03-01,p_nf_pretax_gross,17.269271570014144
1957-06-01,p_nf_pretax_gross,16.642097102665964
1957-09-01,p_nf_pretax_gross,16.165585195866377
1957-12-01,p_nf_pretax_gross,14.992547336696587
1958-03-01,p_nf_pretax_gross,13.12049354809927
1958-06-01,p_nf_pretax_gross,13.625800190683737
1958-09-01,p_nf_pretax_gross,14.865763001132317
1958-12-01,p_nf_pretax_gross,16.373007405547884
1959-03-01,p_nf_pretax_gross,17.06004485305519
1959-06-01,p_nf_pretax_gross,17.9672656601256
1959-09-01,p_nf_pretax_gross,16.12437530613222
1959-12-01,p_nf_pretax_gross,15.849865210479022
1960-03-01,p_nf_pretax_gross,16.61578411762642
1960-06-01,p_nf_pretax_gross,15.322178837081927
1960-09-01,p_nf_pretax_gross,15.072532513964898
1960-12-01,p_nf_pretax_gross,14.331105354305915
1961-03-01,p_nf_pretax_gross,13.841596686989531
1961-06-01,p_nf_pretax_gross,15.09636198589484
1961-09-01,p_nf_pretax_gross,15.621742063410945
1961-12-01,p_nf_pretax_gross,16.5829989920351
1962-03-01,p_nf_pretax_gross,16.467475506764952
1962-06-01,p_nf_pretax_gross,16.017139748756986
1962-09-01,p_nf_pretax_gross,16.257669672416114
1962-12-01,p_nf_pretax_gross,16.665793342806328
1963-03-01,p_nf_pretax_gross,16.702982577505264
1963-06-01,p_nf_pretax_gross,17.33479920271007
1963-09-01,p_nf_pretax_gross,17.465525481675655
1963-12-01,p_nf_pretax_gross,17.493910393313556
1964-03-01,p_nf_pretax_gross,18.02352291271494
1964-06-01,p_nf_pretax_gross,17.79029846613877
1964-09-01,p_nf_pretax_gross,17.697837823173543
1964-12-01,p_nf_pretax_gross,17.35635876840696
1965-03-01,p_nf_pretax_gross,18.68827864605486
1965-06-01,p_nf_pretax_gross,18.799570191517603
1965-09-01,p_nf_pretax_gross,18.71869513900598
1965-12-01,p_nf_pretax_gross,19.063510597913574
1966-03-01,p_nf_pretax_gross,19.24887779850093
1966-06-01,p_nf_pretax_gross,18.6486913259293
1966-09-01,p_nf_pretax_gross,17.956238938551895
1966-12-01,p_nf_pretax_gross,17.86754688140362
1967-03-01,p_nf_pretax_gross,17.195612504054527
1967-06-01,p_nf_pretax_gross,16.820358258385866
1967-09-01,p_nf_pretax_gross,16.583325991331424
1967-12-01,p_nf_pretax_gross,16.82674996022342
1968-03-01,p_nf_pretax_gross,16.387072083900765
1968-06-01,p_nf_pretax_gross,16.56036599591141
1968-09-01,p_nf_pretax_gross,16.234562647022408
1968-12-01,p_nf_pretax_gross,16.09444247306551
1969-03-01,p_nf_pretax_gross,15.427943094665725
1969-06-01,p_nf_pretax_gross,14.621652409249545
1969-09-01,p_nf_pretax_gross,13.818179870411601
1969-12-01,p_nf_pretax_gross,12.67038868882774
1970-03-01,p_nf_pretax_gross,11.242547956327435
1970-06-01,p_nf_pretax_gross,11.660199445267757
1970-09-01,p_nf_pretax_gross,11.285411633782275
1970-12-01,p_nf_pretax_gross,10.405994408460243
1971-03-01,p_nf_pretax_gross,12.056382702832103
1971-06-01,p_nf_pretax_gross,12.02943558394399
1971-09-01,p_nf_pretax_gross,12.091360949027687
1971-12-01,p_nf_pretax_gross,12.445352034295578
1972-03-01,p_nf_pretax_gross,12.620477878592435
1972-06-01,p_nf_pretax_gross,12.554059337899002
1972-09-01,p_nf_pretax_gross,12.9104991693054
1972-12-01,p_nf_pretax_gross,13.37646910854284
1973-03-01,p_nf_pretax_gross,13.435351816366731
1973-06-01,p_nf_pretax_gross,12.621057278591525
1973-09-01,p_nf_pretax_gross,12.312080168803599
1973-12-01,p_nf_pretax_gross,12.264105871673594
1974-03-01,p_nf_pretax_gross,11.205226201012124
1974-06-01,p_nf_pretax_gross,10.92960603006054
1974-09-01,p_nf_pretax_gross,10.216837296443497
1974-12-01,p_nf_pretax_gross,9.816435941990793
1975-03-01,p_nf_pretax_gross,9.800320622199393
1975-06-01,p_nf_pretax_gross,10.952860199072454
1975-09-01,p_nf_pretax_gross,12.656262419602639
1975-12-01,p_nf_pretax_gross,12.82805346036787
1976-03-01,p_nf_pretax_gross,13.772939214622813
1976-06-01,p_nf_pretax_gross,13.216582268506835
1976-09-01,p_nf_pretax_gross,12.996643059669932
1976-12-01,p_nf_pretax_gross,12.499784474913838
1977-03-01,p_nf_pretax_gross,12.616974022409103
1977-06-01,p_nf_pretax_gross,13.678900353100056
1977-09-01,p_nf_pretax_gross,14.24827845642799
1977-12-01,p_nf_pretax_gross,13.473833984710566
1978-03-01,p_nf_pretax_gross,12.328893399160089
1978-06-01,p_nf_pretax_gross,13.91042729247885
1978-09-01,p_nf_pretax_gross,13.769914955459878
1978-12-01,p_nf_pretax_gross,13.817414562619497
1979-03-01,p_nf_pretax_gross,12.867657528862967
1979-06-01,p_nf_pretax_gross,12.392088852861342
1979-09-01,p_nf_pretax_gross,11.678391260195893
1979-12-01,p_nf_pretax_gross,11.123972944754641
1980-03-01,p_nf_pretax_gross,10.582602736056584
1980-06-01,p_nf_pretax_gross,9.02548128412089
1980-09-01,p_nf_pretax_gross,9.496355088709427
1980-12-01,p_nf_pretax_gross,10.40840752118612
1981-03-01,p_nf_pretax_gross,10.605577624588934
1981-06-01,p_nf_pretax_gross,10.451194735052445
1981-09-01,p_nf_pretax_gross,11.14770990757283
1981-12-01,p_nf_pretax_gross,10.251872481288796
1982-03-01,p_nf_pretax_gross,9.329856535638179
1982-06-01,p_nf_pretax_gross,9.719343291111405
1982-09-01,p_nf_pretax_gross,9.522459377537734
1982-12-01,p_nf_pretax_gross,8.795974840609114
1983-03-01,p_nf_pretax_gross,9.389392779004977
1983-06-01,p_nf_pretax_gross,10.424009475163494
1983-09-01,p_nf_pretax_gross,11.060527713161834
1983-12-01,p_nf_pretax_gross,11.43146694422573
1984-03-01,p_nf_pretax_gross,12.424707765015278
1984-06-01,p_nf_pretax_gross,12.201243462456095
1984-09-01,p_nf_pretax_gross,11.822723100095363
1984-12-01,p_nf_pretax_gross,11.890726996568635
1985-03-01,p_nf_pretax_gross,11.703752888782834
1985-06-01,p_nf_pretax_gross,11.390943899834586
1985-09-01,p_nf_pretax_gross,11.930718513426822
1985-12-01,p_nf_pretax_gross,10.754094970218398
1986-03-01,p_nf_pretax_gross,10.012458360955867
1986-06-01,p_nf_pretax_gross,9.445490010242862
1986-09-01,p_nf_pretax_gross,9.003500929409062
1986-12-01,p_nf_pretax_gross,8.91298911069624
1987-03-01,p_nf_pretax_gross,9.165492863958486
1987-06-01,p_nf_pretax_gross,9.782131482056345
1987-09-01,p_nf_pretax_gross,10.30546542018045
1987-12-01,p_nf_pretax_gross,9.981428383455684
1988-03-01,p_nf_pretax_gross,10.24637421022401
1988-06-01,p_nf_pretax_gross,10.099761398893834
1988-09-01,p_nf_pretax_gross,10.027214375988072
1988-12-01,p_nf_pretax_gross,10.531385179295754
1989-03-01,p_nf_pretax_gross,9.605926043259338
1989-06-01,p_nf_pretax_gross,9.261025093290787
1989-09-01,p_nf_pretax_gross,9.056261097834255
1989-12-01,p_nf_pretax_gross,8.38756822625452
1990-03-01,p_nf_pretax_gross,8.52450372856617
1990-06-01,p_nf_pretax_gross,8.796959099241068
1990-09-01,p_nf_pretax_gross,8.029725702034177
1990-12-01,p_nf_pretax_gross,7.873217282966306
1991-03-01,p_nf_pretax_gross,8.420106133184234
1991-06-01,p_nf_pretax_gross,8.396292766333934
1991-09-01,p_nf_pretax_gross,8.292451161698668
1991-12-01,p_nf_pretax_gross,8.078432140136298
1992-03-01,p_nf_pretax_gross,8.280339474288857
1992-06-01,p_nf_pretax_gross,8.46559571117831
1992-09-01,p_nf_pretax_gross,8.306644907724158
1992-12-01,p_nf_pretax_gross,8.940823943104506
1993-03-01,p_nf_pretax_gross,8.81260033388787
1993-06-01,p_nf_pretax_gross,9.569242470909264
1993-09-01,p_nf_pretax_gross,9.647830187908255
1993-12-01,p_nf_pretax_gross,10.581306178064924
1994-03-01,p_nf_pretax_gross,10.76034843950117
1994-06-01,p_nf_pretax_gross,11.14691722624345
1994-09-01,p_nf_pretax_gross,11.475618114558982
1994-12-01,p_nf_pretax_gross,11.978658950957431
1995-03-01,p_nf_pretax_gross,11.516621196811071
1995-06-01,p_nf_pretax_gross,11.563723913803459
1995-09-01,p_nf_pretax_gross,12.229290247513761
1995-12-01,p_nf_pretax_gross,12.254499594430387
1996-03-01,p_nf_pretax_gross,12.61865018523711
1996-06-01,p_nf_pretax_gross,12.67811245356647
1996-09-01,p_nf_pretax_gross,12.653649710786532
1996-12-01,p_nf_pretax_gross,12.834331450628673
1997-03-01,p_nf_pretax_gross,12.890062276185551
1997-06-01,p_nf_pretax_gross,12.844015961181956
1997-09-01,p_nf_pretax_gross,13.290853816827466
1997-12-01,p_nf_pretax_gross,12.768755965812659
1998-03-01,p_nf_pretax_gross,11.645673501152661
1998-06-01,p_nf_pretax_gross,11.603001845288208
1998-09-01,p_nf_pretax_gross,11.78451636371313
1998-12-01,p_nf_pretax_gross,11.084902485224745
1999-03-01,p_nf_pretax_gross,11.27766998085629
1999-06-01,p_nf_pretax_gross,11.095459988484999
1999-09-01,p_nf_pretax_gross,10.374364648739034
1999-12-01,p_nf_pretax_gross,9.905278478243783
2000-03-01,p_nf_pretax_gross,9.429604699767488
2000-06-01,p_nf_pretax_gross,9.266585298031153
2000-09-01,p_nf_pretax_gross,8.659201948024965
2000-12-01,p_nf_pretax_gross,7.8286318390487875
2001-03-01,p_nf_pretax_gross,7.363730103662856
2001-06-01,p_nf_pretax_gross,7.442574238709696
2001-09-01,p_nf_pretax_gross,7.206583687083191
2001-12-01,p_nf_pretax_gross,6.1730707446972435
2002-03-01,p_nf_pretax_gross,7.780609466952052
2002-06-01,p_nf_pretax_gross,8.31241426046785
2002-09-01,p_nf_pretax_gross,8.699555071968994
2002-12-01,p_nf_pretax_gross,9.718234412969416
2003-03-01,p_nf_pretax_gross,9.755236972901269
2003-06-01,p_nf_pretax_gross,10.114142777686125
2003-09-01,p_nf_pretax_gross,10.611262149631443
2003-12-01,p_nf_pretax_gross,10.94810447308205
2004-03-01,p_nf_pretax_gross,11.936642361498576
2004-06-01,p_nf_pretax_gross,12.46057300349309
2004-09-01,p_nf_pretax_gross,12.824119700516968
2004-12-01,p_nf_pretax_gross,12.564196118413227
2005-03-01,p_nf_pretax_gross,13.222712486795029
2005-06-01,p_nf_pretax_gross,13.851506874715724
2005-09-01,p_nf_pretax_gross,13.160537573530204
2005-12-01,p_nf_pretax_gross,14.668322704338426
2006-03-01,p_nf_pretax_gross,14.80967168725795
2006-06-01,p_nf_pretax_gross,14.648223592187296
2006-09-01,p_nf_pretax_gross,15.592944352227395
2006-12-01,p_nf_pretax_gross,14.545200761733751
2007-03-01,p_nf_pretax_gross,13.741954009534748
2007-06-01,p_nf_pretax_gross,13.839668678725477
2007-09-01,p_nf_pretax_gross,12.481299789915152
2007-12-01,p_nf_pretax_gross,12.344920108668042
2008-03-01,p_nf_pretax_gross,11.349832253528406
2008-06-01,p_nf_pretax_gross,11.240327699671445
2008-09-01,p_nf_pretax_gross,12.618744576105561
2008-12-01,p_nf_pretax_gross,10.90906765775047
2009-03-01,p_nf_pretax_gross,10.291145808244396
2009-06-01,p_nf_pretax_gross,9.56192220680685
2009-09-01,p_nf_pretax_gross,10.28557194019855
2009-12-01,p_nf_pretax_gross,11.772205356217977
2010-03-01,p_nf_pretax_gross,12.88365646413194
2010-06-01,p_nf_pretax_gross,13.027347099072388
2010-09-01,p_nf_pretax_gross,14.297068770529203
2010-12-01,p_nf_pretax_gross,13.720867923060634
2011-03-01,p_nf_pretax_gross,12.539411773676292
2011-06-01,p_nf_pretax_gross,14.031913618719045
2011-09-01,p_nf_pretax_gross,14.2099842340596
2011-12-01,p_nf_pretax_gross,14.63849125490927
2012-03-01,p_nf_pretax_gross,14.616754280356652
2012-06-01,p_nf_pretax_gross,14.850597948579827
2012-09-01,p_nf_pretax_gross,14.336390543897938
2012-12-01,p_nf_pretax_gross,14.509590026023625
2013-03-01,p_nf_pretax_gross,15.185519197472711
2013-06-01,p_nf_pretax_gross,14.968431605861992
2013-09-01,p_nf_pretax_gross,14.705245586692657
2013-12-01,p_nf_pretax_gross,14.498705140261299
2014-03-01,p_nf_pretax_gross,13.637804642664353
2014-06-01,p_nf_pretax_gross,14.753900577717234
2014-09-01,p_nf_pretax_gross,15.630008555734332
2014-12-01,p_nf_pretax_gross,15.49270308864624
2015-03-01,p_nf_pretax_gross,14.768780648165905
2015-06-01,p_nf_pretax_gross,14.356823135150336
2015-09-01,p_nf_pretax_gross,14.646324092323185
2015-12-01,p_nf_pretax_gross,13.261995851053376
2016-03-01,p_nf_pretax_gross,14.327091161294092
2016-06-01,p_nf_pretax_gross,13.327347239937108
2016-09-01,p_nf_pretax_gross,13.276023803195171
2016-12-01,p_nf_pretax_gross,12.77223331256274
2017-03-01,p_nf_pretax_gross,13.16882656406417
2017-06-01,p_nf_pretax_gross,13.005365894026784
2017-09-01,p_nf_pretax_gross,12.631457985079544
2017-12-01,p_nf_pretax_gross,12.928345987745873
2018-03-01,p_nf_pretax_gross,12.992034579720494
2018-06-01,p_nf_pretax_gross,13.479221961907578
2018-09-01,p_nf_pretax_gross,13.521747674929056
2018-12-01,p_nf_pretax_gross,13.35988328535941
2019-03-01,p_nf_pretax_gross,12.550423602427738
2019-06-01,p_nf_pretax_gross,12.667429862185756
2019-09-01,p_nf_pretax_gross,13.182634197588047
2019-12-01,p_nf_pretax_gross,13.420520205106794
2020-03-01,p_nf_pretax_gross,11.990889242671766
2020-06-01,p_nf_pretax_gross,12.795786018388819
2020-09-01,p_nf_pretax_gross,17.464420813206864
2020-12-01,p_nf_pretax_gross,14.695204643124471
2021-03-01,p_nf_pretax_gross,16.61218031789737
2021-06-01,p_nf_pretax_gross,18.385527998886566
2021-09-01,p_nf_pretax_gross,17.583874709522696
2021-12-01,p_nf_pretax_gross,17.19739258605333
2022-03-01,p_nf_pretax_gross,16.424121817462307
2022-06-01,p_nf_pretax_gross,17.398610728005035
2022-09-01,p_nf_pretax_gross,17.485706707963597
2022-12-01,p_nf_pretax_gross,17.377668436830653
2023-03-01,p_nf_pretax_gross,17.651345482943217
2023-06-01,p_nf_pretax_gross,17.75540255110914
2023-09-01,p_nf_pretax_gross,18.162357140886172
2023-12-01,p_nf_pretax_gross,18.734593688214
2024-03-01,p_nf_pretax_gross,17.510432425727483
2024-06-01,p_nf_pretax_gross,17.96389414309498
2024-09-01,p_nf_pretax_gross,17.904107958088346
2024-12-01,p_nf_pretax_gross,17.91936543945385
2025-03-01,p_nf_pretax_gross,17.520677298720152
2025-06-01,p_nf_pretax_gross,17.372579469706427
2025-09-01,p_nf_pretax_gross,17.512001693647267
2025-12-01,p_nf_pretax_gross,17.67711565550505
2026-03-01,p_nf_pretax_gross,18.277662603887965
2026-06-01,p_nf_pretax_gross,19.637738471999008
1947-03-01,p_nf_pretax_net,17.63786015937374
1947-06-01,p_nf_pretax_net,19.630601171439864
1947-09-01,p_nf_pretax_net,19.265781226682584
1947-12-01,p_nf_pretax_net,19.449186393642517
1948-03-01,p_nf_pretax_net,21.191778419147546
1948-06-01,p_nf_pretax_net,21.910888692841585
1948-09-01,p_nf_pretax_net,20.946755561017575
1948-12-01,p_nf_pretax_net,21.62389471052213
1949-03-01,p_nf_pretax_net,20.849610517205083
1949-06-01,p_nf_pretax_net,19.679242696683573
1949-09-01,p_nf_pretax_net,20.61252498013628
1949-12-01,p_nf_pretax_net,18.733838312449592
1950-03-01,p_nf_pretax_net,20.318315300177453
1950-06-01,p_nf_pretax_net,21.7688168898766
1950-09-01,p_nf_pretax_net,22.940021192017223
1950-12-01,p_nf_pretax_net,23.944168368067594
1951-03-01,p_nf_pretax_net,22.514820592823714
1951-06-01,p_nf_pretax_net,21.949941433943653
1951-09-01,p_nf_pretax_net,21.934445688552774
1951-12-01,p_nf_pretax_net,21.976163245650998
1952-03-01,p_nf_pretax_net,20.540269298318975
1952-06-01,p_nf_pretax_net,19.423740864147693
1952-09-01,p_nf_pretax_net,18.973813021524116
1952-12-01,p_nf_pretax_net,20.084247779731566
1953-03-01,p_nf_pretax_net,20.16851518431688
1953-06-01,p_nf_pretax_net,19.482248440978154
1953-09-01,p_nf_pretax_net,18.92730111911165
1953-12-01,p_nf_pretax_net,15.745347809979767
1954-03-01,p_nf_pretax_net,17.059963520291838
1954-06-01,p_nf_pretax_net,17.73128692714938
1954-09-01,p_nf_pretax_net,18.66816711211141
1954-12-01,p_nf_pretax_net,19.710945112049366
1955-03-01,p_nf_pretax_net,21.398659750802242
1955-06-01,p_nf_pretax_net,21.318461147411075
1955-09-01,p_nf_pretax_net,20.850062030497515
1955-12-01,p_nf_pretax_net,20.89563592623056
1956-03-01,p_nf_pretax_net,19.689364523155604
1956-06-01,p_nf_pretax_net,19.386817318771953
1956-09-01,p_nf_pretax_net,18.94243951239394
1956-12-01,p_nf_pretax_net,18.784366176252043
1957-03-01,p_nf_pretax_net,19.023526547595335
1957-06-01,p_nf_pretax_net,18.378328025053897
1957-09-01,p_nf_pretax_net,17.88804184026239
1957-12-01,p_nf_pretax_net,16.665528715070575
1958-03-01,p_nf_pretax_net,14.675620315849004
1958-06-01,p_nf_pretax_net,15.27257634379875
1958-09-01,p_nf_pretax_net,16.617367178005548
1958-12-01,p_nf_pretax_net,18.233839756078382
1959-03-01,p_nf_pretax_net,18.94518453810876
1959-06-01,p_nf_pretax_net,19.883475043837297
1959-09-01,p_nf_pretax_net,17.89171716841499
1959-12-01,p_nf_pretax_net,17.579176300169873
1960-03-01,p_nf_pretax_net,18.371583215318058
1960-06-01,p_nf_pretax_net,16.967583896819434
1960-09-01,p_nf_pretax_net,16.708720681549732
1960-12-01,p_nf_pretax_net,15.920374279047767
1961-03-01,p_nf_pretax_net,15.399875213976035
1961-06-01,p_nf_pretax_net,16.75891258342829
1961-09-01,p_nf_pretax_net,17.314598383034323
1961-12-01,p_nf_pretax_net,18.334213449387256
1962-03-01,p_nf_pretax_net,18.192408157139642
1962-06-01,p_nf_pretax_net,17.68488858917081
1962-09-01,p_nf_pretax_net,17.943018721827382
1962-12-01,p_nf_pretax_net,18.38562582672239
1963-03-01,p_nf_pretax_net,18.428210706108217
1963-06-01,p_nf_pretax_net,19.106134244056218
1963-09-01,p_nf_pretax_net,19.245258634616007
1963-12-01,p_nf_pretax_net,19.27295967034225
1964-03-01,p_nf_pretax_net,19.838125758106898
1964-06-01,p_nf_pretax_net,19.576867883943343
1964-09-01,p_nf_pretax_net,19.46738922841864
1964-12-01,p_nf_pretax_net,19.099501490813523
1965-03-01,p_nf_pretax_net,20.524536698884
1965-06-01,p_nf_pretax_net,20.647724937660016
1965-09-01,p_nf_pretax_net,20.56325521088702
1965-12-01,p_nf_pretax_net,20.924976528793106
1966-03-01,p_nf_pretax_net,21.1199500058907
1966-06-01,p_nf_pretax_net,20.471022684452482
1966-09-01,p_nf_pretax_net,19.7294887039239
1966-12-01,p_nf_pretax_net,19.64535811279853
1967-03-01,p_nf_pretax_net,18.94530585255092
1967-06-01,p_nf_pretax_net,18.56466640557385
1967-09-01,p_nf_pretax_net,18.31380654837477
1967-12-01,p_nf_pretax_net,18.580523461447772
1968-03-01,p_nf_pretax_net,18.089583899796185
1968-06-01,p_nf_pretax_net,18.274282223579718
1968-09-01,p_nf_pretax_net,17.92287616875323
1968-12-01,p_nf_pretax_net,17.771742868397524
1969-03-01,p_nf_pretax_net,17.043101480466966
1969-06-01,p_nf_pretax_net,16.16903996325218
1969-09-01,p_nf_pretax_net,15.298052385743455
1969-12-01,p_nf_pretax_net,14.053878993081113
1970-03-01,p_nf_pretax_net,12.508925084517099
1970-06-01,p_nf_pretax_net,12.987821001384331
1970-09-01,p_nf_pretax_net,12.590513352406363
1970-12-01,p_nf_pretax_net,11.647524621613375
1971-03-01,p_nf_pretax_net,13.460646128832284
1971-06-01,p_nf_pretax_net,13.435467811409252
1971-09-01,p_nf_pretax_net,13.511421732267628
1971-12-01,p_nf_pretax_net,13.902654898338362
1972-03-01,p_nf_pretax_net,14.06334683215345
1972-06-01,p_nf_pretax_net,13.99064132506953
1972-09-01,p_nf_pretax_net,14.386435692422811
1972-12-01,p_nf_pretax_net,14.887015271485295
1973-03-01,p_nf_pretax_net,14.92494656052207
1973-06-01,p_nf_pretax_net,14.040388491845336
1973-09-01,p_nf_pretax_net,13.715637943502532
1973-12-01,p_nf_pretax_net,13.67828421989918
1974-03-01,p_nf_pretax_net,12.536036261227483
1974-06-01,p_nf_pretax_net,12.255412680320667
1974-09-01,p_nf_pretax_net,11.491895264349472
1974-12-01,p_nf_pretax_net,11.089963742304544
1975-03-01,p_nf_pretax_net,11.137454654011105
1975-06-01,p_nf_pretax_net,12.464767448949281
1975-09-01,p_nf_pretax_net,14.373884730437105
1975-12-01,p_nf_pretax_net,14.559800834103315
1976-03-01,p_nf_pretax_net,15.573195609716471
1976-06-01,p_nf_pretax_net,14.956127578788639
1976-09-01,p_nf_pretax_net,14.713293888829304
1976-12-01,p_nf_pretax_net,14.16580635986552
1977-03-01,p_nf_pretax_net,14.288585209003216
1977-06-01,p_nf_pretax_net,15.458242787934369
1977-09-01,p_nf_pretax_net,16.09039191808905
1977-12-01,p_nf_pretax_net,15.235687219077546
1978-03-01,p_nf_pretax_net,13.955728171118412
1978-06-01,p_nf_pretax_net,15.693894776003289
1978-09-01,p_nf_pretax_net,15.563017142193337
1978-12-01,p_nf_pretax_net,15.617444211026992
1979-03-01,p_nf_pretax_net,14.561921704744318
1979-06-01,p_nf_pretax_net,14.051603574185872
1979-09-01,p_nf_pretax_net,13.266222968180074
1979-12-01,p_nf_pretax_net,12.659349141375925
1980-03-01,p_nf_pretax_net,12.066188718150423
1980-06-01,p_nf_pretax_net,10.343010877414864
1980-09-01,p_nf_pretax_net,10.893111227927058
1980-12-01,p_nf_pretax_net,11.916439612902959
1981-03-01,p_nf_pretax_net,12.138048511598566
1981-06-01,p_nf_pretax_net,11.979716566317412
1981-09-01,p_nf_pretax_net,12.777190666010663
1981-12-01,p_nf_pretax_net,11.79299159642817
1982-03-01,p_nf_pretax_net,10.785435517306523
1982-06-01,p_nf_pretax_net,11.250046787857615
1982-09-01,p_nf_pretax_net,11.037911700178961
1982-12-01,p_nf_pretax_net,10.217591963995432
1983-03-01,p_nf_pretax_net,10.888386923537547
1983-06-01,p_nf_pretax_net,12.044285797854016
1983-09-01,p_nf_pretax_net,12.741826205583175
1983-12-01,p_nf_pretax_net,13.128570158077112
1984-03-01,p_nf_pretax_net,14.212229110179024
1984-06-01,p_nf_pretax_net,13.945894509290815
1984-09-01,p_nf_pretax_net,13.51501144381578
1984-12-01,p_nf_pretax_net,13.592297151071014
1985-03-01,p_nf_pretax_net,13.38968046330595
1985-06-01,p_nf_pretax_net,13.038134520644554
1985-09-01,p_nf_pretax_net,13.64626993976768
1985-12-01,p_nf_pretax_net,12.315760503220446
1986-03-01,p_nf_pretax_net,11.47988719433562
1986-06-01,p_nf_pretax_net,10.847951031357846
1986-09-01,p_nf_pretax_net,10.344972024138082
1986-12-01,p_nf_pretax_net,10.233519184219166
1987-03-01,p_nf_pretax_net,10.514804875462175
1987-06-01,p_nf_pretax_net,11.205586438347394
1987-09-01,p_nf_pretax_net,11.790805975871773
1987-12-01,p_nf_pretax_net,11.414118637191228
1988-03-01,p_nf_pretax_net,11.71459728878588
1988-06-01,p_nf_pretax_net,11.540726462154916
1988-09-01,p_nf_pretax_net,11.45719909085635
1988-12-01,p_nf_pretax_net,12.016751128344719
1989-03-01,p_nf_pretax_net,10.976565645719807
1989-06-01,p_nf_pretax_net,10.591887737169966
1989-09-01,p_nf_pretax_net,10.363451537783998
1989-12-01,p_nf_pretax_net,9.605605457378534
1990-03-01,p_nf_pretax_net,9.76096585521007
1990-06-01,p_nf_pretax_net,10.066698226544313
1990-09-01,p_nf_pretax_net,9.203213083580613
1990-12-01,p_nf_pretax_net,9.041371346443766
1991-03-01,p_nf_pretax_net,9.686455093680573
1991-06-01,p_nf_pretax_net,9.663241519363881
1991-09-01,p_nf_pretax_net,9.545397314058015
1991-12-01,p_nf_pretax_net,9.298531064218064
1992-03-01,p_nf_pretax_net,9.517569366992618
1992-06-01,p_nf_pretax_net,9.721192246257399
1992-09-01,p_nf_pretax_net,9.542053080157105
1992-12-01,p_nf_pretax_net,10.25583117191538
1993-03-01,p_nf_pretax_net,10.13384186698499
1993-06-01,p_nf_pretax_net,10.985730462105577
1993-09-01,p_nf_pretax_net,11.079664702533696
1993-12-01,p_nf_pretax_net,12.125583776734924
1994-03-01,p_nf_pretax_net,12.328544670427682
1994-06-01,p_nf_pretax_net,12.752950491846711
1994-09-01,p_nf_pretax_net,13.133843086015858
1994-12-01,p_nf_pretax_net,13.70814943361362
1995-03-01,p_nf_pretax_net,13.20773306920456
1995-06-01,p_nf_pretax_net,13.279868633752544
1995-09-01,p_nf_pretax_net,14.038378552030242
1995-12-01,p_nf_pretax_net,14.074793840415625
1996-03-01,p_nf_pretax_net,14.489630671893003
1996-06-01,p_nf_pretax_net,14.552326490663592
1996-09-01,p_nf_pretax_net,14.528017493020837
1996-12-01,p_nf_pretax_net,14.735263693544889
1997-03-01,p_nf_pretax_net,14.800987923867291
1997-06-01,p_nf_pretax_net,14.752876111269204
1997-09-01,p_nf_pretax_net,15.254137542238475
1997-12-01,p_nf_pretax_net,14.656818627061144
1998-03-01,p_nf_pretax_net,13.387248933259047
1998-06-01,p_nf_pretax_net,13.338604713526795
1998-09-01,p_nf_pretax_net,13.540721805177675
1998-12-01,p_nf_pretax_net,12.746462390304236
1999-03-01,p_nf_pretax_net,12.95673988249568
1999-06-01,p_nf_pretax_net,12.762778909936891
1999-09-01,p_nf_pretax_net,11.956884983950872
1999-12-01,p_nf_pretax_net,11.42372129108014
2000-03-01,p_nf_pretax_net,10.868720171037381
2000-06-01,p_nf_pretax_net,10.699803732780328
2000-09-01,p_nf_pretax_net,9.998425520035362
2000-12-01,p_nf_pretax_net,9.04993993550093
2001-03-01,p_nf_pretax_net,8.554733510128344
2001-06-01,p_nf_pretax_net,8.671398778161414
2001-09-01,p_nf_pretax_net,8.420259098729685
2001-12-01,p_nf_pretax_net,7.23206894635812
2002-03-01,p_nf_pretax_net,9.11549103222088
2002-06-01,p_nf_pretax_net,9.725695135849648
2002-09-01,p_nf_pretax_net,10.177784140913513
2002-12-01,p_nf_pretax_net,11.351942349325165
2003-03-01,p_nf_pretax_net,11.404540741529312
2003-06-01,p_nf_pretax_net,11.809305193140556
2003-09-01,p_nf_pretax_net,12.365957419348593
2003-12-01,p_nf_pretax_net,12.742616184480582
2004-03-01,p_nf_pretax_net,13.879094936163863
2004-06-01,p_nf_pretax_net,14.468801399104356
2004-09-01,p_nf_pretax_net,14.870974243368629
2004-12-01,p_nf_pretax_net,14.59659666084609
2005-03-01,p_nf_pretax_net,15.353368149263357
2005-06-01,p_nf_pretax_net,16.0772390495382
2005-09-01,p_nf_pretax_net,15.29870672026548
2005-12-01,p_nf_pretax_net,17.032112615078137
2006-03-01,p_nf_pretax_net,17.191771289430694
2006-06-01,p_nf_pretax_net,17.039254883809036
2006-09-01,p_nf_pretax_net,18.130507334696755
2006-12-01,p_nf_pretax_net,16.950825895232764
2007-03-01,p_nf_pretax_net,16.025360928823826
2007-06-01,p_nf_pretax_net,16.14869608890734
2007-09-01,p_nf_pretax_net,14.612898738827305
2007-12-01,p_nf_pretax_net,14.452697088317825
2008-03-01,p_nf_pretax_net,13.329807891889612
2008-06-01,p_nf_pretax_net,13.234564509234746
2008-09-01,p_nf_pretax_net,14.85442181690961
2008-12-01,p_nf_pretax_net,12.918382610244711
2009-03-01,p_nf_pretax_net,12.301013677158158
2009-06-01,p_nf_pretax_net,11.421235047751841
2009-09-01,p_nf_pretax_net,12.267036908641852
2009-12-01,p_nf_pretax_net,13.98366568900582
2010-03-01,p_nf_pretax_net,15.275025497656415
2010-06-01,p_nf_pretax_net,15.41450567373647
2010-09-01,p_nf_pretax_net,16.85895066848791
2010-12-01,p_nf_pretax_net,16.207519341040715
2011-03-01,p_nf_pretax_net,14.821589764371776
2011-06-01,p_nf_pretax_net,16.557417320474155
2011-09-01,p_nf_pretax_net,16.7700077749848
2011-12-01,p_nf_pretax_net,17.29389369090463
2012-03-01,p_nf_pretax_net,17.227070429807394
2012-06-01,p_nf_pretax_net,17.50440992095939
2012-09-01,p_nf_pretax_net,16.944223193839136
2012-12-01,p_nf_pretax_net,17.108811641020854
2013-03-01,p_nf_pretax_net,17.887969329603035
2013-06-01,p_nf_pretax_net,17.647797242609347
2013-09-01,p_nf_pretax_net,17.36346590520062
2013-12-01,p_nf_pretax_net,17.128776107372268
2014-03-01,p_nf_pretax_net,16.13822491878754
2014-06-01,p_nf_pretax_net,17.42351205870736
2014-09-01,p_nf_pretax_net,18.42652828463258
2014-12-01,p_nf_pretax_net,18.258191951422056
2015-03-01,p_nf_pretax_net,17.430856279068145
2015-06-01,p_nf_pretax_net,16.953131063559326
2015-09-01,p_nf_pretax_net,17.27885661377375
2015-12-01,p_nf_pretax_net,15.64999522933694
2016-03-01,p_nf_pretax_net,16.908570743931268
2016-06-01,p_nf_pretax_net,15.771232804799808
2016-09-01,p_nf_pretax_net,15.700835753108716
2016-12-01,p_nf_pretax_net,15.108668605508699
2017-03-01,p_nf_pretax_net,15.565730063214707
2017-06-01,p_nf_pretax_net,15.37845309213248
2017-09-01,p_nf_pretax_net,14.953402460775719
2017-12-01,p_nf_pretax_net,15.287208296428725
2018-03-01,p_nf_pretax_net,15.348267654393148
2018-06-01,p_nf_pretax_net,15.915701748662103
2018-09-01,p_nf_pretax_net,15.958135603119976
2018-12-01,p_nf_pretax_net,15.771626969794724
2019-03-01,p_nf_pretax_net,14.830437612807842
2019-06-01,p_nf_pretax_net,14.98543607631774
2019-09-01,p_nf_pretax_net,15.584712047738227
2019-12-01,p_nf_pretax_net,15.863714439852517
2020-03-01,p_nf_pretax_net,14.243310917776737
2020-06-01,p_nf_pretax_net,15.606290888980848
2020-09-01,p_nf_pretax_net,20.892846307697628
2020-12-01,p_nf_pretax_net,17.453094753548015
2021-03-01,p_nf_pretax_net,19.636353224913364
2021-06-01,p_nf_pretax_net,21.63928967890346
2021-09-01,p_nf_pretax_net,20.669895904530105
2021-12-01,p_nf_pretax_net,20.18839526474659
2022-03-01,p_nf_pretax_net,19.291847625497393
2022-06-01,p_nf_pretax_net,20.43956117179255
2022-09-01,p_nf_pretax_net,20.54948398942789
2022-12-01,p_nf_pretax_net,20.48144275267358
2023-03-01,p_nf_pretax_net,20.816834428850413
2023-06-01,p_nf_pretax_net,20.952604344030313
2023-09-01,p_nf_pretax_net,21.416453565710864
2023-12-01,p_nf_pretax_net,22.088069675524796
2024-03-01,p_nf_pretax_net,20.64385569428295
2024-06-01,p_nf_pretax_net,21.19972181890219
2024-09-01,p_nf_pretax_net,21.16706428730477
2024-12-01,p_nf_pretax_net,21.182412540371676
2025-03-01,p_nf_pretax_net,20.715164192033473
2025-06-01,p_nf_pretax_net,20.53213481961942
2025-09-01,p_nf_pretax_net,20.720050761688206
2025-12-01,p_nf_pretax_net,20.94170325878844
2026-03-01,p_nf_pretax_net,21.650829295834917
2026-06-01,p_nf_pretax_net,23.23664078018133
