date,gdi,comp,wages,supp,topi,subsidies,nos,nos_priv,interest,bctp,prop,rental,cprof,ctax,cprof_at,gov_ent,cfc,topi_net,ucap,ni,lab_net,cap_net,prop_net,capmax_net,labmax_net,c_comp,c_wages,c_supp,c_ucap,c_prop,c_cfc,c_topi,c_ctax,c_rent,lab_gross
1947-03-01,240092,128920,118795,10125,17679,511,NA,65933,1992,524,36188,6657,20571,11496,9075,NA,28071,17168,18248,183356,70.31130696568424,9.952224088658129,19.736468945657627,29.688693034315758,90.04777591134187,53.69608316811889,49.478949735934556,4.21713343218433,7.600419839061693,15.072555520383853,11.691768155540377,7.150592272962031,4.788164536927511,2.7726871365976375,53.69608316811889
1947-06-01,243209,130718,121191,9526,17740,417,NA,66462,2223,685,33262,6768,23523,10880,12643,NA,28706,17323,22319,186299,70.16570137252481,11.980203865828587,17.8540947616466,29.83429862747519,88.01979613417141,53.74718863199964,49.82998162074594,3.916795842259127,9.176880789773405,13.676303097336037,11.803017158082143,7.1226804929093905,4.473518660904818,2.782791755239321,53.74718863199964
1947-09-01,247579,132712,123919,8793,18031,364,NA,67684,2404,797,33893,6973,23616,10724,12892,NA,29515,17667,23066,189671,69.96957890241524,12.161057831719134,17.86936326586563,30.030421097584764,87.83894216828087,53.60390016923891,50.05230653649946,3.551593632739449,9.316622169085424,13.689771749623352,11.921447295610694,7.135904095258483,4.331546698225617,2.816474741395676,53.60390016923891
1947-12-01,256122,136808,128198,8610,18974,302,NA,70451,2465,854,34972,7157,25003,11672,13331,NA,30191,18672,23807,195587,69.9473891414051,12.172076876275009,17.88053398231989,30.052610858594896,87.82792312372499,53.41516933336457,50.0534901336082,3.361679199756366,9.295179640952359,13.654430310555126,11.787741779308298,7.290275727973388,4.5572032078462605,2.794371432364264,53.41516933336457
1948-03-01,265070,140319,131579,8740,18963,384,NA,75557,2352,732,36384,7319,28771,12008,16763,NA,30615,18579,27166,203869,68.82802191603432,13.32522355041718,17.846754533548506,31.171978083965683,86.67477644958282,52.93658278945184,49.63934055155242,3.2972422378994226,10.248613573772966,13.726185535896178,11.549779303580186,7.009091937978647,4.530124118157468,2.7611574301128003,52.93658278945184
1948-06-01,273654,141984,133292,8692,19665,292,NA,81211,2336,705,40231,7465,30473,12648,17825,NA,31086,19373,28331,210546,67.43609472514319,13.455966867097926,19.107938407758876,32.5639052748568,86.54403313290207,51.88449648095771,48.70822279228515,3.1762736886725573,10.352854334305365,14.70141127116724,11.35960007893179,7.0793776082206,4.621894801464623,2.7278972717373033,51.88449648095771
1948-09-01,278941,146761,137971,8790,20006,615,NA,81138,2400,700,40604,7536,29898,12408,17490,NA,31650,19391,28126,215491,68.10539651307943,13.052053217999823,18.842550268920743,31.894603486920566,86.94794678200017,52.61363514148153,49.462431123427535,3.1512040180539973,10.083135860271527,14.556483270655802,11.346485457498181,6.951649273502282,4.448252497840045,2.701646584761652,52.61363514148153
1948-12-01,281223,147843,139015,8828,20270,869,NA,82021,2429,692,39897,7617,31385,11952,19433,NA,31959,19401,30171,217911,67.84558833652271,13.845560802345911,18.30885086113138,32.15441166347729,86.15443919765409,52.571446858898454,49.43230105645698,3.1391458024414787,10.728496602340492,14.186961948347042,11.364290971933306,6.898795617712634,4.250008000768074,2.7085266852284486,52.571446858898454
1949-03-01,274180,146209,136684,9525,20369,585,NA,75939,2552,650,35414,7543,29780,10836,18944,NA,32249,19784,29689,211312,69.1910539865223,14.049840993412584,16.759105020065117,30.8089460134777,85.95015900658741,53.32591728061857,49.85192209497411,3.4739951856444673,10.828287985994603,12.916332336421329,11.761981180246554,7.215697716828361,3.9521482237945875,2.7511124079072142,53.32591728061857
1949-06-01,270661,144622,134947,9675,20822,399,NA,73360,2616,657,34937,7654,27496,9520,17976,NA,32256,20423,28903,208462,69.37571355930578,13.864877051932726,16.7594093887615,30.624286440694227,86.13512294806728,53.43289206793738,49.8583098414622,3.5745822264751848,10.678671844114962,12.908028862673234,11.917490883429826,7.545601324165654,3.5173150176789414,2.827891716944813,53.43289206793738
1949-09-01,270863,143550,133925,9625,21253,529,NA,74335,2705,697,34238,7888,28807,9936,18871,NA,32255,20724,30161,207949,69.03134903269552,14.504037047545312,16.46461391975917,30.968650967304484,85.49596295245469,52.99727168347098,49.443814769828286,3.55345691364269,11.135149503623603,12.640338473693344,11.908234051900777,7.651100371774661,3.6682751058653267,2.9121733127079,52.99727168347098
1949-12-01,267232,142722,133144,9578,21172,481,NA,71436,2760,749,34171,8108,25648,9748,15900,NA,32382,20691,27517,204410,69.82143730737243,13.461670172692138,16.716892519935424,30.178562692627562,86.53832982730786,53.40752604478506,49.823374446174114,3.5841515986109447,10.297045264040234,12.78701652496707,12.11756077116513,7.742710453837864,3.6477667345228117,3.0340677763142136,53.40752604478506
1950-03-01,277506,146926,136792,10133,21554,690,NA,77311,2969,710,36246,8458,28928,13440,15488,NA,32405,20864,27625,210797,69.70023292551602,13.105025213831317,17.194741860652666,30.29976707448398,86.89497478616869,52.94516154605666,49.29334861228226,3.6514525812054512,9.954739717339445,13.061339214287258,11.677224996937003,7.518395998645074,4.843138526734557,3.047862028208399,52.94516154605666
1950-06-01,289932,153538,142964,10574,22462,809,NA,81971,2906,778,36813,8669,32805,16108,16697,NA,32769,21653,29050,219401,69.9805379191526,13.240595986344639,16.77886609450276,30.019462080847397,86.75940401365536,52.95655533021536,49.309493260488665,3.6470620697266947,10.01959080060152,12.697115185629734,11.302305368155292,7.468302912407047,5.555785494529752,2.990011450960915,52.95655533021536
1950-09-01,307524,162225,150947,11277,24380,772,NA,88120,2947,858,38456,8841,37017,19724,17293,NA,33572,23608,29939,230620,70.3429884658746,12.98196166854566,16.67504986557974,29.657011534125402,87.01803833145433,52.75198033324229,49.08462428948635,3.667030865883638,9.735500318674315,12.50504025702059,10.916871528726213,7.676799209167415,6.413808353169183,2.8748975689702267,52.75198033324229
1950-12-01,319297,170072,157996,12076,23404,1103,NA,92101,3054,949,38543,9148,40408,21640,18768,NA,34823,22301,31919,240534,70.70601245561959,13.270057455494857,16.023930088885564,29.29398754438042,86.72994254450515,53.264515482450506,49.482456772221475,3.7820587102290344,9.996648888025883,12.071206431629486,10.906146941562245,6.984406367739127,6.777389076627717,2.8650441438535283,53.264515482450506
1951-03-01,332534,178552,165319,13233,25094,1156,NA,93791,3259,1079,40901,9320,39232,26048,13184,NA,36253,23938,26842,246295,72.4951785460525,10.898312998639842,16.606508455307658,27.504821453947503,89.10168700136016,53.69435907305719,49.71491636945395,3.9794427036032407,8.071956551811244,12.29979490818984,10.902043099352246,7.198662392417016,7.833183975172464,2.8027209247776166,53.69435907305719
1951-06-01,340649,184887,170979,13907,24069,1128,NA,95486,3343,1151,42539,9576,38876,22004,16872,NA,37336,22941,30942,258368,71.55955845925192,11.975941293039385,16.464500247708695,28.44044154074808,88.02405870696062,54.27492815185132,50.1921332515287,4.082501343024639,9.083249914134491,12.487633898822542,10.960255277426324,6.7344979729868575,6.459434784778467,2.8111046854680333,54.27492815185132
1951-09-01,346823,187840,173480,14360,24481,872,NA,97106,3507,1187,43241,9858,39313,19888,19425,NA,38267,23609,33977,265058,70.86750824347878,12.818703830859661,16.313787925661554,29.132491756521215,87.18129616914034,54.16019122145878,50.01975070857469,4.140440512884093,9.796639784558694,12.467742912090605,11.033581971207216,6.807218667735415,5.734337111437246,2.842372045683245,54.16019122145878
1951-12-01,353871,191481,176591,14889,25336,1037,NA,99047,3611,1221,43698,10124,40394,21276,19118,NA,39045,24299,34074,269253,71.1156421655469,12.655012200421165,16.229345634031933,28.8843578344531,87.34498779957883,54.11039616131302,49.902648140141466,4.207465432318557,9.628932577125562,12.348567698398568,11.033681765389083,6.86662653904954,6.0123604364302246,2.8609295477730585,54.11039616131302
1952-03-01,356053,196095,181004,15091,26087,813,NA,95154,3723,1216,41693,10400,38122,19528,18594,NA,39530,25274,33933,271721,72.16777503395026,12.48817721118353,15.344047754866205,27.832224966049736,87.51182278881647,55.074665850308804,50.836251906317315,4.2384139439914845,9.53032273285157,11.709773544949769,11.102279716783737,7.098381420743541,5.484576734362581,2.92091345951305,55.074665850308804
1952-06-01,358604,197424,182118,15306,26918,791,NA,94877,3803,1203,42956,10665,36249,18372,17877,NA,40176,26127,33548,273928,72.07149323909933,12.247013813848895,15.68149294705178,27.928506760900675,87.7529861861511,55.05348518142575,50.78526731436347,4.268217867062275,9.35516614427056,11.978672853621264,11.203444467992549,7.285752529252323,5.123199964306031,2.974032637672753,55.05348518142575
1952-09-01,365999,201501,185950,15551,27334,798,NA,96958,3939,1188,44745,10931,36156,18308,17848,NA,41003,26536,33906,280152,71.92559753276792,12.102715668637025,15.971686798595048,28.074402467232073,87.89728433136297,55.05506845647119,50.80614974357854,4.248918712892658,9.263959737594911,12.225443238915954,11.203036073869054,7.250293033587523,5.002199459561365,2.9866201820223552,55.05506845647119
1952-12-01,378271,209324,193464,15860,28145,695,NA,99787,3995,1183,42762,11267,40580,20220,20360,NA,41709,27450,36805,288891,72.45777819315936,12.740099206967333,14.802122599873309,27.542221806840644,87.25990079303267,55.33704672047289,51.144285446148395,4.192761274324492,9.729796891646465,11.304593796510966,11.026221941412373,7.256702205561621,5.345374083659599,2.97855241348134,55.33704672047289
1953-03-01,385073,213130,197076,16054,28746,727,NA,101428,4235,1193,42948,11584,41468,21284,20184,NA,42496,28019,37196,293274,72.6726542414261,12.68301997449484,14.644325784079053,27.327345758573895,87.31698002550516,55.347947012644354,51.17886738358701,4.1690796290573475,9.659467165965934,11.153209910848073,11.03582956997764,7.276282678868682,5.527263661695315,3.0082607713342666,55.347947012644354
1953-06-01,388515,216216,200034,16182,29178,451,NA,100306,4261,1196,42347,11894,40609,21376,19233,NA,43266,28727,36584,295147,73.2570549590543,12.395179351306298,14.3477656896394,26.7429450409457,87.6048206486937,55.65190533184047,51.486815180881045,4.165090150959422,9.41636745042019,10.899707861987311,11.136249565653836,7.394051709715198,5.501975470702547,3.061400460728672,55.65190533184047
1953-09-01,387598,216530,200153,16377,29319,676,NA,98609,4504,1148,41218,12162,39578,20876,18702,NA,43817,28643,36516,294264,73.58358480819945,12.409265149661529,14.007150042139031,26.41641519180056,87.59073485033848,55.864581344588984,51.639327344310345,4.225254000278639,9.421101244072467,10.63421379883281,11.304753894498939,7.389873012760644,5.385992703780722,3.137787088684668,55.864581344588984
1953-12-01,380524,215136,198722,16414,29161,202,NA,92048,4615,1075,41557,12474,32329,16240,16089,NA,44381,28959,34253,290946,73.94361840341507,11.77297505379005,14.283406542794882,26.056381596584934,88.22702494620995,56.536775604166884,52.22325004467524,4.313525559491648,9.00153472579916,10.920993156804826,11.663127687084126,7.610295277039031,4.2677991401330795,3.2781112360849773,56.536775604166884
1954-03-01,382558,213169,196458,16711,28681,130,NA,95899,4797,956,42681,12797,34668,16096,18572,NA,44940,28551,37122,292972,72.76087817265814,12.670835438198873,14.56828638914299,27.23912182734186,87.32916456180112,55.722008166082006,51.35378164879574,4.368226517286268,9.703626639620659,11.156739631637556,11.747238327260181,7.463182053440263,4.207466580230972,3.345113682108334,55.722008166082006
1954-06-01,383600,212741,196014,16727,28812,692,NA,97048,5062,881,42099,13015,35991,16612,19379,NA,45691,28120,38337,293177,72.56401423031139,13.076400945503911,14.359584824184708,27.435985769688617,86.9235990544961,55.45907194994786,51.0985401459854,4.360531803962461,9.99400417101147,10.974713242961418,11.911105318039624,7.330552659019812,4.330552659019812,3.392857142857143,55.45907194994786
1954-09-01,387551,213281,196391,16890,28744,328,NA,99554,5308,883,42248,13144,37971,17660,20311,NA,46300,28416,39646,295175,72.25578046921318,13.431354281358516,14.312865249428306,27.744219530786822,86.56864571864148,55.03301500963744,50.67487891916161,4.358136090475834,10.229879422321192,10.90127492897709,11.946814741801724,7.3321962786833215,4.556819618579232,3.3915536277806018,55.03301500963744
1954-12-01,396846,217593,200417,17176,29319,160,NA,103104,5519,943,41992,13287,41361,19024,22337,NA,46991,29159,42086,301671,72.12924013246219,13.950959820466668,13.919800047071147,27.870759867537814,86.04904017953334,54.830589195808955,50.50246191217752,4.328127283631434,10.605121382097842,10.581434611914949,11.841117209194499,7.347686508116499,4.793799105950419,3.3481501640434828,54.830589195808955
1955-03-01,409644,221965,204126,17839,30248,264,NA,110233,5564,1101,43667,13333,46568,21132,25436,NA,47461,29984,45434,311066,71.35623951187208,14.605903570303408,14.037856917824513,28.64376048812792,85.39409642969659,54.184853189598776,49.83009637636582,4.354756813232953,11.091093730165705,10.659743582232377,11.585913622560076,7.3195262227690385,5.158625538272256,3.2547773188427023,54.184853189598776
1955-06-01,419737,228153,209921,18232,31228,327,NA,112505,5737,1245,44270,13386,47867,21380,26487,NA,48178,30901,46855,319278,71.45904196342998,14.67529864256228,13.86565939400773,28.54095803657001,85.32470135743772,54.35618017949335,50.01250783228546,4.343672347207894,11.162942509237928,10.547080671944574,11.478139882831393,7.361990961006535,5.0936657954862214,3.1891398661542825,54.35618017949335
1955-09-01,428228,233980,215316,18664,31941,31,NA,113022,5802,1372,44635,13441,47773,21888,25885,NA,49315,31910,46500,325115,71.96838041923627,14.302631376589822,13.728988204173907,28.03161958076373,85.69736862341018,54.639117479473555,50.280691594197485,4.358425885276068,10.858701439420122,10.423185779538002,11.516061537311899,7.4516379125138945,5.11129585174253,3.138748517145072,54.639117479473555
1955-12-01,435768,238461,219521,18940,32451,181,NA,114434,5872,1471,44518,13527,49046,22756,26290,NA,50603,32270,47160,330139,72.23048473521759,14.284892121197435,13.484623143584974,27.76951526478241,85.71510787880257,54.72200804097593,50.37565860733234,4.34634943364359,10.822272401828496,10.215986488223091,11.612371720732133,7.405316590479337,5.222044757761011,3.1041746984634027,54.72200804097593
1956-03-01,440533,242910,223364,19546,33031,300,NA,112749,6018,1574,44863,13595,46700,21684,25016,NA,52144,32731,46203,333976,72.73277121709344,13.83422760916952,13.433001173737035,27.267228782906557,86.16577239083048,55.140023562366494,50.70312553202598,4.43689803034052,10.487977064147294,10.183800078541221,11.836570699584367,7.429863370054003,4.922219220807522,3.0860344173989236,55.140023562366494
1956-06-01,447678,247573,227583,19990,33596,556,NA,113559,6199,1623,45251,13604,46882,22096,24786,NA,53505,33040,46212,339036,73.02262886537123,13.630410929812763,13.346960204816007,26.977371134628772,86.36958907018723,55.301578366593844,50.836315387398976,4.4652629791948675,10.32259793869701,10.107934720937816,11.95167062040127,7.380304593926885,4.935690384606794,3.0387912740853915,55.301578366593844
1956-09-01,453772,250502,230035,20467,34597,899,NA,114753,6584,1674,46408,13682,46405,20728,25677,NA,54819,33698,47617,344527,72.70896040078136,13.820977746301452,13.470061852917189,27.29103959921864,86.17902225369855,55.20437576580309,50.69396084377176,4.5104149220313285,10.493595902788185,10.227162539777686,12.080736581366853,7.4261964158211615,4.567932794443024,3.0151706143173223,55.20437576580309
1956-12-01,463554,256445,235449,20996,35724,1213,NA,116567,6979,1731,46753,13790,47314,21856,25458,NA,56032,34511,47958,351156,73.02879631844536,13.65717800635615,13.314025675198486,26.971203681554638,86.34282199364385,55.321494367430766,50.792140721469345,4.52935364596142,10.345720239713172,10.085772099906375,12.087480638717388,7.444871579147198,4.714876799682453,2.9748421974570385,55.321494367430766
1957-03-01,471077,260300,238344,21956,36144,1286,NA,118606,7362,1798,46927,13871,48647,22344,26303,NA,57313,34858,49334,356561,73.00293638395674,13.836061711740768,13.16100190430249,26.997063616043256,86.16393828825923,55.25635936375582,50.595550196676975,4.660809167078843,10.472597898008182,9.961641090522356,12.16637619752185,7.399639549373032,4.74317362129758,2.9445292383198503,55.25635936375582
1957-06-01,473964,262135,239695,22440,36561,1218,NA,118066,7556,1826,47713,13970,47001,21356,25645,NA,58420,35343,48997,358845,73.04964539007092,13.654084632640833,13.296269977288244,26.95035460992908,86.34591536735917,55.306943143361096,50.57240634309779,4.734536800263311,10.337704973373505,10.066798322235444,12.32583065380493,7.456895460414715,4.505827446810306,2.947481243301179,55.306943143361096
1957-09-01,478836,264802,241907,22895,37012,1061,NA,118594,7741,1840,48805,14080,46128,20864,25264,NA,59488,35951,48925,362532,73.04237970717068,13.495360409563846,13.462259883265478,26.957620292829322,86.50463959043616,55.30118871596956,50.51980218697007,4.781386528999491,10.217485736243724,10.19242496387072,12.423460224377449,7.507998563182384,4.3572329565863885,2.9404639584325323,55.30118871596956
1957-12-01,473699,263379,240170,23209,36746,962,NA,114088,7855,1827,47700,14291,42415,18956,23459,NA,60448,35784,47432,358511,73.4646914599552,13.23027745313254,13.305031086912257,26.535308540044795,86.76972254686746,55.60049736224902,50.70097255852345,4.899524803725573,10.013109590689446,10.069685602038426,12.760846022474187,7.554164142208449,4.001697280340469,3.0168946947323088,55.60049736224902
1958-03-01,468148,259839,236796,23043,36823,1097,NA,111491,7974,1794,50265,14572,36886,16328,20558,NA,61092,35726,44898,355002,73.19367214832593,12.647252691534133,14.159075160139944,26.806327851674077,87.35274730846587,55.503601425190325,50.58144005741774,4.922161367772585,9.590556832454693,10.73698915727505,13.04971931953143,7.6313473516922,3.487785913856302,3.112690858446474,55.503601425190325
1958-06-01,470909,259498,236348,23150,37331,1291,NA,113368,8493,1741,50325,14750,38060,16676,21384,NA,62003,36040,46368,356191,72.85360943987916,13.01773486696744,14.128655693153393,27.146390560120835,86.98226513303256,55.10576353393118,50.18973941886861,4.91602411506257,9.84648838735297,10.686778124860641,13.166662773487023,7.6532833307496775,3.541236204871854,3.1322399869189166,55.10576353393118
1958-09-01,484819,267300,243909,23391,37795,1476,NA,118258,9318,1673,50123,14889,42255,18908,23347,NA,62943,36319,49227,366650,72.90331378699032,13.426155734351562,13.67053047865812,27.096686213009683,86.57384426564843,55.13397783502709,50.309290683739704,4.824687151287388,10.153686221043317,10.338497459876779,12.982783265507333,7.491249311598762,3.900012169490057,3.071043007802912,55.13397783502709
1958-12-01,498445,272335,248504,23831,38929,1612,NA,125011,10379,1607,49916,14976,48133,21848,26285,NA,63782,37317,53247,375498,72.52635167164672,14.180368470670949,13.29327985768233,27.47364832835328,85.81963152932904,54.6369208237619,49.85585169878322,4.781069124978684,10.682622957397506,10.01434461174252,12.796196170088976,7.486683585952312,4.383231851056786,3.0045441322513016,54.6369208237619
1959-03-01,510145,279827,254092,25735,39770,1148,127232,126738,8322,1600,50080,14970,51765,22796,28969,494,64464,38622,53861,383768,72.9156677992954,14.034781430447563,13.04955077025703,27.084332200704594,85.96521856955243,54.852443913005125,49.80779974321026,5.0446441697948625,10.557978613923492,9.81681678738398,12.636407295964872,7.570788697331151,4.468533456174225,2.9344598104460498,54.852443913005125
1959-06-01,524882,286539,260637,25902,40292,928,133856,133302,9343,1661,50340,15431,56527,24952,31575,554,65122,39364,58010,394889,72.56190980250146,14.690204082666268,12.74788611483227,27.43809019749854,85.30979591733373,54.59112714857816,49.656303702546474,4.93482344603168,11.052007879866332,9.590727058653183,12.406979092443635,7.499590384124431,4.753830384734092,2.9398988725084876,54.59112714857816
1959-09-01,522572,287007,260980,26027,41722,1088,129142,128621,9412,1672,50356,15783,51398,22108,29290,521,65789,40634,56157,393520,72.9332689571051,14.270430981906891,12.796300060988006,27.066731042894897,85.7295690180931,54.92200117878493,49.941443475731575,4.980557703053359,10.74627037039872,9.63618410477408,12.589461356521207,7.7757706115138205,4.230613197798581,3.0202536683940204,54.92200117878493
1959-12-01,528210,290268,263983,26285,42424,1068,130189,129579,9740,1695,50606,16043,51495,21408,30087,610,66397,41356,57565,398439,72.85130220686229,14.447631883425066,12.701065909712653,27.14869779313772,85.55236811657494,54.953143636053845,49.976903125650786,4.976240510403059,10.898127638628576,9.580659207512165,12.570189886598133,7.829461767100207,4.052933492360993,3.0372389769220574,54.953143636053845
1960-03-01,542125,298890,270904,27986,43696,1024,133578,133032,9777,1732,49748,16227,55549,24164,31385,546,66985,42672,59121,407759,73.3006506294159,14.49900554003713,12.200343830546965,26.699349370584095,85.50099445996287,55.1330412727692,49.97076320036892,5.162278072400277,10.905418492045193,9.176481438782568,12.356006456075628,7.871247406041042,4.457274613788333,2.99322112059027,55.1330412727692
1960-06-01,543396,301871,273553,28318,44347,1280,130869,130322,9871,1729,50715,16379,51628,22116,29512,547,67588,43067,57491,410077,73.61324824362254,14.019562179785748,12.367189576591713,26.38675175637746,85.98043782021425,55.552672452502414,50.341371670015974,5.211300782486437,10.579945380532797,9.3329726387386,12.438074626975538,7.925527607858726,4.069960029150012,3.014192228135651,55.552672452502414
1960-09-01,545291,302728,274119,28609,44861,1048,130545,130149,10265,1740,50871,16542,50731,21132,29599,396,68204,43813,58146,411745,73.52317575198242,14.12184725983315,12.354976988184434,26.476824248017582,85.87815274016685,55.516779114271095,50.270222688436085,5.246556425835013,10.663297211947382,9.329147189298924,12.507816927108644,8.03479243193084,3.875361962695148,3.0336095772715854,55.516779114271095
1960-12-01,543938,302259,273463,28796,45284,1232,128802,128424,10667,1771,51020,16703,48262,20128,28134,378,68825,44052,57275,410554,73.62222752670782,13.950661788705018,12.427110684587168,26.377772473292186,86.04933821129498,55.568649368126515,50.27466365651968,5.293985711606838,10.529692722332324,9.379745485698738,12.653096492614967,8.098717133202681,3.70042173924234,3.0707543874485697,55.568649368126515
1961-03-01,546222,303256,273933,29323,45776,1572,129265,128958,11008,1851,52327,16918,46854,19956,26898,307,69496,44204,56675,412258,73.55976112046339,13.747459115408311,12.69277976412829,26.4402388795366,86.25254088459168,55.518818355906575,50.15048826301394,5.368330092892633,10.37581789089418,9.579804548333827,12.723032027270962,8.092680265533062,3.6534595823676086,3.097275466751614,55.518818355906575
1961-06-01,556721,307457,277777,29680,46463,2008,134624,134388,11483,1870,52645,17084,51305,21424,29881,236,70185,44455,60318,420420,73.13091670234527,14.347081489938633,12.522001807716093,26.869083297654726,85.65291851006137,55.226406045397965,49.895189870689265,5.331216174708696,10.83451136206466,9.456262652208197,12.606853343056935,7.985148754941883,3.8482471471347406,3.0686825178141297,55.226406045397965
1961-09-01,567148,312464,282396,30068,47256,2172,138639,138328,11903,1916,53325,17286,53899,22716,31183,311,70961,45084,62288,428077,72.99247565274472,14.550653270322863,12.456871076932421,27.007524347255284,85.44934672967713,55.09390846833631,49.79229407491519,5.301614393421118,10.982671189883417,9.402307686882436,12.511901655299852,7.949247815385049,4.005303730243252,3.047881681677446,55.09390846833631
1961-12-01,582407,319083,288547,30536,48377,2304,145475,144977,12542,1969,54495,17512,58460,24716,33744,499,71776,46073,65767,439345,72.62697879798336,14.969329342544015,12.403691859472625,27.373021202016638,85.03067065745599,54.78694452504863,49.54387567457122,5.243068850477416,11.292274989826701,9.356858691602264,12.324027698842906,7.910790907389506,4.243767674495671,3.006831992060535,54.78694452504863
1962-03-01,592505,325577,293371,32206,49396,2284,147114,146687,12410,2034,55324,17739,59179,23144,36035,427,72702,47112,68218,449119,72.49236839234145,15.189292815489882,12.318338792168667,27.50763160765855,84.81070718451012,54.94924093467566,49.513674990084475,5.435565944591185,11.51348933764272,9.337305170420503,12.270276200200842,7.951325305271686,3.906127374452536,2.993898785664256,54.94924093467566
1962-06-01,600073,331522,298842,32680,49906,2384,147499,147138,13234,2091,54966,17950,58897,22860,36037,361,73529,47522,69312,455800,72.7340939008337,15.206669591926284,12.059236507240017,27.2659060991663,84.79333040807371,55.24694495503047,49.80094088552559,5.446004069504877,11.550594677647553,9.159885547258417,12.253342509994617,7.919369810006449,3.8095365063917224,2.991302724835145,55.24694495503047
1962-09-01,607427,334336,301270,33066,50888,2216,149870,149457,13745,2146,54888,18150,60528,23552,36976,413,74549,48672,71017,460241,72.64368015887328,15.430394076147062,11.925925764979652,27.356319841126712,84.56960592385293,55.041346532175886,49.597729439093094,5.44361709308279,11.69144605030728,9.036147553533182,12.272915099262956,8.012814708598729,3.877338346830154,2.9880133744466413,55.041346532175886
1962-12-01,615802,337753,304329,33424,51338,2208,153310,152920,14138,2197,55760,18343,62481,23628,38853,391,75608,49130,73531,467044,72.31716926028383,15.74391277909576,11.938917960620413,27.682830739716174,84.25608722090423,54.847662073198855,49.4199434233731,5.4277186498257555,11.940688727870322,9.054858542193758,12.277972465175495,7.9782137765060845,3.836947590296881,2.9787171850692267,54.847662073198855
1963-03-01,623850,342717,308025,34692,52005,2032,154642,153925,13920,2436,55974,18542,63053,23720,39333,718,76518,49973,74231,472922,72.46797569155167,15.696245892557336,11.835778415890992,27.532024308448328,84.30375410744267,54.93580187545083,49.374849723491224,5.560952151959605,11.898853891159733,8.97234912238519,12.265448425102187,8.010419171275146,3.8021960407149153,2.972188827442494,54.93580187545083
1963-06-01,634043,347623,312419,35204,52938,2176,158132,157375,14098,2518,55800,18687,66273,25412,40861,756,77526,50762,76164,479587,72.48382462410366,15.881164418551796,11.635010957344548,27.516175375896346,84.11883558144821,54.82640767266573,49.27410286053154,5.552304812134193,12.012434487881738,8.800664939128735,12.227246417041115,8.00608160645256,4.007930061525796,2.947276446550155,54.82640767266573
1963-09-01,643450,352707,316908,35799,53919,2296,160617,159772,14521,2535,56229,18842,67645,26116,41529,844,78503,51623,77427,486363,72.51929114673608,15.919590922829245,11.561117930434675,27.48070885326392,84.08040907717076,54.814981739062866,49.25137928354962,5.563602455513249,12.033102805190769,8.73867433367006,12.20032636568498,8.022845597948558,4.058745823296293,2.9282772554200016,54.814981739062866
1963-12-01,654309,358837,322303,36534,54682,2432,163698,162761,14977,2619,57589,18836,68739,26716,42023,938,79524,52250,78455,494881,72.50975487036277,15.853306148346775,11.636938981290452,27.490245129637227,84.14669385165323,54.842131164327554,49.25853075534648,5.583600408981078,11.990512128061818,8.80149898595312,12.153890592976714,7.9855236593108145,4.083086125974119,2.878762175057962,54.842131164327554
1964-03-01,667299,365229,328276,36953,55671,2728,168510,167570,15604,2721,57913,18840,72493,26396,46097,940,80617,52943,83262,506404,72.12206064723027,16.441813255819465,11.436126096950261,27.877939352769726,83.55818674418053,54.73243628418445,49.19473879025744,5.53769749392701,12.477465124329573,8.678718235753388,12.081091085105777,7.933924672448183,3.9556480678076844,2.8233220790080606,54.73243628418445
1964-06-01,678727,372676,334887,37789,56746,2880,170430,169487,16191,2785,58821,18779,72912,26400,46512,943,81755,53866,84267,515764,72.25707881899473,16.33828650312934,11.404634677875928,27.742921181005265,83.66171349687066,54.90808528318455,49.34045647218985,5.567628810994701,12.415448331950843,8.666371015150421,12.045343709621099,7.93632786083359,3.8896345658858422,2.7667972542715997,54.90808528318455
1964-09-01,691100,380065,341463,38602,57881,2648,172856,172152,16829,3207,59287,18863,73967,26980,46987,704,82945,55233,85886,525238,72.36052989311513,16.351825267783365,11.287644839101512,27.63947010688488,83.64817473221663,54.994212125596874,49.40862393286066,5.585588192736218,12.427434524670815,8.578642743452468,12.001881059181017,7.992041672695702,3.9039212849081175,2.729416871653885,54.994212125596874
1964-12-01,700907,386147,346741,39406,58778,2660,174403,173528,17295,3306,60503,18841,73583,26516,47067,875,84239,56118,86509,533159,72.42623682616255,16.2257412891839,11.348021884653546,27.57376317383745,83.7742587108161,55.09247303850582,49.47032915921798,5.622143879287837,12.342436300393633,8.632100977733137,12.018570224009748,8.006483028418891,3.783098185636611,2.688088433986249,55.09247303850582
1965-03-01,720152,392925,352809,40116,60184,2924,184352,183503,17898,3502,61949,19083,81071,28344,52727,848,85615,57260,93210,548084,71.69065325752987,17.00651724918078,11.30282949328935,28.309346742470133,82.99348275081921,54.5613981492796,48.99090747508859,5.570490674191004,12.943100900920916,8.602211755296103,11.888462435708018,7.951099212388495,3.9358357680045324,2.6498572523578354,54.5613981492796
1965-06-01,732681,399920,358872,41048,60340,2972,188247,187343,18289,3504,63177,19272,83101,29232,53869,903,87146,57368,94934,558031,71.6662694366442,17.01231652004996,11.321414043305838,28.3337305633558,82.98768347995004,54.58309960269203,48.98066143383,5.602438168862029,12.95707135847661,8.622715752148617,11.89412582010452,7.829874119842059,3.989730865137761,2.630339806819066,54.58309960269203
1965-09-01,745903,408335,366210,42125,60516,2988,191267,190503,18901,3486,63967,19504,84645,29760,54885,765,88773,57528,96776,569078,71.7537841912708,17.005753165646887,11.240462643082319,28.246215808729207,82.9942468343531,54.74371332465481,49.09619615419163,5.647517170463184,12.974341167685342,8.575779960665127,11.901413454564468,7.712530985932487,3.989794919714762,2.6148172081356424,54.74371332465481
1965-12-01,767460,420458,377116,43342,61796,3144,197859,197224,19215,3444,65560,19492,89513,31736,57777,635,90490,58652,99928,585946,71.75712437664905,17.05413126806907,11.188744355281885,28.242875623350958,82.94586873193093,54.785656581450496,49.13819612748547,5.647460453965027,13.020613452166888,8.542464753863394,11.790842519479842,7.642352695905975,4.135199228624293,2.5398066348734787,54.785656581450496
1966-03-01,789329,433085,385739,47346,61365,3564,206133,205551,20045,3419,69225,19834,93028,32708,60320,582,92310,57801,103618,605928,71.47466365640803,17.100711635705892,11.424624707886085,28.525336343591977,82.89928836429411,54.86748871509852,48.869229434114295,5.998259280984229,13.127352472796515,8.770107268325376,11.694743256614162,7.322802025517877,4.143772748752421,2.512767173130596,54.86748871509852
1966-06-01,801086,444388,395879,48509,62827,3928,203462,203009,20786,3379,67204,19757,91883,32628,59255,453,94338,58899,103177,614769,72.2853624694804,16.783051845489933,10.931585685029662,27.714637530519592,83.21694815451006,55.473195137600705,49.417790349600416,6.055404788000289,12.879640887495226,8.389111780757622,11.776263721997388,7.352394124975346,4.072970941946308,2.466277028933223,55.473195137600705
1966-09-01,814396,455645,406108,49537,63748,4064,202779,202575,21746,3365,67161,20021,90280,32156,58124,204,96288,59684,103256,626062,72.77953301749668,16.49293520450051,10.727531778002817,27.220466982503332,83.50706479549949,55.94882587831964,49.866158478185056,6.082667400134579,12.678844198645377,8.246725180379078,11.82324078212565,7.328621456883384,3.9484476839277205,2.4583863378503823,55.94882587831964
1966-12-01,828503,463780,413461,50319,64904,4240,205760,205448,22690,3401,68143,20029,91184,31436,59748,312,98300,60664,105868,637791,72.71661092740412,16.5991680660279,10.684221006567983,27.28338907259588,83.4008319339721,55.978071292439495,49.90458694778414,6.07348434465536,12.778227719151289,8.224834430291743,11.86477297004356,7.3221219476574015,3.7943133579480097,2.4174927550051115,55.978071292439495
1967-03-01,836797,469977,418811,51166,65564,3992,204980,204717,23454,3468,68901,20255,88638,30632,58006,263,100268,61572,105183,644061,72.97088319274106,16.331217074159124,10.697899733099815,27.02911680725894,83.66878292584087,56.163800778444475,50.049295109805605,6.114505668638869,12.569715235594774,8.233896632038595,11.982356533304971,7.358056972001573,3.6606249783400275,2.420539270575779,56.163800778444475
1967-06-01,845681,475619,423574,52045,66832,3872,204752,204383,24245,3567,68497,20373,87701,30344,57357,369,102350,62960,105542,649658,73.21067392381838,16.245778548097615,10.543547528084007,26.78932607618162,83.75422145190238,56.24094664536628,50.08673483263784,6.15421181272844,12.480119572273706,8.099626218396772,12.102672284230106,7.4448876112860525,3.588114194359339,2.409064410812115,56.24094664536628
1967-09-01,862763,485242,431979,53263,68746,3684,207840,207445,24605,3689,70525,20430,88196,30608,57588,395,104619,65062,106312,662079,73.2906496052586,16.057298298239335,10.652052096502079,26.709350394741413,83.94270170176067,56.24279205297399,50.0692542447926,6.173537808181389,12.322271585591873,8.174319019243987,12.126041566455678,7.541120794470787,3.5476718403547673,2.367973591820697,56.24279205297399
1967-12-01,881145,496206,441553,54653,70606,3696,211045,210960,25043,3790,69973,20327,91828,32384,59444,84,106985,66910,108604,674783,73.53564034660032,16.094655615212595,10.369704038187091,26.464359653399686,83.90534438478741,56.31377355599816,50.11127566972519,6.202497886272974,12.325326705593291,7.941144760510472,12.14158850132498,7.5935288743623355,3.6752180401636507,2.306884791946842,56.31377355599816
1968-03-01,904129,510860,454198,56662,73367,4036,214443,213983,25412,3912,71681,20076,92903,36456,56447,459,109496,69331,105847,688388,74.21105539317942,15.376066985479119,10.412877621341453,25.78894460682057,84.62393301452089,56.5029990189453,50.235972964035,6.267026054910306,11.707068349759824,7.92818281462048,12.110661199895148,7.668264152571148,4.032167976029969,2.2204795997031397,56.5029990189453
1968-06-01,927463,523980,465911,58069,75424,4204,220317,219829,25831,4127,73177,20072,96622,37064,59558,488,111946,71220,109588,706745,74.1398948701441,15.506017021698067,10.354088108157821,25.86010512985589,84.49398297830193,56.49605429003637,50.234995897410464,6.261058392625905,11.815889151373154,7.890018254097468,12.07013109956947,7.679012532036318,3.9962780186379403,2.164183369040059,56.49605429003637
1968-09-01,949276,537809,478318,59491,77693,4220,223461,222964,26617,4271,74951,20212,96915,37116,59799,497,114534,73473,110899,723659,74.31801442392066,15.324759313433537,10.357226262645804,25.68198557607934,84.67524068656647,56.65465049153249,50.38766386172198,6.266986629810508,11.682482228561556,7.895596222805591,12.065405635452702,7.739898617472685,3.909927144476422,2.129201623131734,56.65465049153249
1968-12-01,969185,550305,489411,60894,79144,4236,226522,226154,28198,4418,75507,20025,98006,38020,59986,368,117450,74908,112627,738439,74.52274324622616,15.252038421589326,10.225218332184513,25.47725675377384,84.74796157841068,56.78018128633852,50.49717030288335,6.2830109834551715,11.620794791500074,7.790772659502572,12.118429402023349,7.728968153654875,3.9228836599823564,2.066168997662985,56.78018128633852
1969-03-01,988736,562744,499046,63698,80589,4340,229278,229106,31326,4716,75630,20219,97215,38700,58515,172,120465,76249,114776,753150,74.71871473146119,15.239460930757485,10.041824337781318,25.281285268538802,84.76053906924251,56.91549614861803,50.47312932875914,6.442366819858891,11.60835652793061,7.6491601398148745,12.183737620557965,7.71176532461648,3.91408829050424,2.044934138131918,56.91549614861803
1969-06-01,1007398,576697,511360,65337,82901,4464,228758,228600,32480,4827,77111,20286,93896,37468,56428,158,123506,78437,114021,767829,75.10747835781144,14.849790773726962,10.042730868461598,24.89252164218856,85.15020922627303,57.24619266665211,50.760474013249976,6.485718653402131,11.318366722983368,7.6544722145567095,12.259901250548443,7.786098443713408,3.719284731555949,2.013702627958364,57.24619266665211
1969-09-01,1028459,593413,526409,67004,85217,4668,228171,228047,34127,4837,77967,20446,90670,36068,54602,124,126325,80549,114012,785392,75.55628272251309,14.516572615967569,9.927144661519343,24.44371727748691,85.48342738403244,57.699237402754996,51.1842475003865,6.514989902368495,11.085711729879364,7.580953640349299,12.282939815782642,7.8320088598573205,3.5069944450872614,1.9880228574984515,57.699237402754996
1969-12-01,1039539,604895,536429,68466,86717,4664,223302,223105,35040,4812,77312,20437,85504,35596,49908,197,129289,82053,110197,792404,76.33669188949071,13.906668820450175,9.75663929005911,23.663308110509284,86.09333117954982,58.18877406234879,51.60258537678721,6.586188685561581,10.60056428859331,7.437142810418849,12.437147620243204,7.893210355744229,3.424210154693571,1.965967606794935,58.18877406234879
1970-03-01,1047063,614930,545075,69855,88466,4736,216165,216681,37103,4617,77071,20428,77463,31076,46387,-516,132239,83730,108535,800536,76.81478409465657,13.557791279842505,9.627424625500915,23.18521590534342,86.4422087201575,58.72903540665652,52.05751707394875,6.671518332707774,10.365660901015508,7.360684123113891,12.629517039566865,7.99665349649448,2.9679207459341033,1.9509809820421502,58.72903540665652
1970-06-01,1061858,620210,549043,71167,90535,4820,220660,221788,39310,4463,76710,20214,81090,31156,49934,-1128,135272,85715,113921,810841,76.48971869947376,14.04973354825422,9.460547752272024,23.510281300526245,85.95026645174578,58.407998056237275,51.705877810404026,6.702120245833247,10.728458984157957,7.224129780064755,12.739179815003514,8.07217160863317,2.934102299930876,1.903644366760904,58.407998056237275
1970-09-01,1079478,628171,555699,72472,92512,4740,225208,226318,41660,4225,78483,20854,81096,32144,48952,-1110,138327,87772,115691,822345,76.38776912366464,14.068426268780135,9.543804607555224,23.612230876335357,85.93157373121987,58.192107666853794,51.47849238242929,6.713615284424509,10.717309662633236,7.270458499385814,12.814249109291714,8.130967004422509,2.97773553513828,1.9318596580940046,58.192107666853794
1970-12-01,1083461,629984,556331,73653,94139,4812,222639,224022,42870,4123,78943,21160,76926,30676,46250,-1382,141511,89327,114403,823330,76.51658508738902,13.895157470273158,9.588257442337824,23.483414912610982,86.10484252972684,58.14551700522677,51.34757965445918,6.797937350767587,10.559032581698833,7.286187504672526,13.06101465581133,8.244597636647743,2.8312971117557533,1.9530006156197592,58.14551700522677
1971-03-01,1121847,647880,570492,77388,97652,4764,236433,238205,43522,4132,80316,21089,89146,34384,54762,-1772,144646,92888,123505,851701,76.06894907954786,14.500980978066247,9.430069942385884,23.93105092045213,85.49901902193375,57.75119067038553,50.852923794421166,6.898266875964369,11.00907699534785,7.159265033467131,12.89355856903838,8.27991695837311,3.06494557635756,1.8798463605108362,57.75119067038553
1971-06-01,1143994,659773,580428,79345,98947,4812,242489,243735,44330,4105,82847,21674,90779,35316,55463,-1246,147597,94135,125572,868192,75.99390457410342,14.463620950204563,9.542474475692012,24.006095425896575,85.53637904979544,57.67276751451494,50.736979389752044,6.935788124762892,10.976630996316414,7.241908611408801,12.901903331660831,8.228627073218915,3.087079128037385,1.8945903562431272,57.67276751451494
1971-09-01,1165451,670088,588769,81319,101674,4512,247841,249405,44923,4154,84595,22049,93684,34552,59132,-1564,150361,97162,130258,884941,75.72120627250857,14.719399372387537,9.5593943551039,24.278793727491436,85.28060062761246,57.496025143914245,50.518554619627935,6.977470524286306,11.176617463968885,7.258563423086857,12.90152910761585,8.336858435060762,2.964689206152811,1.8918856305413096,57.496025143914245
1971-12-01,1190035,682154,598421,83733,103699,4612,255695,257175,45019,4241,87859,22498,97558,34980,62578,-1480,153099,99087,134336,904349,75.43039247016362,14.85444225625284,9.715165273583539,24.56960752983638,85.14555774374716,57.32217959975967,50.28599999159689,7.036179608162785,11.2884074838135,7.3828920998121905,12.8650838000563,8.326393761528022,2.939409345103295,1.8905326313931943,57.32217959975967
1972-03-01,1225632,708354,618472,89882,104560,6103,262879,264267,46067,4540,87906,23101,102653,37140,65513,-1388,155942,98457,139221,935481,75.72083238462352,14.882290500822572,9.396877114553904,24.279167615376476,85.11770949917742,57.79499882509595,50.461476201665754,7.333522623430198,11.359119213597555,7.172299678859559,12.723394950523485,8.033161666797211,3.030273361008851,1.8848235033027858,57.79499882509595
1972-06-01,1249073,722473,630374,92099,106786,6203,267065,268104,47610,4695,91326,20152,104322,37460,66862,-1040,158952,100583,139319,953118,75.8010026040847,14.617182762260287,9.581814633655014,24.198997395915303,85.38281723773972,57.840734688845245,50.46734658422686,7.373388104618385,11.15379165188904,7.311502210038965,12.725597302959875,8.05261181692343,2.9990240762549507,1.6133564651545587,57.840734688845245
1972-09-01,1281679,735744,642326,93418,108862,7175,281543,282439,49914,4873,95535,23875,108243,38768,69475,-897,162705,101687,148137,979416,75.12068416280722,15.125033693547993,9.754282143644785,24.879315837192777,84.87496630645201,57.40470117712781,50.11598067846941,7.2887204986584,11.558042224301092,7.453894461873839,12.694676280098214,7.933889842932591,3.0247823362948134,1.8627909172265442,57.40470117712781
1972-12-01,1331426,758766,663971,94795,111504,7063,301785,302205,52341,5006,105614,23750,115493,43072,72421,-420,166434,104441,153518,1017898,74.54243941927383,15.08186478409428,10.375695796631883,25.457560580726163,84.91813521590572,56.988972725483805,49.86916283743896,7.119809888044848,11.530344157317042,7.932397294329538,12.500431867786869,7.8442962658082385,3.235027707135057,1.7838017283724368,56.988972725483805
1973-03-01,1370820,785423,683364,102059,114600,5944,306251,307606,53384,5576,104144,23491,121012,46016,74996,-1356,170490,108656,157447,1047014,75.01552032733086,15.037716783156672,9.946762889512462,24.984479672669135,84.96228321684333,57.29585211771057,49.850746268656714,7.445105849053851,11.485607154841627,7.59720459287142,12.43708145489561,7.926350651434907,3.356822923505639,1.7136458470112779,57.29585211771057
1973-06-01,1399511,803227,700201,103026,116185,5704,310409,312166,55786,5889,109942,23343,117205,46036,71169,-1757,175393,110481,156187,1069356,75.11315221497799,14.605706612203981,10.281141172818032,24.886847785022013,85.39429338779603,57.393403838912306,50.03183254722543,7.361571291686882,11.160112353529197,7.85574389911905,12.532448833914131,7.894257351317711,3.2894346668229115,1.6679397303772532,57.393403838912306
1973-09-01,1431358,820420,716177,104243,118397,4717,316018,318193,59792,5648,113788,22340,116625,43984,72641,-2175,181240,113680,160421,1094629,74.94959479421794,14.655285032645764,10.395120173136286,25.05040520578205,85.34471496735424,57.31759629666373,50.03479213446252,7.28280416220121,11.207608438978928,7.949653406066127,12.662101305194088,7.942108123893533,3.072886028512783,1.5607555901458614,57.31759629666373
1973-12-01,1475234,841710,735356,106354,119698,4555,330772,333316,62847,5849,122206,23291,119124,46492,72632,-2544,187608,115143,164619,1128535,74.58430620228881,14.586964515943237,10.828729281767956,25.415693797711192,85.41303548405676,57.05603314457232,49.84673617880282,7.209296965769498,11.15883988574016,8.283838360558393,12.717168937266901,7.805066857190114,3.1515000332150698,1.5788003801430823,57.05603314457232
1974-03-01,1491146,858356,748203,110153,120806,3556,321232,323691,67058,6297,115735,23517,111085,44604,66481,-2460,194309,117250,163353,1137444,75.46358326212103,14.361410319980589,10.175006417898375,24.536416737878962,85.63858968001941,57.563511554200595,50.17637441270003,7.387137141500564,10.954862904101946,7.761480096516371,13.030850097844208,7.8630798057333084,2.991256389381053,1.5771091496070808,57.563511554200595
1974-06-01,1520365,878511,765319,113192,124068,2892,318553,320445,71558,6569,108637,22920,110761,46664,64097,-1892,202126,121176,165144,1152292,76.24031061571199,14.33178395753854,9.42790542674947,23.75968938428801,85.66821604246147,57.78290081658023,50.337846503964506,7.445054312615721,10.86212850203734,7.1454552031913385,13.294570711638324,7.97019136852006,3.0692629730360803,1.5075327306271848,57.78290081658023
1974-09-01,1556456,900218,783153,117065,127054,3172,321175,323636,75132,6971,111000,23273,107260,51512,55748,-2461,211181,123882,161124,1172342,76.7880021358955,13.743771015625134,9.468226848479368,23.2119978641045,86.25622898437487,57.837677390173575,50.31642397857697,7.521253411596602,10.351979111520018,7.131586116151051,13.568067455809866,7.9592355967659865,3.309569946082639,1.4952558890196703,57.837677390173575
1974-12-01,1583154,913860,792541,121319,127680,3608,325265,328236,80596,7311,113481,23011,103837,46160,57677,-2971,219957,124072,168595,1195936,76.41378802879083,14.097326278329275,9.488885692879887,23.586211971209163,85.90267372167072,57.72401168806067,50.06089110724541,7.663120580815258,10.649311437800744,7.168032926676748,13.893594685040116,7.8370139607391325,2.915698662290592,1.4534909427636225,57.72401168806067
1975-03-01,1600724,918423,791963,126460,128821,4220,328955,332650,85007,8356,112735,22662,103890,38312,65578,-3694,228744,124601,181603,1212761,75.729925352151,14.974343667053937,9.295730980795062,24.270074647849,85.02565633294606,57.375475097518375,49.47529992678313,7.900175170735242,11.345053863126935,7.042750655328464,14.290033759723725,7.784040221799636,2.3934169788170854,1.4157343801929627,57.375475097518375
1975-06-01,1637971,931218,800410,130808,133011,4264,342228,346113,84706,9097,114317,22405,115588,41420,74168,-3884,235778,128747,190376,1235911,75.34668758510928,15.403698162731782,9.249614252158933,24.653312414890717,84.59630183726821,56.851922286780415,48.86594451305915,7.9859777737212685,11.622672196272095,6.9791833921357584,14.394516142227182,7.8601513702013035,2.52873829878551,1.3678508349659426,56.851922286780415
1975-09-01,1700816,956033,821336,134697,138199,4564,369015,373287,85662,9276,120708,22247,135395,52024,83371,-4272,242132,133635,200556,1277297,74.84813633790732,15.70159485225441,9.450268809838276,25.151863662092683,84.2984051477456,56.21025437201908,48.2907028155897,7.919551556429385,11.79175172387842,7.097063997516487,14.236225435320458,7.857110939690125,3.0587670859164073,1.30801920960292,56.21025437201908
1975-12-01,1746705,983422,845815,137607,141137,4928,379684,384107,85603,9415,125194,21856,142038,53300,88738,-4423,247391,136209,205612,1314228,74.8288729200717,15.645078327352635,9.526048752575656,25.171127079928294,84.35492167264736,56.301550633907844,48.42346017215271,7.878090461755133,11.771421047057173,7.167438119201583,14.163296034533593,7.7980540503404985,3.051459748497886,1.2512702488399587,56.301550633907844
1976-03-01,1801802,1014752,871255,143497,141674,5136,398585,401007,84328,9549,126395,21636,159099,60844,98255,-2422,251926,136538,213768,1354915,74.89414465114048,15.777225877638081,9.328629471221442,25.10585534885952,84.22277412236193,56.31872980493972,48.35464718098881,7.964082623950912,11.864122694946504,7.01492172835861,13.981891461991939,7.577858166435601,3.376841628547421,1.2007978679122346,56.31872980493972
1976-06-01,1831400,1035541,889419,146122,144856,4836,399141,401561,86518,9394,128627,20455,156567,59380,97187,-2420,256699,140020,213554,1377722,75.16327677136607,15.500514617607907,9.336208611026027,24.836723228633932,84.4994853823921,56.54368242874304,48.56497761275527,7.9787048159877685,11.660696734738451,7.023424702413454,14.016544719886426,7.645517090750245,3.242328273452004,1.1169050999235557,56.54368242874304
1976-09-01,1869193,1058412,908489,149923,147693,5068,405464,407775,87666,9049,132685,20023,158351,58980,99371,-2310,262692,142625,216109,1407206,75.21372137412718,15.357310869908172,9.428967755964656,24.78627862587283,84.64268913009182,56.62400832872796,48.60327424722862,8.020734081499342,11.56162044261882,7.0985179165554335,14.053765448511738,7.630298208906196,3.155372398676862,1.0712109450441982,56.62400832872796
1976-12-01,1908639,1084831,929965,154866,151329,5460,408351,410740,89734,8550,136192,19122,157143,58468,98675,-2389,269589,145869,216081,1437104,75.48729945779846,15.03586379273873,9.476836749462809,24.51270054220154,84.96413620726128,56.83793530363783,48.723986044506056,8.113949259131768,11.32120846320336,7.135555754650303,14.124672083091669,7.642566247467436,3.0633346588852057,1.0018657273586047,56.83793530363783
1977-03-01,1960906,1113341,950105,163236,154836,5820,421012,423625,95454,8160,138592,16446,164974,62920,102054,-2613,277537,149016,222114,1474047,75.52954553009504,15.068311933065907,9.402142536839056,24.47045446990496,84.9316880669341,56.77686742760744,48.45234804728019,8.324519380327256,11.327111039488889,7.067753375225534,14.153508633254221,7.599344384687487,3.2087208667830076,0.8386939506534224,56.77686742760744
1977-06-01,2035208,1150353,980970,169383,158028,5856,447023,449745,99365,7823,140511,16315,185731,68420,117311,-2722,285660,152172,240814,1531678,75.10410151480924,15.722234046581592,9.17366443860916,24.895898485190752,84.27776595341841,56.52262569722603,48.19998742143309,8.322638275792942,11.832402388355392,6.904011776683268,14.035911808522766,7.476975326354849,3.3618185463107455,0.8016379652595705,56.52262569722603
1977-09-01,2097868,1182171,1007568,174603,161532,6416,466826,470042,104159,8029,142368,15605,199882,70840,129042,-3216,293756,155116,256835,1581374,74.75594008754412,16.241256021662174,9.002803890793702,25.244059912455878,83.75874397833782,56.3510668926739,48.02818861815901,8.322878274514888,12.242667317486134,6.78631830029344,14.002596922208642,7.393982843534483,3.3767615502977306,0.7438504233822147,56.3510668926739
1977-12-01,2155534,1217684,1038237,179447,164260,10308,481534,484813,108813,8312,156496,15097,196095,71836,124259,-3280,302364,153952,256481,1630661,74.67425786230247,15.728652368579368,9.597089769118167,25.325742137697535,84.27134763142064,56.49105975595838,48.16611568177537,8.32494407418301,11.898722080004305,7.260196313303339,14.027336149650157,7.142174514528651,3.3326312644569747,0.7003832924927187,56.49105975595838
1978-03-01,2199970,1251010,1063944,187066,166912,8680,479130,482334,111065,9353,158524,15891,187502,66192,121310,-3203,311598,158232,257619,1667153,75.03870370625852,15.452630922296875,9.508665371444613,24.961296293741487,84.54736907770312,56.86486633908644,48.36175038750528,8.503115951581158,11.710114228830394,7.205734623653959,14.163738596435406,7.192461715387028,3.008768301385928,0.7223280317458874,56.86486633908644
1978-06-01,2309587,1299226,1106141,193085,173059,8368,523671,526388,114570,10035,166115,15625,220044,80008,140036,-2718,321999,164691,280266,1745607,74.42832206791105,16.055503902081053,9.5161740300079,25.571677932088953,83.94449609791894,56.253607246663584,47.893454544037525,8.360152702626054,12.134896845193534,7.192411457113328,13.94184328193742,7.130755412114807,3.464169135001193,0.6765278813917813,56.253607246663584
1978-09-01,2365857,1336958,1138095,198862,169711,8288,535497,536878,116923,10732,168342,17124,223757,80228,143529,-1381,331980,161423,288308,1793608,74.54014478079937,16.074192354182184,9.385662865018443,25.459855219200627,83.92580764581781,56.510516062467005,48.10497844966961,8.405495344815852,12.186197221556501,7.115476548244462,14.032124511329298,6.82302438397587,3.391075622913811,0.723796915874459,56.510516062467005
1978-12-01,2437684,1380257,1174495,205762,173910,10408,550723,552932,121595,11380,170915,17545,231497,84980,146517,-2208,343202,163502,297037,1848209,74.6807855605075,16.071613113019144,9.247601326473358,25.3192144394925,83.92838688698086,56.62165399617014,48.18077322573394,8.4408807704362,12.185213505934321,7.011368167490126,14.079019265827728,6.707268046227485,3.48609581881819,0.7197405406114985,56.62165399617014
1979-03-01,2501832,1422587,1208636,213951,176441,8352,556377,558667,126800,12283,180057,17267,222260,81924,140336,-2290,354779,168089,296686,1899330,74.89941189787977,15.620560934645376,9.480027167474846,25.10058810212022,84.37943906535463,56.86181166441232,48.310038403857654,8.551773260554665,11.858749908067368,7.197006033978301,14.180768332965602,6.718636583111896,3.274560402137314,0.6901742403166959,56.86181166441232
1979-06-01,2550227,1454820,1234452,220369,178493,8776,558465,560904,133741,12699,179181,15625,219658,82112,137546,-2439,367225,169717,299611,1933612,75.23846562805775,15.494887288659772,9.266647083282479,24.76153437194225,84.50511271134023,57.0466864322274,48.4055733077879,8.64115233663513,11.748405141973636,7.026080423428973,14.399698536640072,6.654976204079088,3.219791806768574,0.612690556566141,57.0466864322274
1979-09-01,2609135,1496791,1269457,227334,180902,8132,559265,561862,141500,12958,180733,15366,211304,81036,130268,-2597,380308,172770,300092,1977616,75.68663481687041,15.174432245693804,9.138932937435781,24.313365183129587,84.82556775430619,57.36732671939168,48.65432413424372,8.713002585147951,11.50158960728364,6.926931722582388,14.576018488886163,6.621734789499202,3.105856921930065,0.5889308142353692,57.36732671939168
1979-12-01,2668123,1535010,1300996,234014,184568,8864,564200,567669,155515,13069,177777,16112,205197,77876,127321,-3469,393209,175704,312017,2024804,75.81030065132231,15.409738424064749,8.77996092461295,24.1896993486777,84.59026157593524,57.53145563379199,48.76072055148882,8.770735082303178,11.694250977185085,6.662998669851428,14.73728909799136,6.585303601070865,2.918755994382568,0.6038702113808097,57.53145563379199
1980-03-01,2722050,1573692,1333875,239817,189513,9200,561296,564850,171180,13159,167566,15792,197152,85388,111764,-3554,406750,180313,311895,2053153,76.64757570429481,15.191025705341978,8.161398590363213,23.35242429570519,84.80897429465801,57.81275141896732,49.00258995977296,8.810161459194358,11.45809224665234,6.155875167612645,14.9427820943774,6.624161936775592,3.136900497786595,0.5801509891442111,57.81275141896732
1980-06-01,2741686,1599268,1353977,245291,196896,9624,534178,538364,177650,13392,160309,17096,169917,64932,104985,-4186,420968,187272,313123,2072700,77.1586819124813,15.107010179958507,7.734307907560187,22.841318087518694,84.89298982004149,58.33155219087817,49.38483108568961,8.946721105188558,11.420819160180999,5.84709554631712,15.354347653232354,6.83054149891709,2.3683237248904505,0.6235579129046871,58.33155219087817
1980-09-01,2823750,1628697,1377400,251298,204294,10072,565468,569986,183828,13709,173401,19867,179182,72144,107038,-4518,435363,194222,324442,2126540,76.58906016345802,15.256802129280427,8.154137707261562,23.41093983654199,84.74319787071957,57.67851261620186,48.77910579902612,8.899442231075698,11.489756529437804,6.140805666223993,15.417901726427623,6.878158477202302,2.5549003984063745,0.7035679504205401,57.67851261620186
1980-12-01,2964663,1687725,1428827,258898,210617,10304,625988,631656,203396,15728,185005,23160,204367,79472,124895,-5668,450637,200313,367179,2239909,75.34792708096623,16.392585591646803,8.25948732738696,24.652072919033763,83.6074144083532,56.92805556651802,48.19525861792723,8.732796948590785,12.385185095236794,6.240338277908822,15.200277400837802,6.756687016365772,2.6806419481742108,0.7812017757161607,56.92805556651802
1981-03-01,3064900,1739768,1467818,271949,230842,10556,639304,645447,203837,16441,188213,23963,212994,78140,134854,-6143,465542,220286,379095,2307076,75.41008618701768,16.431838396307707,8.158075416674613,24.58991381298232,83.56816160369229,56.764266370844076,47.89121994192306,8.873013801429083,12.368919051192535,6.140918137622761,15.189467845606709,7.187379686123528,2.549512218995726,0.7818525889914842,56.764266370844076
1981-06-01,3127116,1774906,1496839,278067,235496,10704,646987,651123,223039,16560,176367,23335,211822,69076,142746,-4136,480431,224792,405680,2356953,75.305107908388493,17.212053019300768,7.482839072310734,24.6948920916115,82.78794698069923,56.75855964409379,47.866436678396326,8.892122965697467,12.972975738667833,5.639925093920405,15.363389141944207,7.1884765387660705,2.2089362850626584,0.7462147230867036,56.75855964409379
1981-09-01,3231849,1815241,1530725,284517,237466,11120,695744,700382,249296,17106,182286,23085,228610,71648,156962,-4638,494517,226346,446449,2443976,74.27409270794803,18.267323410704524,7.458583881347444,25.725907292051968,81.73267658929548,56.167259052016355,47.36375369022501,8.803536303831027,13.814042673404606,5.640300645234354,15.301364636776038,7.003606913565578,2.2169352590421147,0.7142969860287408,56.167259052016355
1981-12-01,3253483,1840808,1550733,290075,238772,13512,678989,682941,257368,17548,171848,24740,211436,62396,149040,-3952,508426,225260,448696,2461352,74.78849022813478,18.229655896434156,6.981853875431064,25.21150977186522,81.77034410356585,56.57961022080029,47.66378063140333,8.915829589396964,13.791250791843694,5.281970122481046,15.627129448655488,6.923656893243334,1.9178216084116622,0.7604158374271511,56.57961022080029
1982-03-01,3272128,1864869,1567744,297125,237401,13996,661927,665365,269758,18641,165195,23548,188224,50612,137612,-3438,521926,223405,449559,2479623,75.20776343823235,18.13013510521559,6.662101456552064,24.792236561767655,81.86986489478441,56.99254430144542,47.912062119819275,9.080482181626147,13.739040771021182,5.048549445498464,15.950659631897041,6.827514082578676,1.5467610069043753,0.71965399886557,56.99254430144542
1982-06-01,3326727,1884558,1581934,302624,238262,13604,683634,686983,276817,19152,169412,21080,200522,52736,147786,-3349,533877,224658,464835,2518805,74.8195275140394,18.45458461452951,6.7258878714310955,25.180472485960603,81.54541538547049,56.64901267822698,47.55226383168802,9.096748846538956,13.972742578516362,5.092452732069689,16.048115760625986,6.753124016488278,1.5852217509882838,0.6336558425142791,56.64901267822698
1982-09-01,3360833,1904945,1596627,308319,241777,13040,684402,687899,272905,19522,170698,24379,200396,53212,147184,-3497,542749,228737,463990,2539633,75.00867251291821,18.269962628458522,6.721364858623273,24.991327487081794,81.73003737154148,56.6807395666491,47.506882966217006,9.173886354960214,13.805803501691397,5.079038440767512,16.149240381774398,6.805961498235705,1.5832979502403124,0.7253856410003116,56.6807395666491
1982-12-01,3380870,1918325,1604532,313793,246292,19428,686381,689766,272496,19954,179459,26324,191532,48616,142916,-3385,549301,226864,461690,2559474,74.94997018918731,18.038471967287027,7.011557843525662,25.050029810812692,81.96152803271298,56.740572692827584,47.459145131282774,9.28142756154481,13.65595246194027,5.308071591040176,16.247326871485743,6.710225474508041,1.4379730661042867,0.7786161550133546,56.740572692827584
1983-03-01,3442826,1947394,1622636,324758,250664,19900,712360,714948,276121,20301,183262,25780,209484,50240,159244,-2587,552307,230764,481446,2612102,74.55275483116662,18.431362940650864,7.015882228182513,25.447245168833376,81.56863705934914,56.56382285947649,47.13093255366376,9.432890305812725,13.984035208285286,5.32301080565791,16.042257145728538,6.702749427359965,1.4592663120355196,0.7488034539067615,56.56382285947649
1983-06-01,3526639,1986471,1654848,331623,261239,21584,741431,743507,276941,20905,182636,24745,238280,65332,172948,-2075,559081,239655,495539,2664646,74.54915212001895,18.596804228404075,6.8540436515769825,25.450847879981055,81.40319577159593,56.32759689891707,46.92422445280053,9.403372446116544,14.051310610470763,5.178755183051058,15.853082779382863,6.795563708108485,1.852528710763988,0.7016595687848969,56.32759689891707
1983-09-01,3613588,2029805,1691575,338230,267494,22196,772317,774021,290148,21883,183805,23742,254444,73984,180460,-1704,566169,245298,516233,2729843,74.35610765893863,18.91072123928006,6.733171101781311,25.643892341061374,81.08927876071994,56.1714561815016,46.81150701186743,9.35994916963417,14.28588427900469,5.086495748823607,15.667779503363416,6.788211605750296,2.0473833763007847,0.6570201140805205,56.1714561815016
1983-12-01,3725690,2086974,1741685,345289,273727,21536,813594,814764,303170,23636,195301,23478,269179,76120,193059,-1170,572932,252191,543343,2825618,73.85902836122929,19.22917393646275,6.911797702307955,26.140971638770704,80.77082606353726,56.01577157519815,46.74798493701838,9.267786638179773,14.583687853793526,5.2420088627878325,15.377876312844064,6.768974337639471,2.0431114773370838,0.6301651506163959,56.01577157519815
1984-03-01,3866136,2144073,1784233,359840,281644,21224,879398,881037,308124,26685,221918,23192,301118,88436,212682,-1639,582246,260420,570683,2936674,73.01024900959385,19.432970768971973,7.55678022143418,26.989750990406154,80.56702923102803,55.45777489462347,46.150290626092826,9.307484268530647,14.761068932908723,5.740046392573877,15.060153083078298,6.735924447562113,2.2874518640834154,0.5998754311798654,55.45777489462347
1984-06-01,3962847,2195373,1828356,367017,287748,20996,909229,910339,326968,28648,231775,21715,301232,87144,214088,-1110,591493,266752,591419,3018567,72.72898034067158,19.592707400564574,7.678312258763844,27.271019659328417,80.40729259943542,55.39888368135333,46.13743604030133,9.261447641052001,14.924093713433802,5.848699180160122,14.925961057795066,6.731322203456252,2.199025094837121,0.5479646324977977,55.39888368135333
1984-09-01,4040395,2241817,1867257,374560,292172,20880,924110,924882,342635,30141,232366,24449,295290,74744,220546,-772,603176,271292,617771,3091954,72.504862620854,19.979954423642784,7.515182955503219,27.495137379146,80.02004557635722,55.485094897899835,46.214714155422925,9.270380742476911,15.289866461076207,5.751071368022186,14.928639402830663,6.714492023675903,1.8499181391918365,0.6051141039428076,55.485094897899835
1984-12-01,4115393,2283068,1900656,382411,297528,21160,939289,939235,346724,31162,226936,29257,305156,75584,229572,54,616669,276368,636715,3146719,72.55392044856882,20.23425034138733,7.211829210043859,27.44607955143119,79.76574965861266,55.476305665096866,46.18407039133322,9.292210974747734,15.471547917780878,5.5143214754945635,14.984449844765736,6.715470430163049,1.8366168188554532,0.710916308600418,55.476305665096866
1985-03-01,4191020,2323735,1932369,391365,301047,21119,963708,962931,351770,32203,240667,26878,311413,80512,230901,778,623649,279928,641752,3206154,72.47733577364032,20.01625623722379,7.5064079891358935,27.522664226359684,79.98374376277621,55.445571722396934,46.107367657515354,9.338180204341663,15.312549212363578,5.742444560035504,14.88060185825885,6.67923321768925,1.9210597897409223,0.6413235918702368,55.445571722396934
1985-06-01,4248348,2363862,1963845,400018,305701,20994,965217,963110,350811,38146,238477,25327,310348,78812,231536,2107,634561,284707,645820,3248159,72.77543987224763,19.882647370402744,7.341912757349625,27.224560127752365,80.11735262959726,55.6419106909321,46.22608599860463,9.415848230888807,15.201673685865659,5.613405493146983,14.936653023716513,6.701593183985869,1.8551210964826799,0.5961611431078622,55.6419106909321
1985-09-01,4325809,2406632,1997626,409005,311851,21333,983494,981085,348997,32787,240737,27054,331510,84740,246770,2409,645165,290518,655608,3302977,72.86251160695336,19.849002884367646,7.288485508678988,27.137488393046638,80.15099711563235,55.634264018591665,46.179246471584854,9.454994429943625,15.155731563737557,5.565132441122574,14.91432007284649,6.715922963773944,1.9589399347035432,0.6254090275368145,55.634264018591665
1985-12-01,4374446,2455929,2037220,418710,313933,21994,969400,967211,357580,33104,244323,25553,306649,82376,224273,2189,657178,291939,640510,3340762,73.51403661799314,19.172572006027366,7.313391375979492,26.485963382006858,80.82742799397263,56.14262926093956,46.57092578123036,9.571726339746792,14.642082677440754,5.585232964357086,15.023113784008306,6.673736514292324,1.88311845659999,0.5841425405639937,56.14262926093956
1986-03-01,4439594,2493036,2065464,427572,317495,23105,983979,981519,375160,42051,245628,22012,296668,87840,208828,2460,668189,294390,648051,3386715,73.61221714847574,19.135091083837878,7.252691767686386,26.387782851524264,80.86490891616212,56.15459431650732,46.52371365489727,9.630880661610048,14.597078021098326,5.532668077306168,15.05067805749805,6.631011754678468,1.978559300692811,0.4958111034477477,56.15459431650732
1986-06-01,4468777,2519014,2083631,435383,319475,24187,974559,972041,378440,34517,251631,21078,286374,88404,197970,2518,679916,295288,632005,3402650,74.0309464681939,18.573905632374768,7.3951478994313256,25.969053531806093,81.42609436762524,56.3692034755818,46.62642597739829,9.742777498183507,14.142683781267223,5.630869475026389,15.21481156925038,6.607803432572267,1.9782593761111822,0.4716726746490147,56.3692034755818
1986-09-01,4515237,2556896,2113131,443764,326155,25451,966684,964150,374284,33248,264416,16592,275610,90004,185606,2534,690953,300704,609730,3431042,74.52243370964273,17.77098619020111,7.706580100156162,25.477566290357274,82.22901380979889,56.62816813381003,46.80000186036746,9.828144126210873,13.503831581819515,5.856082416050365,15.302696181839403,6.6597611598239475,1.9933394415398351,0.36746686829506403,56.62816813381003
1986-12-01,4575530,2606435,2154242,452193,330367,26837,963444,960792,371423,34027,264240,13391,277711,101236,176475,2652,702121,303530,595316,3465991,75.20028182415938,17.1759245768382,7.623793599002421,24.799718175840617,82.8240754231618,56.964657646218036,47.081802545278904,9.882855100939127,13.010864315172231,5.775068680568153,15.345129416701454,6.633767017154297,2.2125524256206384,0.29266554912764203,56.964657646218036
1987-03-01,4652468,2649361,2194256,455105,336035,28281,982753,979687,367338,34011,275438,14487,288413,101542,186870,3067,712600,307754,602706,3527505,75.1058042440762,17.085900657830393,7.808295098093412,24.894195755923803,82.9140993421696,56.94528151510123,47.163269043441026,9.782012471660202,12.954543695948043,5.920255657857292,15.316601855187397,6.614854739463012,2.182540535474935,0.3113831196689585,56.94528151510123
1987-06-01,4759392,2693567,2231434,462133,344369,30443,1028129,1025285,374793,34350,282308,14133,319699,115122,204577,2845,723770,313926,627853,3603728,74.7439040904308,17.422319331536677,7.833776578032526,25.2560959095692,82.57768066846333,56.59477092872367,46.884854199864186,9.709916728859485,13.19187408811882,5.9315979856250545,15.207194532410863,6.595926538515844,2.4188383726324707,0.2969496944147488,56.59477092872367
1987-09-01,4865151,2741443,2271965,469478,352378,31306,1066561,1063989,380365,32481,289495,17477,344171,119884,224287,2571,736076,321072,654610,3685548,74.38359234501898,17.761537768603205,7.85486988637782,25.616407654981025,82.2384622313968,56.34856965385041,46.69875611260576,9.64981354124466,13.455080839217528,5.950380574004795,15.129561240750801,6.599425177142498,2.464137289880622,0.3592283158323349,56.34856965385041
1987-12-01,4969432,2810672,2332835,477837,357398,31098,1083375,1080863,390690,32327,298630,20287,338928,114260,224668,2511,749086,326300,667972,3777274,74.4100639773551,17.683969974113605,7.905966048531296,25.589936022644903,82.31603002588639,56.559220450144004,46.943694973590546,9.615525476553458,13.441616667659403,6.009338693033731,15.073875646150304,6.56614277044137,2.299256735981094,0.4082357903277477,56.559220450144004
1988-03-01,5068209,2858473,2367096,491377,365220,30364,1111078,1108863,393458,31117,319160,21050,344078,112591,231487,2215,763802,334856,677112,3854745,74.1546587387752,17.565675550522798,8.279665710702005,25.845341261224803,82.4343244494772,56.4000616391313,46.70478269542554,9.695278943705755,13.359985746444158,6.297293580434429,15.070451909145815,6.606988780454792,2.22151454290855,0.41533409533821514,56.4000616391313
1988-06-01,5176433,2924054,2422462,501592,372500,29842,1132041,1125886,399122,31675,322499,20281,352308,120002,232306,6155,777680,342658,683384,3929937,74.4046024147461,17.389184610338535,8.206212974915374,25.59539758525391,82.61081538966147,56.48781699676206,46.797901180214254,9.689915816547805,13.20183222694083,6.23013955749065,15.02347272726219,6.61957761261471,2.318237288109399,0.39179489041971566,56.48781699676206
1988-09-01,5285539,2976558,2463571,512987,377526,29237,1169321,1162736,415484,33166,333596,21203,359287,129120,230166,6585,791371,348289,700019,4010173,74.22517681905494,17.456079824985107,8.318743355959954,25.774823180945063,82.54392017501489,56.315126990832916,46.60964567662825,9.705481314204663,13.244041903767998,6.311484978164006,14.972380300287256,6.589469872419823,2.4428918223855693,0.40115114087702314,56.315126990832916
1988-12-01,5404274,3036327,2509467,526860,382612,28565,1208765,1201492,430795,35066,326841,27429,381361,135351,246011,7273,805134,354047,739301,4102469,74.01218631999413,18.020879621515725,7.966934058490144,25.98781368000587,81.97912037848427,56.18380933313152,46.4348587802913,9.748950552840215,13.679931846534798,6.047824370118909,14.898097320750207,6.551240740199331,2.5045177206041,0.5075427337696053,56.18380933313152
1989-03-01,5493904,3080126,2541872,538254,391008,27952,1232294,1225178,453568,37233,348099,23078,363200,137171,226030,7115,818428,363056,739909,4168134,73.89700043232776,17.751564609007293,8.351434958664957,26.10299956767225,82.24843539099271,56.06443068535599,46.267135355841674,9.797295329514313,13.467818148988407,6.33609542503837,14.897020406617953,6.608342628484225,2.496785528105333,0.4200655854197671,56.06443068535599
1989-06-01,5542536,3115774,2564689,551085,397485,27389,1224983,1217936,463202,37665,339519,21171,356379,122964,233414,7048,831683,370096,755452,4210745,73.99578934369096,17.941053186550125,8.063157469758915,26.004210656309038,82.05894681344988,56.21567455763932,46.27284333380965,9.94283122382967,13.630078361241136,6.125697695062333,15.005459594669299,6.677376565528848,2.2185512191531096,0.3819731617440103,56.21567455763932
1989-09-01,5606205,3156319,2593525,562794,403939,27096,1228155,1220896,469596,39130,337157,20009,355004,118934,236070,7259,844888,376843,764805,4258281,74.1219050598117,17.960416421556022,7.917678518632283,25.878094940188305,82.03958357844398,56.30045636932649,46.26168682736361,10.038769541962878,13.642116190899191,6.013996990834263,15.070586965692478,6.721891190207993,2.121470763198991,0.3569081045020651,56.30045636932649
1989-12-01,5652361,3211327,2637258,574069,403033,27275,1207243,1199629,467251,39039,339742,21833,331765,118619,213146,7614,858033,375758,741269,4292338,74.81533374119186,17.26958594593436,7.915080312873776,25.184666258808136,82.73041405406563,56.813904844365034,46.65763563226057,10.156269212104464,13.114325146606879,6.010621048443297,15.180081385459987,6.647806111463864,2.0985743833417576,0.38626336852865556,56.813904844365034
1990-03-01,5767833,3274921,2686591,588330,419548,27125,1230468,1225289,472791,39375,345605,23137,344381,116753,227628,5179,870021,392423,762931,4383457,74.71091880221478,17.404778922206834,7.884302275578385,25.28908119778522,82.59522107779317,56.77905376247891,46.578862460130175,10.200191302348733,13.22734205376612,5.991938393500644,15.084018556015751,6.803647054274976,2.0242090920454876,0.4011385211742434,56.77905376247891
1990-06-01,5864899,3336913,2741034,595879,419450,26950,1253256,1249741,471551,38970,351118,26654,361449,121667,239782,3515,882230,392500,776957,4464988,74.73509447281829,17.40109939825146,7.8638061289302454,25.264905527181707,82.59890060174854,56.89634211944656,46.73625240605166,10.160089713394894,13.247576812490719,5.986769763639578,15.042543784641474,6.692357361993787,2.0744943774820332,0.4544664793033947,56.89634211944656
1990-09-01,5910988,3374835,2771624,603211,426751,26930,1241318,1237942,470767,38873,358938,31600,337763,125139,212625,3377,895014,399821,753865,4487638,75.2029241217763,16.798703460484113,7.998372417739577,24.79707587822369,83.2012965395159,57.0942624143375,46.88935250756726,10.204909906770238,12.753620883683066,6.072385868487637,15.1415296393767,6.764029972654318,2.117057249989342,0.53459760026581,57.0942624143375
1990-12-01,5927434,3384050,2774773,609277,434210,26967,1229276,1226434,469330,39502,356952,31273,329377,123705,205672,2842,906865,407243,745777,4486779,75.42270301256202,16.62165664945833,7.955640337979651,24.577296987437983,83.37834335054167,57.09131472404417,46.81238120913704,10.278933514907125,12.581784967997956,6.022032468012297,15.299453355364227,6.87047717444007,2.086990761938471,0.5275976080037331,57.09131472404417
1991-03-01,5973071,3389868,2774065,615804,444009,27137,1247360,1241489,454294,39753,347459,32969,367014,120157,246857,5871,918971,416872,773873,4511200,75.1433764851924,17.15448217769108,7.70214133711651,24.85662351480759,82.84551782230892,56.752514744927694,46.442859962655724,10.309671524078652,12.956032165028676,5.817091409092575,15.385234831462743,6.979190436544283,2.0116452658942108,0.5519606246100205,56.752514744927694
1991-06-01,6034491,3430273,2802805,627468,451552,27213,1250933,1242845,442570,38655,353015,35492,373113,115996,257118,8088,928946,424339,773835,4557123,75.27277626695614,16.980779320637165,7.746444412406687,24.727223733043854,83.01922067936283,56.84444636672753,46.44641942460433,10.398026942123204,12.823533915287967,5.849954867775923,15.393941261988791,7.031893825013576,1.92221680337248,0.5881523396090905,56.84444636672753
1991-09-01,6098185,3472728,2830887,641841,461270,27504,1253910,1245247,437373,38483,353620,39437,376335,116916,259419,8663,937781,433766,774712,4601060,75.47669450083242,16.837685229055914,7.68562027011167,24.523305499167584,83.16231477094409,56.94691125310236,46.421795993398035,10.525115259704322,12.703976675027079,5.798774553412204,15.378034611937814,7.113034452054177,1.9172261910716057,0.6467006166588911,56.94691125310236
1991-12-01,6155919,3520192,2861159,659034,471532,28098,1248420,1238171,417918,38666,362555,46412,372620,118183,254437,10249,943873,443434,757433,4640180,75.86326392510635,16.323353835411556,7.813382239482089,24.136736074893648,83.67664616458845,57.18385833211906,46.47817815666515,10.705696419982134,12.304141753652054,5.889534933776744,15.332771597547012,7.20337613279187,1.9198270802458577,0.7539410443834624,57.18385833211906
1992-03-01,6284700,3598666,2915852,682814,476405,28575,1290034,1280255,412029,38625,378711,50002,400887,130432,270456,9779,948169,447830,771112,4748489,75.78549723922704,16.239102586106863,7.975400174666088,24.21450276077295,83.76089741389313,57.26074434738333,46.396041179372126,10.864703168011202,12.269670787786211,6.025920091651153,15.086941301891896,7.125718013588556,2.075389437841106,0.795614746925072,57.26074434738333
1992-06-01,6375336,3654900,2954982,699918,481220,29224,1313259,1302804,404132,38363,395206,57266,407837,132371,275466,10454,955181,451996,775227,4825333,75.743995284885,16.065772041017688,8.190232674097311,24.256004715114997,83.93422795898232,57.32874314389077,46.35021589450344,10.978527249387326,12.159782637338644,6.198983081048591,14.982441709738906,7.089759661294715,2.076298409997528,0.8982428533962759,57.32874314389077
1992-09-01,6427000,3691394,2979434,711960,485976,30392,1316671,1305288,394890,38880,407857,64317,399344,127797,271548,11383,963352,455584,769635,4868886,75.81598747639603,15.807209287709755,8.376803235894206,24.18401252360396,84.19279071229025,57.43572428815933,46.35808308697682,11.07764120118251,11.97502722887817,6.345993465069239,14.98913956744982,7.088594989886417,1.9884393962968725,1.0007312898708574,57.43572428815933
1992-12-01,6532228,3739889,3023755,716134,489897,32161,1360326,1350167,392873,43012,418846,70705,424730,137057,287673,10159,974276,457736,794263,4952998,75.50758146883967,16.03600486008676,8.45641367107356,24.492418531160318,83.96399513991324,57.25288523303228,46.289795763405685,10.963089469626595,12.159143863318917,6.411992967789857,14.91491111455387,7.007348794316426,2.098166199955054,1.0824025125883543,57.25288523303228
1993-03-01,6546005,3748676,3019044,729632,489749,35468,1356882,1347274,400911,40204,418929,80719,406511,141728,264783,9608,986166,454281,786617,4954222,75.66629028735491,15.877709961321878,8.455999751323215,24.333709712645092,84.12229003867812,57.266622924974854,46.12040473540732,11.14621818956753,12.01674914699882,6.399765964126211,15.065158062054643,6.93982054703594,2.165106809420402,1.2331032438869203,57.266622924974854
1993-06-01,6664264,3803527,3069757,733770,497551,37558,1403208,1391462,391078,39302,429555,86850,444677,154122,290555,11745,997536,459993,807785,5040867,75.45382570101532,16.024723524742868,8.521450774241812,24.546174298984678,83.97527647525713,57.07347428013056,46.06295608937461,11.010518190755949,12.12114346010302,6.44564801154336,14.968434623838432,6.9023826186957775,2.3126634839196045,1.3032196803728064,57.07347428013056
1993-09-01,6717134,3837401,3096910,740491,504893,37688,1403833,1391966,384927,38700,423448,92528,452362,146383,305979,11867,1008696,467205,822134,5082983,75.49505870863625,16.174242565831914,8.330698725531839,24.504941291363753,83.82575743416808,57.12854619246839,46.10463331533955,11.023912877128847,12.239356844749562,6.303998103953264,15.01676161291408,6.955421761721591,2.179247875656493,1.3774922459489418,57.12854619246839
1993-12-01,6885130,3892833,3144931,747902,520314,36010,1486393,1473892,382725,39346,440004,100221,511597,177955,333642,12501,1021600,484304,855934,5188771,75.02418202691928,16.495890838119468,8.479927134961246,24.975817973080716,83.50410916188054,56.53971675189866,45.677147708176896,10.86256904372176,12.431631646751768,6.390641861518954,14.837773578712385,7.034057454252861,2.5846280317147245,1.4556152171418695,56.53971675189866
1994-03-01,6956227,3917304,3156632,760672,531463,33567,1507742,1494909,377455,40710,450230,108977,517538,155921,361617,12832,1033285,497896,888759,5256293,74.52598247472125,16.908475231498702,8.565542293780046,25.474017525278747,83.0915247685013,56.31363093815081,45.378507630645174,10.935123307505634,12.776451947298442,6.472330474551794,14.854101224701264,7.157558256796393,2.2414593428305314,1.5666107503392284,56.31363093815081
1994-06-01,7098217,3995615,3227404,768211,544395,32376,1543613,1530865,384393,39702,454123,113459,539188,164124,375064,12748,1046970,512019,912618,5362356,74.51230392014257,17.018974495538902,8.468721584318535,25.487696079857436,82.9810255044611,56.2904036323488,45.46781255067294,10.822591081675863,12.857003385498077,6.397705226537876,14.749760397575898,7.213346675651082,2.3121862856545525,1.5984154894109324,56.2904036323488
1994-09-01,7205842,4035771,3262723,773047,550510,31945,1589236,1576497,390237,41265,456768,116286,571942,180226,391716,12739,1062270,518565,939504,5432043,74.29563793953767,17.29559210043072,8.408769960031613,25.704362060462334,82.70440789956928,56.00693159800062,45.27885845956656,10.72805926080533,13.038087707168712,6.3388567220874394,14.741788676465568,7.196452545032211,2.501109516417374,1.61377393509322,56.00693159800062
1994-12-01,7331661,4092136,3315659,776477,554622,32204,1637200,1624896,406483,41182,465457,115940,595833,190414,405419,12304,1079907,522418,969024,5526617,74.04413947990244,17.5337643263501,8.422096193747459,25.955860520097556,82.4662356736499,55.81458280736111,45.223844910450715,10.5907378969104,13.216977708052786,6.3485886758812224,14.729363509851314,7.125506757609224,2.5971468129800326,1.5813606221018675,55.81458280736111
1995-03-01,7401941,4138481,3362141,776339,555321,33964,1642952,1626529,408328,43617,467357,118286,588940,194746,394194,16423,1099150,521357,964425,5570263,74.29597130332984,17.3138144464633,8.390214250206858,25.704028696670157,82.6861855535367,55.910753679338974,45.422423658875424,10.488316510493666,13.029352706269883,6.313978995509421,14.849483399016556,7.043517369295432,2.6310125952098242,1.598040297808372,55.910753679338974
1995-06-01,7480960,4176938,3399263,777675,553593,34614,1669291,1653132,408900,44901,471970,121577,605784,191033,414751,16159,1115753,518979,990129,5639037,74.07183176843847,17.55847673991144,8.369691491650082,25.928168231561525,82.44152326008856,55.834251219094874,45.43886078792027,10.395390431174608,13.235320065873898,6.308949653520404,14.914569787834717,6.937331572418513,2.5535893789032422,1.6251523868594404,55.834251219094874
1995-09-01,7610482,4223789,3442968,780821,558946,35147,1732132,1715540,409600,45836,484461,125707,649936,198026,451911,16592,1130762,523799,1033054,5741304,73.5684611022165,17.993368753858007,8.438170143925491,26.4315388977835,82.00663124614199,55.49962538509387,45.23981529684979,10.259810088244082,13.574094255790895,6.365707191738973,14.85795512031958,6.8825995515132945,2.6020165345637767,1.6517613470474013,55.49962538509387
1995-12-01,7696985,4269498,3484076,785422,563750,35523,1755401,1738548,407861,45511,500954,133962,650261,193991,456270,16853,1143859,528227,1043604,5814056,73.43407081046347,17.949672311377807,8.616256878158724,26.56592918953653,82.05032768862219,55.46974562117504,45.26546433441146,10.204281286763583,13.55860768859495,6.508444540297273,14.86113068948426,6.862778087783723,2.520350500877941,1.7404477207633897,55.46974562117504
1996-03-01,7820260,4318408,3528308,790100,570417,35502,1811361,1794155,400673,46809,523312,139519,683842,201661,482181,17206,1155575,534915,1069182,5910902,73.05835894420174,18.088305304334263,8.85333575146399,26.941641055798254,81.91169469566574,55.22077271088173,45.11752806172685,10.103244649154888,13.67194952597484,6.691746821716925,14.776682616690493,6.840117847744192,2.578699429430735,1.7840711178400719,55.22077271088173
1996-06-01,7967235,4391572,3594020,797552,577683,35434,1865854,1848469,410916,48195,547499,141611,700249,213391,486858,17385,1167560,542249,1087580,6026651,72.86919385243976,18.046175230654637,9.084630916905592,27.13080614756023,81.95382476934536,55.12040249848285,45.110003658734804,10.010398839748044,13.650657976073255,6.871882152340178,14.654519416083497,6.805987271619326,2.6783570460768384,1.777417134049642,55.12040249848285
1996-09-01,8066765,4455328,3651335,803993,581754,35193,1882995,1864845,418747,48922,547476,143674,706026,213716,492310,18150,1181881,546561,1103653,6106457,72.96093299273213,18.073540843733117,8.965526163534763,27.03906700726788,81.92645915626689,55.23066557659731,45.26393170000614,9.966733876591174,13.681481981934517,6.786809830210747,14.651238755560625,6.7754669932742555,2.6493396051577056,1.7810609333481267,55.23066557659731
1996-12-01,8210113,4518961,3708714,810247,593156,34807,1936593,1918320,433215,66653,556847,145315,716290,216776,499514,18273,1196210,558349,1144697,6220505,72.6462079847215,18.40199469335689,8.951797321921612,27.3537920152785,81.59800530664312,55.04139833398152,45.17250858788424,9.868889746097283,13.942524298995641,6.7824523243468144,14.569957806914472,6.800746835031381,2.6403534275350413,1.7699512783806994,55.04139833398152
1997-03-01,8349950,4596567,3780520,816047,595715,34375,1978742,1960845,440916,46902,575562,144151,753313,218202,535111,17897,1213302,561340,1167080,6339209,72.51010338987088,18.410498849304386,9.079397760824733,27.48989661012912,81.58950115069561,55.04903622177378,45.27595973628585,9.773076485487938,13.977089683171755,6.8929993592776,14.530649884131043,6.722674986077761,2.613213252773969,1.7263696189797544,55.04903622177378
1997-06-01,8474827,4664319,3839988,824331,610396,33647,2002534,1983952,448991,47357,575138,144566,767900,222477,545423,18582,1231224,576749,1186337,6425794,72.58743433107254,18.46210756211606,8.950458106811391,27.41256566892745,81.53789243788394,55.03733586538109,45.3105178430191,9.726818022361991,13.998362444448718,6.786427616752531,14.528013374196311,6.805436854345228,2.6251509322845172,1.7058283313629883,55.03733586538109
1997-09-01,8648935,4743318,3907420,835898,616580,33432,2074663,2056650,459137,53500,588538,147383,808092,234202,573891,18013,1247806,583148,1233911,6565767,72.24316671608968,18.793097592406188,8.96373569150413,27.756833283910318,81.20690240759382,54.84279856421629,45.178047933069216,9.664750631147072,14.266623578509956,6.8047453241352835,14.427279196802843,6.742425512505297,2.7078709690846328,1.7040595171544242,54.84279856421629
1997-12-01,8795494,4848680,3997056,851624,623765,33786,2091862,2074040,472872,52492,596593,152142,799941,224167,575774,17822,1264973,589979,1253280,6698553,72.38399099029297,18.7097123811665,8.906296628540522,27.61600900970702,81.2902876188335,55.12686382368062,45.44436048731316,9.682503336367462,14.249114376065744,6.782939082216417,14.382057448961934,6.7077414867203595,2.548657301113502,1.7297720855701795,55.12686382368062
1998-03-01,8894375,4946382,4079287,867095,629053,33810,2071403,2054552,492793,58938,617383,156820,728619,222144,506475,16851,1281346,595243,1215026,6778791,72.96849836497393,17.923933633593364,9.107568001432703,27.031501635026068,82.07606636640664,55.612474176094445,45.86367226477409,9.748801911320356,13.660611341437706,6.941274682032184,14.406251141873375,6.692353313189516,2.4975785257536365,1.763136813997611,55.612474176094445
1998-06-01,9046494,5032752,4149930,882822,635519,35006,2113195,2095970,513183,60412,630197,162590,729588,218937,510651,17225,1300034,600513,1246836,6909785,72.83514610078316,18.044497766573055,9.12035613264378,27.164853899216837,81.95550223342694,55.63207138588717,45.87335159897304,9.758719786914135,13.782532769048428,6.966201491981313,14.370583786381774,6.638074374448267,2.4201309369132393,1.7972708543221274,55.63207138588717
1998-09-01,9210815,5119465,4222021,897444,643027,36784,2166339,2149091,523969,62611,645417,168033,749061,225457,523604,17248,1318769,606243,1278217,7043099,72.68767626296322,18.148502527083604,9.163821209953175,27.312323737036778,81.85149747291639,55.58102078914841,45.837648459989694,9.743372329158712,13.877349615642046,7.007164946858666,14.317614673620087,6.581860562827503,2.4477421379107063,1.8243011069053063,55.58102078914841
1998-12-01,9325159,5204208,4293478,910730,650290,39872,2171736,2155564,517377,74344,668108,173381,722354,220682,501672,16172,1338797,610418,1266774,7139090,72.89735806664434,17.744194288067526,9.358447645288125,27.102641933355653,82.25580571193247,55.808249489365274,46.0418744602639,9.7663750291013809,13.584476146733799,7.164574888213703,14.35682758867704,6.54592591933285,2.3665226512491637,1.8592819704200219,55.808249489365274
1999-03-01,9486042,5294986,4372655,922331,657528,42447,2217287,2199477,513634,65421,682440,176116,761866,226471,535395,17811,1358687,615081,1290566,7267992,72.85349240890744,17.756843981116106,9.389663609976456,27.14650759109256,82.2431560188839,55.81870710671532,46.09567404403227,9.723033062683045,13.604894433315813,7.194149045513398,14.3230126959168,6.484063637921906,2.387413001123124,1.856580436814427,55.81870710671532
1999-06-01,9567858,5351497,4416915,934582,667068,45027,2211112,2193803,502837,67085,690222,179581,754078,223551,530527,17309,1383208,622041,1280030,7321749,73.0904186964071,17.482571445702387,9.427009857890512,26.909581303592898,82.51742855429761,55.93202783736966,46.164094408591765,9.767933428777894,13.378438517795729,7.213965759107211,14.456819906817179,6.501361119698892,2.336479073999635,1.8769195780288546,55.93202783736966
1999-09-01,9695871,5430455,4480152,950302,679003,46449,2222207,2205379,520876,67883,699488,179410,737722,227610,510112,16829,1410656,632554,1278281,7408224,73.30306157049247,17.254891320780796,9.442047108726735,26.69693842950753,82.7451086792192,56.00791305907432,46.20680287516201,9.801099870243736,13.183766574452155,7.2142874013072165,14.549038451522303,6.523952309183982,2.3474941034178363,1.8503752783014542,56.00791305907432
1999-12-01,9892178,5562791,4590980,971811,690739,46913,2242366,2226999,538024,70345,713256,178883,726490,231911,494579,15367,1443195,643826,1281831,7557878,73.60255087472966,16.960197028848572,9.437252096421773,26.39744912527035,83.03980297115143,56.234238809693885,46.41020410267587,9.82403470701801,12.958026028241708,7.2103029282327915,14.589254257252549,6.5084352505585725,2.3443876565908943,1.8083277514820295,56.234238809693885
2000-03-01,10156063,5756349,4758656,997693,698550,45067,2267262,2252413,556201,81004,720561,179830,714817,243310,471508,14849,1478970,653483,1288543,7765453,74.12766518579149,16.593275369769156,9.279059444439365,25.87233481420852,83.40672463023084,56.678941436263244,46.85532179152492,9.82361964473832,12.687426220180004,7.094885094745868,14.562434281866901,6.434412626231247,2.395711802890549,1.770666448209311,56.678941436263244
2000-06-01,10287356,5799292,4786604,1012688,707315,45472,2320088,2306469,592167,84301,750678,180202,699121,241710,457411,13619,1506133,661843,1314081,7864051,73.74433355022748,16.70997555839859,9.545690891373924,26.255666449772516,83.2900244416014,56.373007797144375,46.529001232192215,9.84400656495216,12.773748667782082,7.297093636110192,14.64062291613122,6.4335578549046035,2.3495833137299806,1.7516843006113525,56.373007797144375
2000-09-01,10442351,5911457,4878790,1032667,711260,45819,2340491,2330398,623329,86337,760290,182853,677589,222794,454795,10093,1524963,665441,1347314,8019061,73.71757117198635,16.801393579622353,9.481035248391303,26.282428828013654,83.19860642037764,56.61040315538139,46.72118376407765,9.88921939130374,12.902401001460303,7.2808316824439245,14.603636671473694,6.372520900705215,2.133561685486343,1.7510711907692051,56.61040315538139
2000-12-01,10501081,5951419,4905668,1045751,717097,47002,2344723,2337470,643246,89039,782708,191016,631460,225979,405481,7253,1534844,670095,1328782,8062909,73.81230521143175,16.480181036397656,9.707513752170588,26.187694788568244,83.51981896360235,56.674346193501414,46.71583811228577,9.958508081215639,12.653763931541905,7.453594539457414,14.616057146878498,6.3812001831049585,2.151959403036697,1.819012728308638,56.674346193501414
2001-03-01,10679421,6057905,4987238,1070666,724180,55232,2386125,2379878,651572,98571,809975,197126,622634,188597,434036,6247,1566444,668948,1381305,8249185,73.43640614194008,16.74474508693889,9.818848771121026,26.563593858059917,83.25525491306111,56.72503219041557,46.69951676219151,10.025506064420533,12.93426862748458,7.5844467598009295,14.667873848217052,6.2638976401435995,1.7659852533203813,1.8458491335813056,56.72503219041557
2001-06-01,10732106,6048790,4969261,1079529,724146,62013,2427164,2422622,654057,100197,827759,202604,638004,182690,455315,4542,1594020,662133,1412173,8288722,72.97614758945952,17.037282707756393,9.986569702784097,27.023852410540492,82.96271729224361,56.36163116540221,46.30275735256435,10.058873812837852,13.158395938318165,7.7129223285718576,14.852816399688933,6.16964647945147,1.702275396832644,1.887830776177574,56.36163116540221
2001-09-01,10718673,6032702,4944066,1088636,725338,71162,2420215,2411059,632554,100466,845551,204794,627694,162829,464865,9156,1611579,654176,1402679,8280932,72.85051972410835,16.938661010620542,10.210819265271107,27.14948027589165,83.06133898937945,56.282172242776696,46.12572843671973,10.156443806056963,13.086312083594676,7.888579117956112,15.035247366908198,6.103143551445221,1.5191152860060195,1.9106283025893225,56.282172242776696
2001-12-01,10664415,6045976,4945952,1100024,737095,46433,2301785,2299099,570216,97665,840938,205078,585201,146475,438727,2686,1625991,690662,1311686,8198600,73.74400507403703,15.998902251603932,10.257092674359036,26.25599492596297,84.00109774839606,56.69299253639323,46.37809012496231,10.314902411430912,12.299652629797322,7.885458320967442,15.246884146950395,6.476323361384567,1.3734930608008034,1.9230121858536076,56.69299253639323
2002-03-01,10826772,6068740,4953879,1114861,744026,42574,2419050,2414475,547920,87839,859745,207315,711657,147364,564293,4575,1637530,701452,1407367,8335852,72.80287605874001,16.883301191048016,10.313822750211976,27.197123941259992,83.11669880895198,56.05308766084665,45.75582639035901,10.29726127048764,12.998952965851688,7.940917200436104,15.12482206146024,6.478865538130848,1.3611074473536526,1.9148366659979539,56.05308766084665
2002-06-01,10967337,6137268,5006446,1130822,751293,39822,2469347,2463834,553025,81552,864434,208855,755968,153672,602296,5513,1649251,711471,1445728,8447430,72.65248720616803,17.114412312383767,10.233100481448204,27.34751279383197,82.88558768761624,55.95950958742309,45.64869302365743,10.31081656376566,13.182124338843604,7.881895121851366,15.037843735448268,6.4871809811260475,1.4011787911687221,1.904336485693838,55.95950958742309
2002-09-01,11051742,6165291,5020511,1144780,768491,41333,2494890,2484465,547821,77463,873009,207677,778494,161806,616688,10424,1664403,727158,1449649,8487949,72.63581579012786,17.07890799061116,10.285276219260979,27.36418420987214,82.92109200938884,55.78569423716189,45.427327203259,10.35836703390289,13.116927630051444,7.899288637031158,15.060096408330923,6.579578133474342,1.4640768848928973,1.8791336243643761,55.78569423716189
2002-12-01,11197272,6202172,5035549,1166623,776312,41856,2579903,2570123,552417,76168,883355,209946,848237,179853,668384,9780,1680740,734456,1506915,8592442,72.18171504678182,17.53768020779192,10.28060474542627,27.81828495321819,82.46231979220808,55.39002714232538,44.97121263107657,10.418814511248812,13.457876168409591,7.889019754097248,15.010263214111436,6.559240500721962,1.6062215868293634,1.8749745473718955,55.39002714232538
2003-03-01,11245795,6221885,5035694,1186191,788612,47120,2587390,2580310,544685,77822,876295,218701,862807,199942,662865,7080,1695027,741492,1504073,8602253,72.32855160153973,17.4846403610775,10.186808037382765,27.671448398460264,82.5153596389225,55.326324194954644,44.778461638327926,10.547862556626722,13.374536882452508,7.792201440627363,15.07254044734054,6.593504505461819,1.777926771740015,1.9447357879100589,55.326324194954644
2003-06-01,11377023,6315763,5109829,1205935,799992,57140,2609614,2603942,521359,75585,892397,223194,891407,196456,694951,5672,1708794,742852,1515089,8723249,72.40149857008552,17.36840252983722,10.230098900077254,27.598501429914474,82.63159747016277,55.51331837863033,44.9135859178627,10.599741250413222,13.317095342076746,7.843853352498277,15.01969364041894,6.5294058032580224,1.726778613350786,1.9617961570438944,55.51331837863033
2003-09-01,11565399,6402369,5177406,1224963,812991,45922,2670249,2666035,515709,75740,905261,227513,941813,217650,724163,4214,1725713,767069,1543125,8850755,72.33698142135897,17.43495328929566,10.228065289345372,27.66301857864103,82.56504671070434,55.35796041277953,44.76634139470674,10.591619018072787,13.342600631417904,7.827321824348646,14.921344261447443,6.632447354388725,1.881906538633038,1.96718677842416,55.35796041277953
2003-12-01,11734357,6509165,5264906,1244258,820869,46047,2703513,2699996,493336,75042,916086,238980,976552,241006,735546,3517,1746857,774822,1542904,8968155,72.58087087031836,17.204252156658754,10.214876973022879,27.419129129681636,82.79574784334125,55.470998538735444,44.86744352502655,10.603546491725112,13.148602859108514,7.806870031310621,14.886687016595797,6.603020514886329,2.053849222415851,2.0365836832814956,55.470998538735444
2004-03-01,11916004,6550843,5283996,1266847,847322,44242,2788094,2786093,451682,80273,946564,243000,1064574,251408,813166,2001,1773987,803080,1588121,9085528,72.10195158718349,17.479677570747675,10.418370842068837,27.898048412816514,82.52032242925232,54.97516617147829,44.34369105616279,10.631475115315503,13.327630638593273,7.943636138423586,14.887432061956341,6.7395076403129774,2.1098348070376614,2.0392742399213697,54.97516617147829
2004-06-01,12148492,6678479,5390750,1287728,859898,43662,2850168,2849023,449415,79672,963037,243418,1113482,271582,841900,1145,1803609,816236,1614405,9255921,72.15358687698394,17.441862349516597,10.404550773499471,27.846413123016067,82.5581376504834,54.97372842654051,44.3738202239422,10.599899971123987,13.288933309582786,7.927214340677016,14.846361177996412,6.718825678117087,2.235520260457018,2.003689017534028,54.97372842654051
2004-09-01,12376076,6813400,5502469,1310931,871333,45378,2901575,2902086,458651,78496,964199,241800,1158940,292736,866204,-511,1835146,825955,1645151,9422750,72.3079780318909,17.459351038709507,10.23267092939959,27.6920219681091,82.5406489612905,55.052990948019385,44.46053013895519,10.592460809064198,13.292993675863011,7.790829662002722,14.828173324081074,6.67380355453538,2.3653377694189985,1.953769514666846,55.052990948019385
2004-12-01,12540611,6874482,5546092,1328391,893838,52263,2949941,2951155,476402,89409,977780,242912,1164652,298320,866332,-1215,1874613,841575,1675055,9527317,72.15548721639051,17.58160245953819,10.2629103240713,27.84451278360949,82.41839754046181,54.81775967694078,44.225054106215396,10.59271354481851,13.357044565053489,7.7969087790060625,14.948338641554228,6.710797424463609,2.3788314620396087,1.9370029099858053,54.81775967694078
2005-03-01,12750057,6937715,5586072,1351642,915059,56729,3042411,3044498,511613,84154,957110,233687,1257935,375747,882188,-2086,1911601,858330,1711642,9606467,72.21921441045912,17.817601413714325,9.963184175826555,27.78078558954088,82.18239858628567,54.41320772134587,43.81213354575591,10.601066332487768,13.424583121471535,7.506711538622925,14.992881992605994,6.731969904134546,2.947022119195232,1.832831021853471,54.41320772134587
2005-06-01,12964763,7017127,5649387,1367740,937317,60694,3122044,3124988,556532,96497,963936,231156,1276867,363962,912905,-2943,1948969,876623,1797090,9778153,71.76331767359336,18.378624265748346,9.858058060658285,28.236682326406633,81.62137573425166,54.124606828524364,43.574934613151044,10.549672215373317,13.861340928484385,7.435045283897592,15.032816257420208,6.761581372524897,2.807317033099641,1.7829558473224694,54.124606828524364
2005-09-01,13180576,7134214,5749835,1384379,952103,61986,3166569,3171011,590198,92038,988041,213554,1287181,370249,916932,-4442,1989675,890117,1812722,9934977,71.80906407735016,18.245860055841096,9.94507586680875,28.190935922649846,81.75413994415891,54.12672405212033,43.623548773589256,10.503175278531074,13.75298014290119,7.496189847848835,15.09550872435317,6.753248112980798,2.8090502266365296,1.6202175079450245,54.12672405212033
2005-12-01,13489392,7221831,5826679,1395152,965272,64234,3332563,3336888,638176,89876,1007478,206026,1395332,409037,986295,-4326,2033960,901038,1920373,10149682,71.15327357054142,18.92052381542594,9.926202614032636,28.846726429458577,81.07947618457406,53.537112717904556,43.194526484218116,10.34258623368644,14.236171652510357,7.468668713904971,15.078218499395673,6.679604240131801,3.032286406978165,1.5273186515745112,53.537112717904556
2006-03-01,13795893,7391390,5983062,1408329,981844,55729,3407960,3410282,644154,76709,1049502,194509,1445408,421381,1024028,-2322,2070428,926115,1939400,10380292,71.2059930491358,18.68348212169754,10.110524829166655,28.794006950864194,81.31651787830246,53.5767420057549,43.368428560586835,10.208320693702104,14.057806913985198,7.607350970321384,15.007567831962744,6.7129761009309075,3.0543945216159623,1.4099051072663438,53.5767420057549
2006-06-01,13973084,7439589,6024190,1415399,991688,51546,3486258,3491025,726186,76301,1052043,183436,1453058,432634,1020424,-4767,2107094,940142,2006347,10497979,70.86686875635777,19.11174522258046,10.021386021061769,29.13313124364223,80.88825477741953,53.242283521662074,43.112816039751856,10.129467481910222,14.358655540895624,7.529068028217679,15.079663158111694,6.728235513362691,3.0961955141756823,1.3127810582116304,53.242283521662074
2006-09-01,14125037,7498469,6073028,1425441,1004102,49886,3531244,3538419,723389,82700,1048750,177791,1505789,451289,1054500,-7175,2141108,954216,2038380,10585599,70.83651099951925,19.256161129851982,9.907327870628766,29.163489000480748,80.74383887014802,53.08636713659582,42.99477587209152,10.091591264504299,14.430971048075838,7.424759312134899,15.158247019105154,6.755493808617988,3.194958002587887,1.2586940480226707,53.08636713659582
2006-12-01,14207487,7635573,6192991,1442582,1010524,48708,3432068,3441424,714650,83562,1053184,168742,1421286,415282,1006004,-9356,2178031,961816,1972958,10661715,71.6167427097798,18.505071651230594,9.8781856389896,28.383257290220193,81.4949283487694,53.74330449853658,43.58962989021211,10.15367460832447,13.886748585446533,7.412880265172863,15.330163596137727,6.769782720899199,2.922979975276416,1.1876977258539811,53.74330449853658
2007-03-01,14341982,7816971,6354735,1462236,1025852,49499,3333983,3345859,752060,97820,1017222,162476,1316281,418619,897662,-11876,2214675,976353,1910018,10744211,72.75518881749437,17.777182521825008,9.46762866068062,27.24481118250563,82.22281747817499,54.50411944457886,44.30862484697025,10.195494597608615,13.317671155911366,7.092618021693236,15.441903357569407,6.807657407462929,2.918836462073373,1.1328699199315688,54.50411944457886
2007-06-01,14511372,7856222,6381396,1474826,1033080,58181,3439323,3451586,830011,95081,998504,180253,1347737,413306,934431,-12263,2240928,974899,2039776,10894502,72.11180465155728,18.7229852268603,9.165210121582428,27.88819534844273,81.2770147731397,54.138381953133035,43.97513894620026,10.16324300693277,14.056396597096402,6.880838007598454,15.442564631380135,6.7181724787980075,2.848152469663103,1.242149949708408,54.138381953133035
2007-09-01,14465128,7895385,6407743,1487643,1035796,55913,3324258,3336507,828140,98480,987098,193632,1229157,376508,852649,-12249,2265601,979883,1972901,10855384,72.73243397009263,18.174400831882135,9.093165198025238,27.26756602990737,81.82559916811786,54.58219934175487,44.29786587439807,10.284340380534482,13.639015154238525,6.823983859665812,15.6625022606091,6.774105282718549,2.60286670121412,1.338612420159711,54.58219934175487
2007-12-01,14529241,7988896,6485268,1503628,1052587,54744,3252706,3267802,843819,97608,978763,208675,1138936,358695,780242,-15096,2289796,997843,1930344,10898003,73.30605432940328,17.712823165858918,8.981122504737794,26.693945670596715,82.28717683414108,54.9849506935703,44.63597238148916,10.348978312081133,13.285924571008216,6.736504680457844,15.759914781508545,6.867826061939505,2.4687800278073713,1.4362415765558572,54.9849506935703
2008-03-01,14574086,8067816,6552340,1515476,1045748,51941,3192668,3208771,828794,111964,964960,249248,1053805,297984,755821,-16103,2319795,993807,1945827,10978603,73.48672686315372,17.723812401268177,8.789460735578105,26.513273136846284,82.27618759873182,55.35726905961719,44.95883995744227,10.398429102174916,13.351279798952744,6.621067008936272,15.917258893628047,6.8190005191406176,2.0446153535803204,1.7102135941835392,55.35726905961719
2008-06-01,14617898,8066295,6544069,1522226,1054693,51660,3201371,3218489,837486,105541,967537,280963,1026962,285230,741732,-17118,2347200,1003033,1965722,10999554,73.33292786234787,17.870924584760438,8.79614755289169,26.667072137652127,82.12907541523957,55.18095009282457,44.767510349299194,10.413439743525368,13.447364320095817,6.618851766512531,16.05702817190269,6.861677376596827,1.951238132869719,1.9220478895118847,55.18095009282457
2008-09-01,14711004,8085250,6558017,1527232,1058494,52000,3243221,3260309,884027,105628,957217,305248,1008189,270650,737539,-17088,2376040,1006494,2032442,11074909,73.00511453412393,18.35177155857443,8.64311390730163,26.994885465876063,81.64822844142557,54.96055877627387,44.5789899859996,10.381561992641698,13.815793945810904,6.506809460455588,16.1514469032841,6.841776400849324,1.8397792563988156,2.074963748225478,54.96055877627387
2008-12-01,14411662,8055357,6529371,1525986,1040028,54626,2978088,2994690,856801,127991,951502,325642,732754,169810,562945,-16602,2392814,985402,1873379,10880238,74.03658817022202,17.218180337599232,8.745231492178755,25.96341182977799,82.78181966240076,55.89471221292867,45.30616246759048,10.588549745338184,12.999048964650989,6.602305827044792,16.603317507723954,6.837531993187184,1.1782818664495462,2.2595728376088755,55.89471221292867
2009-03-01,14162551,7739385,6234589,1504796,1015911,55357,3075172,3090781,776050,120888,913805,326526,953512,171977,781535,-15610,2387440,960554,2004999,10658189,72.61444697593559,18.811816904354014,8.573736119710393,27.385553024064407,81.18818309564598,54.646828809301375,44.02165259634369,10.62517621295768,14.157046989627787,6.452262731481073,16.857415023606976,6.782351569290024,1.2143080720415411,2.305559217403701,54.646828809301375
2009-06-01,14188354,7770265,6262793,1507472,1017312,55465,3087187,3101428,719411,140736,902034,335906,1003340,195331,808009,-14241,2369055,961847,2004062,10676361,72.78008864630935,18.77102132458803,8.448890029102612,27.219911353690645,81.22897867541197,54.765091144469615,44.14037738274644,10.624713761723172,14.124696916922145,6.357566212402087,16.697179954771357,6.779130264158901,1.3766995100347792,2.3674768757531703,54.765091144469615
2009-09-01,14263641,7754474,6245162,1509312,1028752,67069,3188502,3202064,669740,118224,935014,355890,1123196,206414,916782,-13562,2358981,961683,2060636,10750124,72.13380980535666,19.168485870488563,8.697704324154772,27.866190194643337,80.83151412951143,54.365319486097555,43.78378564070702,10.581533845390528,14.446774144133325,6.555226677396045,16.538421010455885,6.742198573281534,1.447134010173139,2.4950852310430416,54.365319486097555
2009-12-01,14530841,7804640,6286581,1518059,1045298,55499,3366773,3381583,659758,120622,1001652,372046,1227505,242010,985495,-14810,2369629,989799,2137921,10944213,71.31293954165548,19.53471665801826,9.152343800326255,28.687060458344515,80.46528334198175,53.71086229627039,43.26371061385917,10.447151682411224,14.712988738917451,6.893283052233522,16.30758329817249,6.811711724049558,1.665492038623229,2.560388624443692,53.71086229627039
2010-03-01,14652508,7774624,6240243,1534381,1044645,54794,3513481,3529764,646243,126022,1057125,404881,1295493,256340,1039153,-16282,2374551,989851,2216299,11048048,70.37101938731621,20.060548252505782,9.568432360178015,29.628980612683797,79.93945174749422,53.060022215991964,42.5882244868933,10.471797729098663,15.125731376498821,7.2146352010181465,16.20576491068969,6.7555056103705935,1.7494615938786726,2.763219784626632,53.060022215991964
2010-06-01,14865717,7918168,6368230,1549938,1062140,55491,3558175,3576630,621600,122725,1103464,428875,1299966,262247,1037719,-18455,2382725,1006649,2210919,11232551,70.49305184548015,19.683142324481768,9.823805830038074,29.50694815451984,80.31685767551824,53.264622217683815,42.838364271296165,10.426257946387652,14.872602512209804,7.422877752886053,16.028322078242173,6.771614177775616,1.764105962732911,2.8849937073334573,53.264622217683815
2010-09-01,15136173,7990231,6430527,1559704,1069075,56001,3741094,3760651,584241,129358,1128991,442603,1475458,279180,1196278,-19556,2391773,1013074,2352480,11471702,69.65166110486483,20.506808841443057,9.84153005369212,30.34833889513518,79.49319115855694,52.78897776868697,42.48449723718142,10.304480531505552,15.542105656429799,7.458893341137156,15.80170231933792,6.693065677830188,1.8444556626037507,2.9241407322709643,52.78897776868697
2010-12-01,15263709,8048854,6481441,1567413,1076434,56948,3782853,3802743,588956,127205,1144435,458324,1483823,291302,1192521,-19889,2412516,1019486,2367006,11560295,69.62498794364677,20.475307939806033,9.899704116547198,30.375012056353235,79.52469206019397,52.73196704680363,42.46308023823043,10.268886808573198,15.507410420363753,7.497751693248345,15.805568620313712,6.679149871109309,1.9084614362079362,3.0027039954705637,52.73196704680363
2011-03-01,15358947,8177679,6584872,1592807,1091504,58877,3711409,3730891,591599,145512,1181207,489126,1323447,285121,1038326,-19482,2437233,1032627,2264563,11623449,70.35501252683261,19.48271119871563,10.162276274451758,29.644987473167387,80.51728880128437,53.24374776473934,42.87319957546569,10.370548189273652,14.74425948601815,7.690676971539781,15.868490203136973,6.723292944496781,1.8563837742261888,3.184632383977886,53.24374776473934
2011-06-01,15573082,8214104,6615890,1598214,1105484,59902,3849809,3868118,580475,130516,1211868,501353,1443907,285113,1158794,-18309,2463587,1045582,2371138,11797110,69.62810383220976,20.099312458729298,10.272583709060948,30.371896167790247,79.9006875412707,52.745525901680864,42.48285599472217,10.262669906958687,15.22587500663003,7.781812232158027,15.819521145525336,6.714033869467842,1.8308065160126943,3.2193563226598307,52.745525901680864
2011-09-01,15700283,8295333,6689659,1605674,1103878,60169,3873665,3891209,553859,128038,1252105,510060,1447146,256380,1190766,-17544,2487576,1043709,2382723,11930161,69.53244805329953,19.97226189990227,10.495290046798194,30.467551946700468,80.02773810009772,52.8355635372942,42.60852495461388,10.227038582680326,15.176306057667878,7.975047328764711,15.844147522691152,6.647708197361792,1.6329641956135441,3.248731248984493,52.8355635372942
2011-12-01,15863772,8248936,6645660,1603276,1114028,61083,4052834,4068864,573640,116422,1268165,525626,1585011,296439,1288572,-16031,2509057,1052945,2504260,12021361,68.61898582032434,20.83175108043091,10.549263099244753,31.381014179675663,79.1682489195691,51.998578900402755,41.8920544243828,10.106524476019953,15.78603121628324,7.994094973124929,15.816269926219313,6.637418893816679,1.8686539367812396,3.313373389380533,51.998578900402755
2012-03-01,16274824,8464321,6844206,1620114,1130876,58394,4199752,4214397,621629,108356,1297683,526776,1659954,319888,1340066,-14645,2538270,1072482,2596827,12358831,68.4880390386437,21.011914476377257,10.500046484979041,31.511960961356298,78.98808552362274,52.008679172198725,42.053947864505325,9.954725163233716,15.956098818641603,7.973560881518596,15.596297692681654,6.5898224152838765,1.9655389207281135,3.236753896693445,52.008679172198725
2012-06-01,16379664,8512111,6884319,1627792,1133897,58058,4227820,4241789,640974,97100,1308658,532464,1662593,334239,1328354,-13969,2563894,1075839,2598892,12419661,68.53738600433618,20.92562751914082,10.53698647652299,31.462613995663812,79.07437248085918,51.9675556226306,42.02967167092072,9.937883951709876,15.866576994497567,7.989528967138765,15.652909607913813,6.568138394047644,2.040572993438693,3.2507626530068015,51.9675556226306
2012-09-01,16329290,8554266,6914235,1640032,1131325,56306,4109857,4123002,569003,86507,1286792,536081,1644617,341719,1302898,-13145,2590148,1075019,2494489,12335547,69.34646675984453,20.221956918489305,10.431576321666157,30.65353324015546,79.77804308151069,52.38602535688937,42.342532957648494,10.043498523205846,15.276163262456604,7.880269136012649,15.861975627844199,6.583378701707177,2.092675186735002,3.28294126688913,52.38602535688937
2012-12-01,16646696,8770786,7101772,1669014,1148362,59391,4177028,4189852,608263,90166,1306555,542554,1642314,342509,1299805,-12824,2609909,1088971,2540788,12618129,69.5094019089518,20.136012240800518,10.354585850247688,30.490598091048206,79.86398775919949,52.68784868781168,42.661751016538055,10.026097671273627,15.263016757199146,7.848734667828379,15.678240294650662,6.54166448405137,2.0575194020483103,3.2592293389631193,52.68784868781168
2013-03-01,16711465,8740945,7052213,1688733,1175409,59388,4221287,4233938,562264,96964,1339638,562280,1672790,360544,1312246,-12650,2633212,1116021,2533754,12614337,69.29373299603459,20.086303386376944,10.619963617588462,30.706267003965408,79.91369661362306,52.305079177678316,42.199849025803545,10.105236135790609,15.16177067659837,8.016281038197429,15.75691897748043,6.678175731451431,2.1574649499609997,3.364636194373144,52.305079177678316
2013-06-01,16848772,8828114,7111514,1716599,1179354,60106,4237058,4251035,543393,101653,1364139,576295,1665555,357162,1308393,-13977,2664353,1119248,2529734,12721987,69.39257208799224,19.88473970300394,10.72268820900383,30.607427912007772,80.11526029699606,52.39618649952649,42.20790690265142,10.188273661724427,15.014352381289271,8.09637046545588,15.813336425942495,6.642905488898538,2.119810274600428,3.4203976408488406,52.39618649952649
2013-09-01,16946988,8854208,7121511,1732697,1190191,59966,4267781,4282002,551903,102272,1363124,588613,1676090,364320,1311771,-14221,2694774,1130225,2554559,12771891,69.3257404091532,20.00141560869882,10.672843982147985,30.674259590846805,79.99858439130118,52.24649949595763,42.02228148152344,10.224218014434188,15.07382314780656,8.043458814038223,15.90119731010608,6.669179207538236,2.149762541874698,3.473260263121683,52.24649949595763
2013-12-01,17134661,8951284,7205135,1746150,1198340,59420,4310382,4324107,553427,128309,1340054,587559,1714757,367645,1347112,-13725,2734074,1138920,2616407,12907745,69.34816267287586,20.270054916641133,10.381782410483009,30.65183732712414,79.72994508335887,52.24080009519885,42.05005865012445,10.190747281198036,15.26967472540017,7.8207208184626476,15.956393884886314,6.646877927727896,2.145621672935344,3.4290669654917596,52.24080009519885
2014-03-01,17313351,9123341,7367727,1755614,1215936,58698,4258046,4268360,559952,113706,1349446,594956,1650300,403576,1246724,-10315,2774727,1157238,2515338,12988125,70.24371108223859,19.366444348202684,10.389844569558731,29.756288917761417,80.63355565179731,52.6954083007963,42.55517606037098,10.140232240425323,14.52831401616013,7.794250806790667,16.026516183955376,6.684078662761473,2.3310103283876127,3.436400036018446,52.6954083007963
2014-06-01,17652741,9181919,7418852,1763067,1234846,58475,4492656,4501610,575304,118343,1376742,599082,1832139,425035,1407104,-8953,2801795,1176371,2699833,13258494,69.2531067253943,20.363044249218653,10.383849025387047,30.746893274605696,79.63695575078135,52.01412630480445,42.02662917900398,9.987497125800463,15.294129110034527,7.799026791363449,15.871727795700396,6.663956605945785,2.407756393185625,3.393705260843061,52.01412630480445
2014-09-01,17928908,9290227,7512630,1777597,1245624,58183,4613211,4621010,596602,177269,1381932,600292,1864915,397515,1467400,-7799,2838028,1187441,2841563,13513722,68.74661917715933,21.02724179171364,10.226139031127028,31.253380822840665,78.97275820828636,51.817026446897934,41.902328909267645,9.914697537630289,15.849057845575425,7.707842552374077,15.829341084242275,6.623052558471492,2.2171735166469704,3.3481793760110765,51.817026446897934
2014-12-01,18101313,9443131,7643904,1799227,1254442,57002,4596551,4603383,614913,132579,1371742,599679,1884470,401432,1483038,-6831,2864191,1197440,2830209,13645082,69.20538110360934,20.741604924030504,10.053013972360151,30.794618896390656,79.2583950759695,52.168210118238385,42.228450499695796,9.939759618542588,15.635379599258904,7.5781353540486265,15.823111837246282,6.615210730845878,2.21769547877549,3.312903323642876,52.168210118238385
2015-03-01,18212948,9573603,7755938,1817665,1259103,55995,4545031,4549484,632318,124316,1356127,588811,1847912,413740,1434172,-4454,2891206,1203108,2779617,13709347,69.83266963772965,20.27534207136197,9.891988290908385,30.167330362270356,79.72465792863802,52.56481817221462,42.5847479496455,9.98007022256913,15.26176322471244,7.445949991182098,15.874453712820133,6.605783973028419,2.2716805648377187,3.2329252793122785,52.56481817221462
2015-06-01,18381066,9676041,7840672,1835369,1270870,56442,4577734,4581303,672871,133690,1339920,603074,1831749,419419,1412330,-3569,2912862,1214428,2821965,13837926,69.92406954626004,20.39297651974725,9.68295393399271,30.07593045373996,79.60702348025275,52.64134843974773,42.656242026441774,9.985106413305953,15.352564426894501,7.289675147241188,15.847078727642891,6.606950869987627,2.2817991078428204,3.2809522581552124,52.64134843974773
2015-09-01,18460774,9762001,7913262,1848739,1275845,57676,4543779,4545948,673226,135027,1352322,606368,1779005,391381,1387624,-2169,2936825,1218169,2802245,13916568,70.14661229693988,20.136034976439593,9.717352726620529,29.853387703060122,79.86396502356041,52.879695076706966,42.86527747969831,10.014417597008663,15.179455639292264,7.325380831811278,15.908460826182043,6.598688657366154,2.120068205157595,3.284629344360101,52.879695076706966
2015-12-01,18497179,9826496,7968523,1857973,1287997,58654,4490480,4491675,666352,222603,1342520,607153,1653046,359961,1293086,-1195,2950860,1229343,2789194,13958210,70.39939934991665,19.982461934589033,9.618138715494322,29.600600650083354,80.01753806541096,53.1242953317368,43.07966636426019,10.044628967476608,15.079023671663663,7.257971607454304,15.953027215663534,6.6461107393727445,1.9460318786989086,3.2824086310674727,53.1242953317368
2016-03-01,18592063,9862415,8003469,1858946,1292489,60689,4536416,4536856,669733,161419,1335886,611984,1757834,374566,1383268,-440,2961432,1231800,2826404,14024705,70.32172869233257,20.153037087054592,9.52523422061284,29.678271307667433,79.8469629129454,53.046372530041445,43.04777258984116,9.998599940200288,15.202207522640172,7.185248888194925,15.928474424812352,6.625407842045286,2.014655393540781,3.2916411696754686,53.046372530041445
2016-06-01,18630413,9916161,8050156,1866004,1297521,62380,4484193,4486714,658738,166165,1333965,619124,1708721,378423,1330297,-2521,2994919,1235141,2774324,14024450,70.70623803429011,19.78205205908253,9.511709906627354,29.293761965709884,80.21794794091747,53.22566386477852,43.20975600487225,10.015902492338737,14.891371436585974,7.160147228083457,16.075429997177196,6.629702733911481,2.031211009653946,3.323189883122827,53.22566386477852
2016-09-01,18800880,10009604,8130424,1879180,1320127,62998,4513903,4516557,662073,147747,1355867,619876,1730994,386504,1344491,-2655,3020245,1257129,2774187,14139658,70.79099084291855,19.619901697763837,9.589107459317615,29.20900915708145,80.38009830223616,53.24008237912268,43.244911940292155,9.995170438830522,14.755623141044461,7.211720940721924,16.064381028973113,6.686543395841046,2.055776112607495,3.2970584355625907,53.24008237912268
2016-12-01,18984656,10120203,8224858,1895345,1326366,60924,4543172,4546174,676354,174717,1371136,623910,1700056,364643,1335413,-3001,3055839,1265442,2810394,14301733,70.76207477793076,19.650723447291316,9.587201774777924,29.23792522206924,80.34927655270869,53.30727614974957,43.32371363484279,9.983562514906776,14.80350236527857,7.222337871173436,16.09636224116992,6.6656040541371935,1.9207248211397667,3.2863908621783824,53.30727614974957
2017-03-01,19237015,10234606,8321309,1913297,1336928,59353,4635425,4639601,719380,155911,1409373,633854,1721084,278867,1442217,-4176,3089409,1277575,2951362,14595341,70.12241783182729,20.22126101747126,9.656321150701446,29.877582168172708,79.77873898252874,53.20267203617609,43.25675787017892,9.945914165997168,15.34209959289422,7.326360144752187,16.059710927085103,6.641233060326667,1.44963758670459,3.2949706594292305,53.20267203617609
2017-06-01,19405930,10346597,8412804,1933793,1353479,58042,4634921,4639446,715577,146284,1419731,634271,1723584,291112,1432472,-4525,3128974,1295437,2928604,14694932,70.40928804570174,19.92934707013275,9.661364884165506,29.590711954298257,80.07065292986725,53.31667691267566,43.35171774813163,9.964959164544034,15.09128395289481,7.315964759225659,16.12380339411716,6.675469817730972,1.5001187781260676,3.2684390802192937,53.31667691267566
2017-09-01,19601627,10489187,8529079,1960108,1371965,61912,4631928,4636377,721180,129494,1423933,643753,1718016,309673,1408344,-4449,3170459,1310053,2902771,14815891,70.79686938841546,19.59228101772617,9.610849593858378,29.203130611584548,80.40771898227383,53.51181817713397,43.51209723560192,9.999720941532047,14.808826838710889,7.264361269602773,16.17446857855218,6.683389088058863,1.5798331434426336,3.2841814610593296,53.51181817713397
2017-12-01,19932229,10669524,8676874,1992650,1393513,60192,4722414,4726274,725840,140013,1461500,656233,1742688,308972,1433716,-3860,3206970,1333321,2955802,15086826,70.72079972288405,19.59194067725047,9.687259599865472,29.27920027711594,80.40805932274954,53.529005712306436,43.53187995181071,9.997125760495727,14.829259687915487,7.3323460211098315,16.0893696334715,6.689271932406556,1.550112634166505,3.2923211949852673,53.529005712306436
2018-03-01,20204957,10793160,8772662,2020498,1423291,58705,4797737,4800907,746232,146597,1472227,663498,1772353,282439,1489914,-3170,3249473,1364586,3046241,15311628,70.48995704441096,19.894951732108435,9.615091223480611,29.510042955589046,80.10504826789156,53.41837649048201,43.41836510713683,10.000011383345186,15.076701227327531,7.286464405739641,16.082553405087673,6.7537189017526735,1.3978698395646176,3.283837723584366,53.41837649048201
2018-06-01,20470200,10901138,8853506,2047632,1440928,58236,4891180,4894145,753782,145723,1479569,669037,1846034,301972,1544062,-2965,3295191,1382692,3112604,15493311,70.3602864487778,20.08998593005717,9.549727621165031,29.6397135512222,79.91001406994283,53.25369561606628,43.250705904192436,10.002989711873846,15.205537806176784,7.227916678879542,16.09750271125832,6.754657990640053,1.4751785522369103,3.2683461812781505,53.25369561606628
2018-09-01,20760836,11052538,8979529,2073009,1463593,57831,4968099,4972549,752051,172041,1499864,679784,1868808,299402,1569406,-4450,3334438,1405762,3173282,15725684,70.2833530166319,20.178975998754648,9.53767098461345,29.7166469833681,79.82102400124535,53.237441883361534,43.252251498928075,9.985190384433459,15.284943246023426,7.224487491736845,16.061193296840262,6.771220580905316,1.4421480907608923,3.274357545139319,53.237441883361534
2018-12-01,20936314,11123918,9034733,2089185,1500564,78508,5019029,5026810,773520,158881,1529663,673633,1891113,305881,1585232,-7781,3371311,1422056,3191266,15844847,70.20527241443227,20.14071830419063,9.654009281377094,29.794727585567724,79.85928169580937,53.13217025690387,43.15340799722434,9.978762259679522,15.242730883764926,7.306266996186626,16.10269601420766,6.792294001704407,1.461006937515362,3.2175338982783694,53.13217025690387
2019-03-01,21211258,11340453,9233277,2107177,1508328,69054,5013214,5026520,772025,170691,1533982,674440,1875383,283093,1592290,-13307,3418317,1439274,3209446,16083881,70.50818766938154,19.954425178848314,9.537387151770147,29.491812330618462,80.04557482115169,53.46431126338664,43.53007728254496,9.93423869531925,15.130861168158908,7.231923726541821,16.115578811968625,6.785424985165896,1.3346355977566253,3.1796322500061054,53.46431126338664
2019-06-01,21369395,11400573,9285008,2115565,1520200,58870,5044702,5059621,770067,164621,1535592,682800,1906540,295889,1610651,-14919,3462789,1461330,3228139,16164304,70.52931570700477,19.970788720627873,9.49989557236736,29.470684292995234,80.02921127937213,53.35000359158507,43.45002748089031,9.899976110694757,15.106365903199412,7.185940453625383,16.204431618209124,6.8384247658859785,1.3846391065353043,3.1952238236038033,53.35000359158507
2019-09-01,21557692,11465005,9340972,2124033,1553580,81198,5120509,5133455,736816,167456,1570867,690231,1968085,294243,1673842,-12946,3499797,1472382,3268345,16304217,70.3192615750882,20.046010182519037,9.63472824239275,29.680738424911787,79.95398981748096,53.182896387980676,43.330111590795525,9.852784797185153,15.16092260711397,7.286805099544051,16.234562586755576,6.829961203639054,1.3649095645303773,3.2017852374920284,53.182896387980676
2019-12-01,21793424,11627855,9488760,2139095,1552419,82703,5166693,5174084,739178,142815,1582660,706257,2003175,315554,1687621,-7390,3529160,1469716,3275871,16486386,70.53004218147021,19.870158323358435,9.59979949517135,29.469957818529785,80.12984167664156,53.35487897633708,43.53955578526807,9.815323191069012,15.031465454900523,7.262098879001298,16.193692188983245,6.743850805637517,1.4479321835797807,3.2406885673403134,53.35487897633708
2020-03-01,21753360,11788802,9636601,2152201,1555343,80661,4920142,4920904,730215,134540,1583418,729239,1743493,269338,1474154,-762,3569734,1474682,3068148,16440368,71.70643625495488,18.662282985393027,9.631280759652096,28.293563745045123,81.33771701460697,54.19301661904184,44.299368005678204,9.893648613363636,14.104248722955901,7.2789582850649275,16.410035047459335,6.77909987238753,1.2381443602275695,3.3523051151638183,54.19301661904184
2020-06-01,19785283,11058708,9004818,2053891,1417925,1032430,4741509,4743250,768561,135883,1429455,736238,1673111,280928,1392184,-1741,3599571,385495,3032866,15521029,71.24983788123842,19.54036681459715,9.209795304164434,28.750162118761583,80.45963318540285,55.893605363137844,45.51270760190794,10.380902815491696,15.328898757728156,7.224839796327402,18.193174189118245,1.9483926512448673,1.419883657969411,3.721139596537487,55.893605363137844
2020-09-01,21278878,11577348,9441454,2135895,1540311,1163937,5689675,5696842,748322,153573,1710708,752498,2331741,351852,1979889,-7168,3635481,376374,3634282,16922338,68.41458904791997,21.476240458026545,10.109170494053481,31.585410952080025,78.52375954197346,54.40769950370503,44.37007439959945,10.037629803601487,17.079293372517103,8.039465238721704,17.084928068105846,1.7687680713240614,1.653527032769303,3.5363612686721546,54.40769950370503
2020-12-01,22201274,11998133,9808923,2189211,1571481,517003,5462050,5464628,757415,160321,1674448,755736,2116707,342119,1774588,-2578,3686612,1054478,3448060,17120641,70.07992866622226,20.13978331769237,9.780288016085379,29.92007133377775,79.86021668230764,54.04254278380601,44.18180235963035,9.860744928421676,15.530910523423115,7.542125735667241,16.605407419412057,4.749628332139858,1.5409881432930381,3.4040208683519695,54.04254278380601
2021-03-01,22666120,12099868,9888910,2210958,1601675,536797,5768348,5778488,736093,169695,1699759,754372,2418569,374329,2044240,-10140,3733026,1064878,3704400,17504027,69.12619593194184,21.163130061442434,9.710674006615735,30.873804068058167,78.83686993855757,53.38305806198856,43.62859633673518,9.754461725253373,16.343335339264065,7.499117625778034,16.469629561654134,4.698104483696372,1.6514913006725456,3.328192032866675,53.38305806198856
2021-06-01,23341793,12414481,10181261,2233220,1704535,846811,6254648,6268422,691178,186741,1848911,769971,2771620,452428,2319192,-13774,3814940,857724,3967082,18230474,68.09741205851257,21.760717795927853,10.141870145559572,31.902587941487425,78.23928220407215,53.18563573929389,43.61816163822548,9.567474101068415,16.995618117254317,7.921032458817538,16.343817289443017,3.6746277374664404,1.938274407625841,3.298679754378766,53.18563573929389
2021-09-01,23960834,12715652,10462419,2253232,1720511,690304,6301569,6312419,678337,201253,1870426,782632,2779772,486645,2293126,-10850,3913406,1030207,3955348,18541426,68.57968745230275,21.33249082352134,10.087821724175907,31.420312547697247,78.66750917647866,53.0684866812232,43.66466960206811,9.403812905677658,16.50755562181183,7.806180703059001,16.332511631272936,4.299545666899575,2.031001925892897,3.2662969911648316,53.0684866812232
2021-12-01,24782510,13048221,10772038,2276183,1773621,430375,6369262,6378224,686568,215005,1855551,799901,2821198,562100,2259098,-8962,4021781,1343246,3960572,18864344,69.16869730535024,20.995015782154947,9.83628691249481,30.831302694649757,79.00498421784505,52.650925995793,43.46629134821291,9.184634647580088,15.981319083498807,7.487340870638204,16.22830375131494,5.420137024054465,2.2681318397531163,3.227683555862582,52.650925995793
2022-03-01,25355538,13197429,10910487,2286941,1804925,151660,6353835,6359533,713901,222278,1835997,818606,2768751,584260,2184491,-5698,4151009,1653265,3939276,18972702,69.5600921787524,20.76286234823063,9.67704547301697,30.4399078212476,79.23713765176937,52.04949309298821,43.02999605056694,9.019493098509683,15.536156243263306,7.241009833828018,16.371212474371475,6.520330982525396,2.3042697812209703,3.228509684945356,52.04949309298821
2022-06-01,25911036,13312321,11013315,2299006,1843376,130091,6612524,6623330,716658,265038,1849479,860369,2931787,604585,2327202,-10806,4272906,1713285,4169267,19331067,68.86490538778848,21.567702393251235,9.567392218960288,31.135094612211525,78.43229760674876,51.37703100717393,42.504340621501974,8.872690385671959,16.0906997311879,7.137804138746131,16.490679878643217,6.612182546463986,2.3333107946745164,3.3204731759857076,51.37703100717393
2022-09-01,26428685,13630563,11297004,2333560,1851121,119079,6694060,6711641,670375,260808,1889057,887162,3004240,601046,2403194,-17582,4372020,1732042,4221539,19741159,69.04641718350985,21.384453668601726,9.569129147888429,30.953582816490158,78.61554633139828,51.57488161064389,42.74523685154975,8.829648542861667,15.973322168696626,7.147752527225626,16.542707289447055,6.553644269474626,2.274218335115803,3.3568147639581767,51.57488161064389
2022-12-01,26524802,13708554,11345619,2362935,1838466,111147,6655366,6685327,655005,263195,1901143,918289,2947695,612382,2335313,-29961,4433563,1727319,4171802,19781499,69.29987459494349,21.08941289029714,9.610712514759372,30.70012540505651,78.91058710970286,51.68202198078613,42.773623720169525,8.908398260616611,15.72792890216485,7.167416367518974,16.714782640036294,6.512090080823223,2.308714688991835,3.4620013374652148,51.68202198078613
2023-03-01,26980543,13908829,11499758,2409071,1844856,104042,6833079,6873168,680457,232914,1933796,965485,3060515,608088,2452427,-40089,4497821,1740814,4331283,20173908,68.94464374478163,21.469727134673164,9.585629120545212,31.055356255218374,78.53027286532684,51.5513308979734,42.62241126874281,8.92891962923059,16.05335741389638,7.167372428345864,16.670609631540774,6.452108840063004,2.2538019342309012,3.5784491068248703,51.5513308979734
2023-06-01,27229058,14113671,11662736,2450935,1844461,101998,6830154,6878239,670332,225391,1931691,998019,3052805,600896,2451909,-48084,4542770,1742463,4345651,20391013,69.21515375425439,21.31159937958943,9.473246866156183,30.784846245745612,78.68840062041058,51.83312254136739,42.831948134232185,9.001174407135201,15.959608297870606,7.094226322482401,16.683537124200182,6.39927756590037,2.206818906478513,3.665271857733749,51.83312254136739
2023-09-01,27615625,14355547,11857225,2498322,1865055,104241,6906500,6956474,607499,239978,1943090,1012853,3153053,612265,2540788,-49974,4592763,1760814,4401118,20699755,69.35128942347386,21.26169126156324,9.387019314962906,30.64871057652615,78.73830873843676,51.98342242842594,42.936652710195766,9.046769718230168,15.937057372411452,7.036197804684848,16.631030440194635,6.376151182528007,2.217096299649202,3.667680887178907,51.98342242842594
2023-12-01,28117423,14535463,11993860,2541603,1889680,98728,7141472,7190998,631230,256307,1959256,1033579,3310625,630791,2679835,-49526,4649537,1790952,4600951,21095670,68.90258996277436,21.80993066349635,9.287479373729301,31.09741003722565,78.19006933650365,51.695573239411026,42.65632735972994,9.03924587968108,16.363345246824363,6.968120798268035,16.536142021265604,6.369545317150864,2.243416830909433,3.6759378695551153,51.695573239411026
2024-03-01,28468437,14760769,12170615,2590154,1921710,95709,7186930,7234810,636902,302227,1982888,1069014,3243778,661603,2582175,-47880,4694737,1826001,4590318,21333975,69.1890236113992,21.516468449972404,9.294507938628408,30.81097638860081,78.48353155002759,51.84959399070627,42.751258174096456,9.098335816609813,16.124236114543276,6.965215547309464,16.49102477947771,6.4141245267522065,2.323987790408023,3.7550849735796876,51.84959399070627
2024-06-01,28861120,14965578,12339054,2626524,1943205,93717,7283935,7331512,623005,282196,2013245,1069665,3343401,682519,2660882,-47577,4762119,1849488,4635748,21614571,69.23837627866868,21.44732828608997,9.314295435241347,30.76162372133132,78.55267171391003,51.853767282766576,42.753205696799014,9.100561585967558,16.062259538091382,6.975630190373763,16.500118498519807,6.408233637502633,2.3648389251699173,3.7062490991340598,51.853767282766576
2024-09-01,29117284,15138339,12481008,2657331,1965861,92815,7271763,7317932,578888,287438,2031727,1077265,3342615,677236,2665379,-46169,4834135,1873046,4608970,21779036,69.50876521807486,21.16241508577331,9.328819696151841,30.49123478192515,78.8375849142267,51.99090340980979,42.864602344092255,9.12630106571753,15.828983225221144,6.9777352860246165,16.602286806695293,6.432763440436271,2.325890010895247,3.699744110748791,51.99090340980979
2024-12-01,29560027,15331807,12649290,2682517,1987964,94717,7439167,7487380,605559,273859,2064460,1096651,3446851,700007,2746844,-48212,4895805,1893247,4722913,22119180,69.31453607231371,21.35211612727054,9.333347800415748,30.68546392768629,78.64788387272947,51.86668807846488,42.79187566371303,9.074812414751854,15.977363620134717,6.983958438197638,16.562248065605623,6.40475396047507,2.368086470286377,3.7099120376310886,51.86668807846488
2025-03-01,29895650,15533625,12811427,2722198,2014357,107697,7512182,7560504,628483,276116,2103269,1115588,3437048,670431,2766617,-48322,4943183,1906660,4786804,22423698,69.27325278818864,21.34707665078258,9.379670561028783,30.72674721181136,78.65292334921742,51.95948239961332,42.853816525146634,9.105665874466686,16.01170738886761,7.035368021769053,16.53479017850423,6.377717159519864,2.242570407400408,3.73160643772589,51.95948239961332
2025-06-01,30244878,15633343,12883031,2750312,2203114,119970,7533589,7586019,629204,274248,2105150,1119216,3458201,670256,2787945,-52430,4994803,2083144,4810613,22549106,69.33021202703114,21.3339411327438,9.335846840225063,30.669787972968862,78.6660588672562,51.68922486643854,42.595744641456314,9.093480224982226,15.90554605642648,6.960352096642612,16.514541734967487,6.887592669410007,2.216097548814712,3.7005141829304122,51.68922486643854
2025-09-01,30789434,15859761,13072222,2787539,2289609,124163,7652120,7704951,598325,293394,2117675,1112239,3583317,693569,2889748,-52832,5112107,2165446,4893706,22871142,69.34398378533088,21.396858976259253,9.25915723840987,30.656016214669123,78.60314102374075,51.510401262978725,42.45684412386405,9.053557139114671,15.894108348987514,6.877927668303354,16.60344584444131,7.033081543493135,2.2526201683343707,3.6124048269286146,51.510401262978725
2025-12-01,31199940,15971853,13158885,2812968,2348021,96603,7766589,7823191,589883,286013,2111332,1110995,3724969,746427,2978542,-56602,5210081,2251418,4965433,23048618,69.29635867972648,21.54330034017658,9.160340980096942,30.70364132027352,78.45669965982343,51.19193498449035,42.17599456922033,9.015940415270029,15.914879964512751,6.767102757248892,16.699009677582712,7.216097210443354,2.3923988315362146,3.560888258118445,51.19193498449035
2026-03-01,31574222,16103887,13267596,2836291,2357112,134579,7970304,8030095,620503,279524,2138045,1127650,3864373,802767,3061606,-59791,5277498,2222533,5089283,23331215,69.02292486696471,21.813193183466872,9.163881949568422,30.977075133035292,78.18680681653314,51.003274126596054,42.02034178387673,8.982932342719323,16.1184747481664,6.771489096390087,16.71457811375368,7.039074470306822,2.5424759476258827,3.571426082960967,51.003274126596054
2026-06-01,32245142,16245811,13386754,2859057,2372429,128363,8375649,8440658,619876,268914,2158708,1147549,4245610,905944,3339666,-65009,5379616,2244066,5376005,23780524,68.31561407141407,22.606755847768536,9.077630080817395,31.68438592858593,77.39324415223146,50.38219710739683,41.515568453691415,8.866628653705417,16.672294387787158,6.694676674086286,16.683492973918366,6.959392518724216,2.8095519008723855,3.5588275592025616,50.38219710739683
